app_id,title,price,original_price,discount,rating,review_count,release_date,developer,genre,tags,os_support,scraped_at,cluster,segment,log_reviews
799640,Dungeon Munchies,8.19,8.19,0,Very Positive,910.0,"27 Jul, 2022",maJAJa,Action,"Indie, Action, Pixel Graphics, Adventure, Funny","Windows, Mac",2026-09-01T15:15:29.157186,1,Popular Mid-Range,6.814542897259958
2056220,Bloody Hell,0.0,0.0,0,Overwhelmingly Positive,3592.0,"27 Jan, 2023",Pun Intended,Action,"Bullet Hell, Metroidvania, Pixel Graphics, Indie, Twin Stick Shooter",Windows,2026-09-01T15:15:29.173217,0,Free-to-Play Powerhouses,8.186742787113518
2950790,IRON NEST: Heavy Turret Simulator,7.99,7.99,0,Overwhelmingly Positive,7018.0,"6 Aug, 2026",Nick Nieuwoudt,Action,"Military, Simulation, Realistic, 3D, War",Windows,2026-09-01T15:15:29.198515,1,Popular Mid-Range,8.856376036730422
3195790,White Knuckle,9.55,9.55,0,Overwhelmingly Positive,9448.0,"17 Apr, 2025",Dark Machine Games,Action,"Early Access, Parkour, Horror, First-Person, Roguelike",Windows,2026-09-01T15:15:29.209764,1,Popular Mid-Range,9.153664194782626
851100,Touhou Luna Nights,7.79,7.79,0,Overwhelmingly Positive,4756.0,"25 Feb, 2019",Team Ladybug,Action,"Metroidvania, Difficult, Side Scroller, Bullet Hell, Exploration",Windows,2026-09-01T15:15:29.858215,1,Popular Mid-Range,8.467372496432281
2667430,Grimhook,0.0,0.0,0,Overwhelmingly Positive,3520.0,"8 Dec, 2023",Unlimited Fries,Action,"Action, Adventure, First-Person, Action-Adventure, Platformer",Windows,2026-09-01T15:15:29.874899,0,Free-to-Play Powerhouses,8.166500319155052
674140,Bugsnax,3.39,3.39,0,Overwhelmingly Positive,6877.0,"28 Apr, 2022",Young Horses,Action,"Creature Collector, Adventure, Singleplayer, Story Rich, LGBTQ+","Windows, Mac",2026-09-01T15:15:29.892938,0,Free-to-Play Powerhouses,8.83608319099221
1806040,Snake Force,0.0,0.0,0,Very Positive,1145.0,"18 Nov, 2021",Team Soda,Action,"Action, Free to Play, Shooter, Top-Down Shooter, 3D","Windows, Mac",2026-09-01T15:15:29.902297,0,Free-to-Play Powerhouses,7.044032897274685
1967430,Ghost Trick: Phantom Detective,20.69299999999982,20.69299999999982,0,Overwhelmingly Positive,2098.0,"29 Jun, 2023","CAPCOM Co., Ltd.",Action,"Puzzle, Adventure, Mystery, Story Rich, Detective",Windows,2026-09-01T15:15:29.918674,5,Premium Blockbusters,7.649216319820633
3243190,Psychopomp GOLD,4.99,4.99,0,Overwhelmingly Positive,3178.0,"24 Oct, 2024",Fading Club,Action,"Psychological Horror, Surreal, Atmospheric, Female Protagonist, Dungeon Crawler",Windows,2026-09-01T15:15:29.937676,1,Popular Mid-Range,8.064321960910803
1876590,I Am Your Beast,5.32,5.32,0,Overwhelmingly Positive,4492.0,"10 Sep, 2024",Strange Scaffold,Action,"Gore, FPS, Fast-Paced, Boomer Shooter, Singleplayer",Windows,2026-09-01T15:15:29.943926,1,Popular Mid-Range,8.41027590907016
2512840,DORONKO WANKO,0.0,0.0,0,Overwhelmingly Positive,3068.0,"26 Mar, 2024",Bandai Namco Studios Inc.,Action,"Dogs, Free to Play, Cute, Casual, Relaxing",Windows,2026-09-01T15:15:29.958297,0,Free-to-Play Powerhouses,8.029107054619736
206190,Gunpoint,5.49,5.49,0,Overwhelmingly Positive,8236.0,"3 Jun, 2013",Suspicious Developments,Action,"Stealth, Indie, Puzzle, 2D, Pixel Graphics","Windows, Mac, Linux",2026-09-01T15:15:30.006114,1,Popular Mid-Range,9.016391478941248
2132850,Rabbit and Steel,6.99,6.99,0,Overwhelmingly Positive,7315.0,"9 May, 2024",mino_dev,Action,"Co-op, Bullet Hell, Action Roguelike, Cute, Roguelike",Windows,2026-09-01T15:15:30.021832,1,Popular Mid-Range,8.897819009510757
1285670,Post Void,1.89,1.89,0,Overwhelmingly Positive,7976.0,"6 Aug, 2020",YCJY Games,Action,"FPS, Psychedelic, Fast-Paced, Action Roguelike, Difficult",Windows,2026-09-01T15:15:30.041513,0,Free-to-Play Powerhouses,8.984317679911129
351640,Eternal Senia,0.0,0.0,0,Overwhelmingly Positive,5190.0,"18 Jun, 2015",Sanctum Games,Action,"Anime, Free to Play, RPG, Female Protagonist, Singleplayer",Windows,2026-09-01T15:15:30.053452,0,Free-to-Play Powerhouses,8.55468163582723
1817230,Hi-Fi RUSH,17.99,17.99,0,Overwhelmingly Positive,16239.0,"25 Jan, 2023",Tango Gameworks,Action,"Rhythm, Action, Hack and Slash, Great Soundtrack, Singleplayer",Windows,2026-09-01T15:15:30.069164,5,Premium Blockbusters,9.69523261371567
774801,Crab Champions,5.49,5.49,0,Overwhelmingly Positive,22934.0,"1 Apr, 2023",Noisestorm,Action,"Early Access, Action Roguelike, Multiplayer, Looter Shooter, Soundtrack",Windows,2026-09-01T15:15:30.084784,1,Popular Mid-Range,10.040419407031273
1275890,Baldi's Basics Plus,5.49,5.49,0,Overwhelmingly Positive,7513.0,"11 Jun, 2020",Basically Games,Action,"Roguelike, Horror, Stealth, Procedural Generation, Funny","Windows, Mac, Linux",2026-09-01T15:15:30.100119,1,Popular Mid-Range,8.924523226133914
1211020,Wobbly Life,8.49,8.49,0,Overwhelmingly Positive,17935.0,"18 Sep, 2025",RubberBandGames,Action,"Adventure, Multiplayer, Open World, Sandbox, Simulation",Windows,2026-09-01T15:15:30.115827,1,Popular Mid-Range,9.79456514531194
250320,The Wolf Among Us,6.99,6.99,0,Overwhelmingly Positive,19094.0,"11 Oct, 2013",Telltale,Action,"Adventure, Story Rich, Detective, Multiple Endings, Choices Matter",Windows,2026-09-01T15:15:30.131457,1,Popular Mid-Range,9.857181799659617
1562700,SANABI,6.99,6.99,0,Overwhelmingly Positive,4737.0,"8 Nov, 2023",WONDER POTION,Action,"Pixel Graphics, Story Rich, Action, Cyberpunk, 2D Platformer",Windows,2026-09-01T15:15:30.157366,1,Popular Mid-Range,8.463370384718731
1715460,Touhou Hero of Ice Fairy: Prologue,0.0,0.0,0,Very Positive,431.0,"17 Dec, 2021",GAMEPULSE 游戏脉冲,Action,"Bullet Hell, Action, Shooter, JRPG, Action-Adventure",Windows,2026-09-01T15:15:30.705315,2,Free-to-Play Powerhouses (2),6.068425588244111
3279120,Arisen Force: Life Devotee - Initial Ver.,0.0,0.0,0,Overwhelmingly Positive,2713.0,"24 Nov, 2024",Lemport,Action,"Action, Action RPG, Beat 'em up, Free to Play, Souls-like",Windows,2026-09-01T15:15:32.615992,0,Free-to-Play Powerhouses,7.906178840394815
2236070,Peaks of Yore,7.99,7.99,0,Overwhelmingly Positive,3312.0,"26 Oct, 2023",Anders Grube Jensen,Action,"Difficult, Physics, Psychological Horror, Adventure, Platformer",Windows,2026-09-01T15:15:32.647326,1,Popular Mid-Range,8.105609402299896
2441700,UNDERDOGS,10.49,10.49,0,Overwhelmingly Positive,2118.0,"25 Jan, 2024",One Hamsa,Action,"VR, Action-Adventure, Physics, Sandbox, Action",Windows,2026-09-01T15:15:32.662951,1,Popular Mid-Range,7.6586995582682995
1634860,Minishoot' Adventures,6.1,6.1,0,Overwhelmingly Positive,4078.0,"2 Apr, 2024",SoulGame Studio,Action,"Twin Stick Shooter, Bullet Hell, Metroidvania, Exploration, Top-Down","Windows, Mac",2026-09-01T15:15:32.678601,1,Popular Mid-Range,8.313607139317558
4450800,Idols of Ash,2.19,2.19,0,Overwhelmingly Positive,2391.0,"9 Apr, 2026",Leafy Games,Action,"Horror, Atmospheric, Parkour, Dark Fantasy, First-Person","Windows, Mac, Linux",2026-09-01T15:15:32.694217,0,Free-to-Play Powerhouses,7.779885115070522
407900,Princess Remedy in a World of Hurt,0.0,0.0,0,Overwhelmingly Positive,2157.0,"1 Jan, 2016",Ludosity,Action,"Indie, Female Protagonist, Free to Play, Pixel Graphics, Retro",Windows,2026-09-01T15:15:32.709991,0,Free-to-Play Powerhouses,7.67693714581808
1935660,Chop Goblins,2.99,2.99,0,Overwhelmingly Positive,2479.0,"12 Dec, 2022",David Szymanski,Action,"Boomer Shooter, FPS, Old School, Funny, Fast-Paced",Windows,2026-09-01T15:15:32.725709,0,Free-to-Play Powerhouses,7.8160138391590275
1599020,Tinykin,8.49,8.49,0,Overwhelmingly Positive,1367.0,"30 Aug, 2022",Splashteam,Action,"3D Platformer, Cute, Cartoony, Action-Adventure, Family Friendly",Windows,2026-09-01T15:15:32.741333,1,Popular Mid-Range,7.221105098182496
1511860,Swallow the Sea,0.0,0.0,0,Overwhelmingly Positive,1625.0,"3 Sep, 2021",Talia bob Mair,Action,"Action, Free to Play, Adventure, Exploration, 2D","Windows, Linux",2026-09-01T15:15:32.860527,0,Free-to-Play Powerhouses,7.3938782901077555
1115050,Will You Snail?,5.89,5.89,0,Overwhelmingly Positive,2003.0,"9 Mar, 2022",Jonas Tyroller,Action,"Difficult, Artificial Intelligence, Precision Platformer, Story Rich, Funny",Windows,2026-09-01T15:15:32.882987,1,Popular Mid-Range,7.602900462204755
3390,Feeding Frenzy 2 Deluxe,4.99,4.99,0,Overwhelmingly Positive,1227.0,"30 Aug, 2006","PopCap Games, Inc.",Action,"Casual, Singleplayer, Arcade, Underwater, Nostalgia",Windows,2026-09-01T15:15:32.899496,1,Popular Mid-Range,7.113142108707088
1178030,Star Fetchers,0.0,0.0,0,Overwhelmingly Positive,5991.0,"17 Jan, 2020",Svavelstickan,Action,"Indie, Action, Free to Play, Adventure, Great Soundtrack",Windows,2026-09-01T15:15:33.874776,0,Free-to-Play Powerhouses,8.698180525197055
3191050,BRAZILIAN DRUG DEALER 3: I OPENED A PORTAL TO HELL IN THE FAVELA TRYING TO REVIVE MIT AIA I NEED TO CLOSE IT,2.99,2.99,0,Overwhelmingly Positive,4929.0,"17 Sep, 2025",Joeveno,Action,"Boomer Shooter, FPS, Arena Shooter, Shooter, PvP",Windows,2026-09-01T15:15:33.908183,0,Free-to-Play Powerhouses,8.503094267036737
1079260,Fireworks Mania - An Explosive Simulator,6.99,6.99,0,Overwhelmingly Positive,2935.0,"17 Dec, 2020",Laumania ApS,Action,"Sandbox, Multiplayer, Singleplayer, Building, Exploration",Windows,2026-09-01T15:15:33.924857,1,Popular Mid-Range,7.984803389734406
1800730,I MAED A GAM3 W1TH Z0MB1ES 1N IT!!!1,0.0,0.0,0,Overwhelmingly Positive,1831.0,"11 Nov, 2021",Ska Studios,Action,"Zombies, Twin Stick Shooter, Top-Down Shooter, Top-Down, Controller","Windows, Linux",2026-09-01T15:15:33.940559,0,Free-to-Play Powerhouses,7.513163545234075
1955830,Touhou Hero of Ice Fairy,4.49,4.49,0,Overwhelmingly Positive,1245.0,"3 Apr, 2024",GAMEPULSE 游戏脉冲,Action,"Bullet Hell, Anime, Female Protagonist, Side Scroller, Roguelite",Windows,2026-09-01T15:15:34.263312,0,Free-to-Play Powerhouses,7.1276936993473985
1996010,Crow Country,4.09,4.09,0,Overwhelmingly Positive,5753.0,"9 May, 2024",SFB Games,Action,"Survival Horror, 1990's, Exploration, Female Protagonist, Horror",Windows,2026-09-01T15:15:34.278937,0,Free-to-Play Powerhouses,8.657650544111494
411960,TY the Tasmanian Tiger,3.49,3.49,0,Overwhelmingly Positive,2316.0,"12 Dec, 2016",Krome Studios,Action,"3D Platformer, Collectathon, Platformer, Action, Adventure",Windows,2026-09-01T15:15:34.294568,0,Free-to-Play Powerhouses,7.748028524432376
3272300,Yasuke Simulator,6.99,6.99,0,Overwhelmingly Positive,1924.0,"20 Mar, 2025",HistoryAccurateDevelopers,Action,"Historical, Story Rich, Realistic, Ninja, Action-Adventure",Windows,2026-09-01T15:15:34.316156,1,Popular Mid-Range,7.562681246721884
965680,Boomerang Fu,8.55,8.55,0,Overwhelmingly Positive,1797.0,"13 Aug, 2020",Cranky Watermelon,Action,"4 Player Local, Local Multiplayer, Party Game, Family Friendly, Fighting",Windows,2026-09-01T15:15:34.326736,1,Popular Mid-Range,7.494430215031565
3580580,Jacksmith: Weapons and Warriors,3.49,3.49,0,Overwhelmingly Positive,1877.0,"13 May, 2025",Flipline Studios,Action,"Crafting, Time Management, Medieval, Strategy, Action",Windows,2026-09-01T15:15:34.341539,0,Free-to-Play Powerhouses,7.537962659768208
2050650,Resident Evil 4,20.69299999999982,20.69299999999982,0,Overwhelmingly Positive,40274.09999999998,"24 Jan, 2019","CAPCOM Co., Ltd.",Action,"Horror, Action, Third-Person Shooter, Survival Horror, Singleplayer",Windows,2026-09-01T15:15:34.373131,5,Premium Blockbusters,10.603488690971949
2870350,Pipistrello and the Cursed Yoyo,8.19,8.19,0,Overwhelmingly Positive,1972.0,"28 May, 2025",Pocket Trap,Action,"Top-Down, Action-Adventure, Exploration, Pixel Graphics, Retro",Windows,2026-09-01T15:15:34.388849,1,Popular Mid-Range,7.587310506022615
2433730,Unsorted Horror,0.0,0.0,0,Overwhelmingly Positive,2213.0,"1 Aug, 2023",Mike Klubnika,Action,"Atmospheric, Psychological Horror, Simulation, First-Person, Action",Windows,2026-09-01T15:15:34.424740,0,Free-to-Play Powerhouses,7.7025561132685825
1710100,Bing in Wonderland,2.49,2.49,0,Overwhelmingly Positive,2019.0,"12 Jan, 2023",Wanba Studio,Action,"Casual, 2D Platformer, Hand-drawn, Cartoony, Cute",Windows,2026-09-01T15:15:34.436823,0,Free-to-Play Powerhouses,7.61085279039525
2111190,MULLET MADJACK,8.19,8.19,0,Overwhelmingly Positive,4765.0,"15 May, 2024",HAMMER95,Action,"FPS, Boomer Shooter, Fast-Paced, Arcade, Action",Windows,2026-09-01T15:15:34.452541,1,Popular Mid-Range,8.469262657658687
615120,COMPOUND,8.19,8.19,0,Overwhelmingly Positive,1854.0,"19 Jul, 2022",Bevan McKechnie,Action,"Action, Roguelite, VR, Indie, Retro",Windows,2026-09-01T15:15:34.468159,1,Popular Mid-Range,7.5256399750415355
2764460,Sandustry,5.99,5.99,0,Overwhelmingly Positive,2608.0,"13 Aug, 2026",Lantto Games,Action,"Sandbox, Crafting, Automation, Open World, Open World Survival Craft","Windows, Mac, Linux",2026-09-01T15:15:34.499635,1,Popular Mid-Range,7.866722285136729
450540,"Hot Dogs, Horseshoes & Hand Grenades",19.99,19.99,0,Overwhelmingly Positive,19690.0,"4 Jul, 2026",RUST LTD.,Action,"Sandbox, VR, Shooter, Physics, FPS",Windows,2026-09-01T15:15:34.516850,5,Premium Blockbusters,9.88791695754517
1684930,CULTIC,5.49,5.49,0,Overwhelmingly Positive,6317.0,"13 Oct, 2022",Jasozz Games,Action,"Boomer Shooter, FPS, Shooter, Old School, Action",Windows,2026-09-01T15:15:34.531371,1,Popular Mid-Range,8.75115798136203
1058830,Spin Rhythm XD,8.49,8.49,0,Overwhelmingly Positive,2404.0,"14 Mar, 2023",Super Spin Digital,Action,"Rhythm, Music, Casual, Indie, Difficult","Windows, Mac, Linux",2026-09-01T15:15:34.558226,1,Popular Mid-Range,7.785305182539862
251290,The Legend of Heroes: Trails in the Sky SC,20.69299999999982,20.69299999999982,0,Overwhelmingly Positive,2743.0,"29 Oct, 2015",Nihon Falcom,Action,"JRPG, Story Rich, RPG, Great Soundtrack, Anime",Windows,2026-09-01T15:15:34.573932,5,Premium Blockbusters,7.917171988845776
1722570,Jerma's Big Adventure,0.0,0.0,0,Overwhelmingly Positive,1388.0,"27 Aug, 2021",worblir,Action,"Comedy, 2D Platformer, Dinosaurs, Baseball, Hack and Slash",Windows,2026-09-01T15:15:36.552366,0,Free-to-Play Powerhouses,7.236339342754344
2642890,KunKunNight,1.29,1.29,0,Overwhelmingly Positive,1441.0,"3 Nov, 2023",EMSRoy,Action,"Sexual Content, Dating Sim, Cute, Nudity, FPS",Windows,2026-09-01T15:15:36.568083,0,Free-to-Play Powerhouses,7.273786317844895
1379870,Tribal Hunter,6.99,6.99,0,Overwhelmingly Positive,1393.0,"21 Aug, 2022",Melonsoda Soft,Action,"2D Platformer, Action, Action-Adventure, Platformer, Casual",Windows,2026-09-01T15:15:36.591500,1,Popular Mid-Range,7.2399325913204695
3832630,Wheelchair Wizards,0.0,0.0,0,Overwhelmingly Positive,1292.0,"30 Jul, 2025",chromatophore games,Action,"PvP, Magic, Funny, 2D, Roguelike","Windows, Mac",2026-09-01T15:15:36.612301,0,Free-to-Play Powerhouses,7.164720378771857
1931020,Slayers X: Terminal Aftermath: Vengance of the Slayer,16.99,16.99,0,Overwhelmingly Positive,1285.0,"1 Jun, 2023",Big Z Studios Inc.,Action,"Retro, 1990's, Shooter, FPS, Boomer Shooter",Windows,2026-09-01T15:15:36.639368,5,Premium Blockbusters,7.1592919047975645
3205380,Omelet You Cook,5.59,5.59,0,Overwhelmingly Positive,1518.0,"8 Feb, 2026",Dan Schumacher,Action,"Roguelike Deckbuilder, Cooking, Physics, Replay Value, Roguelite",Windows,2026-09-01T15:15:36.670751,1,Popular Mid-Range,7.325807502595773
3741860,Vital Shell,2.79,2.79,0,Overwhelmingly Positive,1696.0,"7 Jan, 2026",MarvinWizard,Action,"Mechs, Action Roguelike, Roguelite, Bullet Heaven, Bullet Hell","Windows, Linux",2026-09-01T15:15:36.689599,0,Free-to-Play Powerhouses,7.436617265234227
1566410,Touhou Kouryudou ~ Unconnected Marketeers.,6.99,6.99,0,Overwhelmingly Positive,1753.0,"3 May, 2021",上海アリス幻樂団,Action,"Bullet Hell, Shoot 'Em Up, Action, Faith, Great Soundtrack",Windows,2026-09-01T15:15:36.702698,1,Popular Mid-Range,7.469654172932128
3817250,"CICADAMATA""",6.29,6.29,0,Overwhelmingly Positive,1187.0,"21 Aug, 2026",✿ flowergarden,Action,"Action, First-Person, 3D Platformer, Fast-Paced, Cyberpunk",Windows,2026-09-01T15:15:36.797461,1,Popular Mid-Range,7.080026499922591
3045200,Beatblock,5.59,5.59,0,Overwhelmingly Positive,1181.0,"26 Sep, 2025",BubbleTabby,Action,"Early Access, Rhythm, Music, Arcade, Level Editor","Windows, Mac, Linux",2026-09-01T15:15:36.828760,1,Popular Mid-Range,7.074963197966044
3723470,Far Fishing,1.89,1.89,0,Overwhelmingly Positive,1124.0,"26 Jun, 2025",LostVolBytes,Action,"Fishing, Incremental, Arcade, Casual, Relaxing",Windows,2026-09-01T15:15:36.844527,0,Free-to-Play Powerhouses,7.025538314638521
1071130,The Procession to Calvary,0.89,0.89,0,Overwhelmingly Positive,1217.0,"9 Apr, 2020",Joe Richardson,Action,"Dark Comedy, Medieval, Funny, Point & Click, Surreal","Windows, Mac, Linux",2026-09-01T15:15:37.549343,0,Free-to-Play Powerhouses,7.1049654482698426
1079160,Touhou Kikeijuu ~ Wily Beast and Weakest Creature.,6.99,6.99,0,Overwhelmingly Positive,1024.0,"9 Sep, 2019",上海アリス幻樂団,Action,"Indie, Bullet Hell, Great Soundtrack, Shoot 'Em Up, Faith",Windows,2026-09-01T15:15:37.564885,1,Popular Mid-Range,6.932447891572509
1240210,There Is No Game: Wrong Dimension,6.49,6.49,0,Overwhelmingly Positive,9668.0,"6 Aug, 2020",Draw Me A Pixel,Action,"Indie, Puzzle, Point & Click, Adventure, Pixel Graphics","Windows, Mac",2026-09-01T15:15:37.580511,1,Popular Mid-Range,9.176680170483548
1043340,No Time,6.49,6.49,0,Overwhelmingly Positive,1540.0,"14 Apr, 2019",Lost in Days Studio,Action,"Time Travel, Time Manipulation, Sandbox, Flight, Crafting","Windows, Linux",2026-09-01T15:15:38.436871,1,Popular Mid-Range,7.340186835320115
548430,Deep Rock Galactic,10.49,10.49,0,Overwhelmingly Positive,40274.09999999998,"13 May, 2020",Ghost Ship Games,Action,"Dwarves, Co-op, PvE, FPS, Procedural Generation",Windows,2026-09-01T15:15:38.474704,1,Popular Mid-Range,10.603488690971949
264710,Subnautica,4.99,4.99,0,Overwhelmingly Positive,40274.09999999998,"23 Jan, 2018",Unknown Worlds Entertainment,Action,"Open World Survival Craft, Survival, Horror, Underwater, Open World","Windows, Mac",2026-09-01T15:15:38.484299,1,Popular Mid-Range,10.603488690971949
1229490,ULTRAKILL,6.35,6.35,0,Overwhelmingly Positive,40274.09999999998,"3 Sep, 2020","Arsi ""Hakita"" Patala",Action,"Fast-Paced, Gore, FPS, Boomer Shooter, Character Action Game",Windows,2026-09-01T15:15:38.516650,1,Popular Mid-Range,10.603488690971949
220,Half-Life 2,5.49,5.49,0,Overwhelmingly Positive,40274.09999999998,"10 Oct, 2007",Valve,Action,"FPS, Action, Sci-fi, Classic, Singleplayer","Windows, Linux",2026-09-01T15:15:38.546715,1,Popular Mid-Range,10.603488690971949
312530,Duck Game,7.0,7.0,0,Overwhelmingly Positive,11062.0,"4 Jun, 2015",Landon Podbielski,Action,"Multiplayer, Funny, Local Multiplayer, Pixel Graphics, Action",Windows,2026-09-01T15:15:38.562332,1,Popular Mid-Range,9.311361486034912
207610,The Walking Dead,6.99,6.99,0,Overwhelmingly Positive,24923.0,"24 Apr, 2012",Telltale Games,Action,"Zombies, Story Rich, Adventure, Point & Click, Episodic","Windows, Mac",2026-09-01T15:15:38.577951,1,Popular Mid-Range,10.123586473664112
488860,MADNESS: Project Nexus,8.49,8.49,0,Overwhelmingly Positive,9351.0,"29 Sep, 2021","GIBBING TREE, LLC",Action,"Gore, Beat 'em up, Shooter, Hack and Slash, Arena Shooter",Windows,2026-09-01T15:15:38.593584,1,Popular Mid-Range,9.143345503151904
1390350,Webbed,5.49,5.49,0,Overwhelmingly Positive,7170.0,"9 Sep, 2021",Sbug Games,Action,"2D Platformer, Cute, Pixel Graphics, Physics, Puzzle Platformer",Windows,2026-09-01T15:15:38.609198,1,Popular Mid-Range,8.877800393882575
253230,A Hat in Time,14.99,14.99,0,Overwhelmingly Positive,29286.0,"5 Oct, 2017",Gears for Breakfast,Action,"Cute, 3D Platformer, Collectathon, Great Soundtrack, Funny",Windows,2026-09-01T15:15:38.641351,5,Premium Blockbusters,10.284899010540572
3265060,Touhou Dystopian,5.49,5.49,0,Overwhelmingly Positive,545.0,"17 Oct, 2025",Kay Lnk,Action,"Action Roguelike, Female Protagonist, Action, Roguelite, 3D",Windows,2026-09-01T15:15:38.657058,3,Niche / Emerging Titles,6.302618975744905
521200,Epic Battle Fantasy 3,0.0,0.0,0,Overwhelmingly Positive,1613.0,"1 Sep, 2016",Matt Roszak,Action,"JRPG, Funny, RPG, Comedy, Free to Play",Windows,2026-09-01T15:15:38.674593,0,Free-to-Play Powerhouses,7.3864708488298945
995460,Miracle Snack Shop,5.49,5.49,0,Overwhelmingly Positive,2152.0,"25 Dec, 2018","TALESSHOP Co., Ltd.",Action,"Dating Sim, Visual Novel, Sexual Content, Anime, Simulation",Windows,2026-09-01T15:15:38.699620,1,Popular Mid-Range,7.674617497364363
238460,BattleBlock Theater®,11.05,11.05,0,Overwhelmingly Positive,23626.0,"15 May, 2014",The Behemoth,Action,"Co-op, Platformer, Funny, Comedy, Level Editor","Windows, Mac",2026-09-01T15:15:38.732004,1,Popular Mid-Range,10.070145404863476
213670,South Park™: The Stick of Truth™,20.69299999999982,20.69299999999982,0,Overwhelmingly Positive,30714.0,"5 Mar, 2014",Obsidian Entertainment,Action,"RPG, Comedy, Adventure, Funny, Dark Humor",Windows,2026-09-01T15:15:38.738003,5,Premium Blockbusters,10.332506413598027
304430,INSIDE,10.99,10.99,0,Overwhelmingly Positive,24311.0,"7 Jul, 2016",Playdead,Action,"2.5D, Puzzle Platformer, Atmospheric, Dark, Horror",Windows,2026-09-01T15:15:40.922100,1,Popular Mid-Range,10.09872533459663
205100,Dishonored,9.99,9.99,0,Overwhelmingly Positive,39653.0,"9 Oct, 2012",Arkane Studios,Action,"Stealth, First-Person, Assassins, Action, Steampunk",Windows,2026-09-01T15:15:40.941110,1,Popular Mid-Range,10.587947104698507
460950,Katana ZERO,6.99,6.99,0,Overwhelmingly Positive,22719.0,"18 Apr, 2019",Askiisoft,Action,"Pixel Graphics, Action, Great Soundtrack, Story Rich, Platformer","Windows, Mac",2026-09-01T15:15:40.953626,1,Popular Mid-Range,10.031000872835088
2001120,Split Fiction,20.69299999999982,20.69299999999982,0,Overwhelmingly Positive,23674.0,"6 Mar, 2025",Hazelight Studios,Action,"Co-op, Split Screen, Local Co-Op, Female Protagonist, Online Co-Op",Windows,2026-09-01T15:15:40.969253,5,Premium Blockbusters,10.072174918054278
1966720,Lethal Company,5.49,5.49,0,Overwhelmingly Positive,40274.09999999998,"23 Oct, 2023",Zeekerss,Action,"Online Co-Op, Horror, First-Person, Co-op, Survival Horror",Windows,2026-09-01T15:15:41.017970,1,Popular Mid-Range,10.603488690971949
312990,The Expendabros,0.0,0.0,0,Overwhelmingly Positive,7127.0,"5 Aug, 2014",Free Lives,Action,"Free to Play, Action, Pixel Graphics, 2D, Multiplayer","Windows, Mac",2026-09-01T15:15:41.026304,0,Free-to-Play Powerhouses,8.871785969150645
424280,Iron Snout,0.0,0.0,0,Overwhelmingly Positive,6733.0,"27 Jan, 2016",SnoutUp,Action,"Free to Play, 2D Fighter, Action, Gore, Funny","Windows, Mac, Linux",2026-09-01T15:15:41.042006,0,Free-to-Play Powerhouses,8.814924599721019
221640,Super Hexagon,1.89,1.89,0,Overwhelmingly Positive,12142.0,"27 Nov, 2012",Terry Cavanagh,Action,"Difficult, Great Soundtrack, Indie, Fast-Paced, Arcade","Windows, Mac, Linux",2026-09-01T15:15:41.458083,0,Free-to-Play Powerhouses,9.404508151053818
504230,Celeste,2.37,2.37,0,Overwhelmingly Positive,40274.09999999998,"25 Jan, 2018",Maddy Makes Games Inc.,Action,"Precision Platformer, Difficult, Pixel Graphics, Great Soundtrack, Indie","Windows, Mac, Linux",2026-09-01T15:15:41.485890,0,Free-to-Play Powerhouses,10.603488690971949
519860,DUSK,7.99,7.99,0,Overwhelmingly Positive,17000.0,"10 Dec, 2018",David Szymanski,Action,"Boomer Shooter, FPS, Retro, Shooter, Fast-Paced","Windows, Mac, Linux",2026-09-01T15:15:41.501882,1,Popular Mid-Range,9.741027444837728
883710,Resident Evil 2,20.69299999999982,20.69299999999982,0,Overwhelmingly Positive,40274.09999999998,"24 Jan, 2019","CAPCOM Co., Ltd.",Action,"Zombies, Survival Horror, Horror, Singleplayer, Remake",Windows,2026-09-01T15:15:42.338797,5,Premium Blockbusters,10.603488690971949
1332010,Stray,6.99,6.99,0,Overwhelmingly Positive,40274.09999999998,"19 Jul, 2022",BlueTwelve Studio,Action,"Cats, Adventure, Atmospheric, Singleplayer, Cyberpunk","Windows, Mac",2026-09-01T15:15:42.855266,1,Popular Mid-Range,10.603488690971949
2505570,Burger Shop 3,1.09,1.09,0,Overwhelmingly Positive,597.0,"19 Sep, 2023",GoBit Games,Action,"Casual, Cooking, Time Management, Family Friendly, Sequel","Windows, Mac",2026-09-01T15:15:42.868360,2,Free-to-Play Powerhouses (2),6.393590753950631
1264520,Vibrant Venture,8.55,8.55,0,Overwhelmingly Positive,575.0,"24 Jul, 2020",Semag Games,Action,"Platformer, Adventure, Side Scroller, 2D Platformer, Puzzle Platformer","Windows, Mac, Linux",2026-09-01T15:15:42.884074,3,Niche / Emerging Titles,6.3561076606958915
1508460,Annalynn,2.99,2.99,0,Overwhelmingly Positive,599.0,"29 Jan, 2021",Cruise Elroy,Action,"Action, Arcade, Platformer, 2D Platformer, Pixel Graphics",Windows,2026-09-01T15:15:42.899675,2,Free-to-Play Powerhouses (2),6.396929655216146
105600,Terraria,2.74,2.74,0,Overwhelmingly Positive,40274.09999999998,"16 May, 2011",Re-Logic,Action,"Open World Survival Craft, Sandbox, Survival, 2D, Multiplayer","Windows, Mac, Linux",2026-09-01T15:15:42.925332,0,Free-to-Play Powerhouses,10.603488690971949
550,Left 4 Dead 2,5.49,5.49,0,Overwhelmingly Positive,40274.09999999998,"16 Nov, 2009",Valve,Action,"Zombies, Co-op, FPS, Multiplayer, Shooter","Windows, Linux",2026-09-01T15:15:42.948138,1,Popular Mid-Range,10.603488690971949
"883710,920560,920561,920562,920563,920564,920567,920568",RESIDENT EVIL 2 / BIOHAZARD RE:2 Deluxe Edition,20.69299999999982,20.69299999999982,0,Overwhelmingly Positive,40274.09999999998,"24 Jan, 2019","CAPCOM Co., Ltd.",Action,"Zombies, Survival Horror, Horror, Singleplayer, Remake",Windows,2026-09-01T15:15:42.962725,5,Premium Blockbusters,10.603488690971949
588650,Dead Cells,8.49,8.49,0,Overwhelmingly Positive,40274.09999999998,"6 Aug, 2018",Motion Twin,Action,"Adventure, Roguelike, Metroidvania, Pixel Graphics, Action Roguelike","Windows, Mac, Linux",2026-09-01T15:15:42.990371,1,Popular Mid-Range,10.603488690971949
439490,BLUE REVOLVER,14.99,14.99,0,Overwhelmingly Positive,830.0,"11 Oct, 2016",danbo,Action,"Shoot 'Em Up, Bullet Hell, Indie, Action, Arcade","Windows, Mac, Linux",2026-09-01T15:15:43.005982,5,Premium Blockbusters,6.7226297948554485
2105910,Garbanzo Quest,8.19,8.19,0,Overwhelmingly Positive,645.0,"4 Sep, 2024",zagawee,Action,"2D Platformer, Pixel Graphics, Indie, Platformer, Precision Platformer","Windows, Mac, Linux",2026-09-01T15:15:43.058084,3,Niche / Emerging Titles,6.470799503782602
1998530,Yoiyami Dancers: Twilight Danmaku Dancers,5.49,5.49,0,Overwhelmingly Positive,640.0,"28 Sep, 2022",tripper_room,Action,"Action, Rhythm, Cute, Bullet Hell, 2D",Windows,2026-09-01T15:15:43.132113,3,Niche / Emerging Titles,6.46302945692067
2882440,DEVIL BLADE REBOOT,7.29,7.29,0,Overwhelmingly Positive,825.0,"23 May, 2024",SHIGATAKE GAMES,Action,"Shoot 'Em Up, Shooter, Action, Score Attack, Pixel Graphics",Windows,2026-09-01T15:15:43.792372,3,Niche / Emerging Titles,6.716594773520978
4887360,erdetspill,0.0,0.0,0,Overwhelmingly Positive,1013.0,"26 Jul, 2026",erdetsokrates,Action,"FPS, Action-Adventure, 3D, First-Person, Funny","Windows, Mac, Linux",2026-09-01T15:15:43.804966,0,Free-to-Play Powerhouses,6.921658184151129
398000,Little Big Adventure 2,4.99,4.99,0,Overwhelmingly Positive,842.0,"20 Oct, 2015",[2.21],Action,"Adventure, Exploration, Action, Story Rich, Singleplayer",Windows,2026-09-01T15:15:43.827765,3,Niche / Emerging Titles,6.736966958001855
3081840,Chrono Gear: Warden of Time,7.79,7.79,0,Overwhelmingly Positive,939.0,"11 Sep, 2025",Team Chrono Gear,Action,"2D Platformer, Action, Female Protagonist, Time Manipulation, Anime","Windows, Linux",2026-09-01T15:15:43.848051,1,Popular Mid-Range,6.84587987526405
1545990,Deadeye Deepfake Simulacrum,6.49,6.49,0,Overwhelmingly Positive,834.0,"18 Sep, 2025",nodayshalleraseyou,Action,"Hacking, Top-Down Shooter, RPG, Story Rich, Bullet Time","Windows, Mac, Linux",2026-09-01T15:15:43.857965,3,Niche / Emerging Titles,6.727431724850855
805590,ARMORED HEAD,1.99,1.99,0,Overwhelmingly Positive,1228.0,"31 Jul, 2020",Egor Rezenov,Action,"Arena Shooter, Robots, FPS, Fast-Paced, Action",Windows,2026-09-01T15:15:43.874744,0,Free-to-Play Powerhouses,7.113956109566034
268910,Cuphead,8.19,8.19,0,Overwhelmingly Positive,40274.09999999998,"29 Sep, 2017",Studio MDHR Entertainment Inc.,Action,"Difficult, Cartoon, Co-op, Platformer, Local Co-Op","Windows, Mac",2026-09-01T15:15:47.850160,1,Popular Mid-Range,10.603488690971949
3241660,R.E.P.O.,4.99,4.99,0,Overwhelmingly Positive,40274.09999999998,"26 Feb, 2025",semiwork,Action,"Horror, Online Co-Op, Multiplayer, Comedy, Co-op",Windows,2026-09-01T15:15:47.876063,1,Popular Mid-Range,10.603488690971949
1722620,Toree 2,0.9,0.9,0,Overwhelmingly Positive,1017.0,"30 Sep, 2021",Siactro,Action,"Action, 3D Platformer, Adventure, Platformer, Action-Adventure",Windows,2026-09-01T15:15:47.891862,0,Free-to-Play Powerhouses,6.925595197110468
1591290,Tree Simulator 2022,1.89,1.89,0,Overwhelmingly Positive,1021.0,"16 Apr, 2021",Revmatek,Action,"Action, Psychological Horror, Simulation, Casual, Adventure",Windows,2026-09-01T15:15:47.950553,0,Free-to-Play Powerhouses,6.92951677076365
367520,Hollow Knight,6.99,6.99,0,Overwhelmingly Positive,40274.09999999998,"24 Feb, 2017",Team Cherry,Action,"Metroidvania, Platformer, Souls-like, Difficult, Great Soundtrack","Windows, Mac, Linux",2026-09-01T15:15:47.963005,1,Popular Mid-Range,10.603488690971949
292030,The Witcher 3: Wild Hunt - Complete Edition,20.69299999999982,20.69299999999982,0,Overwhelmingly Positive,40274.09999999998,"18 May, 2015",CD PROJEKT RED,Action,"Open World, RPG, Story Rich, Atmospheric, Fantasy",Windows,2026-09-01T15:15:47.991088,5,Premium Blockbusters,10.603488690971949
2319790,Captain Wayne - Vacation Desperation,5.49,5.49,0,Overwhelmingly Positive,1008.0,"25 Nov, 2025",Ciaran Games LLC,Action,"Singleplayer, Boomer Shooter, Hand-drawn, Retro, FPS",Windows,2026-09-01T15:15:48.005233,3,Niche / Emerging Titles,6.9167150203536085
250900,The Binding of Isaac: Rebirth,14.99,14.99,0,Overwhelmingly Positive,40274.09999999998,"4 Nov, 2014","Nicalis, Inc.",Action,"Action Roguelike, Roguelike, Indie, Replay Value, Difficult","Windows, Mac, Linux",2026-09-01T15:15:48.025636,5,Premium Blockbusters,10.603488690971949
413410,Danganronpa: Trigger Happy Havoc,8.19,8.19,0,Overwhelmingly Positive,17458.0,"18 Feb, 2016","Spike Chunsoft Co., Ltd.",Action,"Visual Novel, Anime, Detective, Mystery, Story Rich","Windows, Mac, Linux",2026-09-01T15:15:48.179281,1,Popular Mid-Range,9.767610553984774
383980,Rivals of Aether,10.49,10.49,0,Overwhelmingly Positive,27859.0,"28 Mar, 2017",Aether Studios,Action,"Fighting, 2D Fighter, Pixel Graphics, Multiplayer, Indie",Windows,2026-09-01T15:15:48.214889,1,Popular Mid-Range,10.234947247333796
2095890,Black Gunner Wukong: Prologue,0.0,0.0,0,Overwhelmingly Positive,736.0,"10 Nov, 2023",Seal,Action,"Mythology, Action RPG, Action, RPG, Souls-like",Windows,2026-09-01T15:15:49.057760,0,Free-to-Play Powerhouses,6.602587892189336
3651950,Evil Egg,0.0,0.0,0,Overwhelmingly Positive,768.0,"30 Oct, 2025",Ivy Sly,Action,"Twin Stick Shooter, Arcade, Action Roguelike, Top-Down Shooter, Shoot 'Em Up",Windows,2026-09-01T15:15:49.073642,0,Free-to-Play Powerhouses,6.645090969505644
10,Counter-Strike,5.49,5.49,0,Overwhelmingly Positive,35091.0,"1 Nov, 2000",Valve,Action,"Action, FPS, Multiplayer, Shooter, Classic","Windows, Mac, Linux",2026-09-01T15:15:49.091174,1,Popular Mid-Range,10.465728463248274
319630,Life is Strange - Episode 1,0.0,0.0,0,Overwhelmingly Positive,40274.09999999998,"29 Jan, 2015",DONTNOD Entertainment,Action,"Story Rich, Choices Matter, Great Soundtrack, Female Protagonist, Time Travel","Windows, Mac, Linux",2026-09-01T15:15:49.102825,0,Free-to-Play Powerhouses,10.603488690971949
1868140,DAVE THE DIVER,8.19,8.19,0,Overwhelmingly Positive,40274.09999999998,"28 Jun, 2023",MINTROCKET,Action,"Pixel Graphics, Management, Casual, Adventure, Relaxing","Windows, Mac",2026-09-01T15:15:49.138739,1,Popular Mid-Range,10.603488690971949
1057090,Ori and the Will of the Wisps,10.49,10.49,0,Overwhelmingly Positive,31129.0,"10 Mar, 2020",Moon Studios GmbH,Action,"Beautiful, Metroidvania, Platformer, Great Soundtrack, Singleplayer",Windows,2026-09-01T15:15:49.149698,1,Popular Mid-Range,10.345927263435653
1004770,Maiden and Spell,6.49,6.49,0,Overwhelmingly Positive,820.0,"24 Feb, 2020",mino_dev,Action,"Indie, Action, Bullet Hell, Cute, Shoot 'Em Up",Windows,2026-09-01T15:15:49.169954,3,Niche / Emerging Titles,6.710523109452428
240,Counter-Strike: Source,5.49,5.49,0,Overwhelmingly Positive,40274.09999999998,"1 Nov, 2004",Valve,Action,"Shooter, FPS, Action, Multiplayer, Team-Based","Windows, Linux",2026-09-01T15:15:49.176453,1,Popular Mid-Range,10.603488690971949
223470,POSTAL 2,5.49,5.49,0,Overwhelmingly Positive,40274.09999999998,"2 Nov, 2012",Running With Scissors,Action,"Violent, Dark Humor, Open World, First-Person, Funny","Windows, Linux",2026-09-01T15:15:49.205467,1,Popular Mid-Range,10.603488690971949
2212330,Your Only Move Is HUSTLE,2.99,2.99,0,Overwhelmingly Positive,30806.0,"2 Feb, 2023",Ivy Sly,Action,"2D Fighter, Turn-Based Strategy, Action, Strategy, Spectacle fighter","Windows, Linux",2026-09-01T15:15:49.221449,0,Free-to-Play Powerhouses,10.335497215866404
601150,Devil May Cry 5,5.99,5.99,0,Overwhelmingly Positive,40274.09999999998,"7 Mar, 2019","CAPCOM Co., Ltd.",Action,"Action, Hack and Slash, Great Soundtrack, Character Action Game, Demons",Windows,2026-09-01T15:15:49.239093,1,Popular Mid-Range,10.603488690971949
597170,Clone Drone in the Danger Zone,2.86,2.86,0,Overwhelmingly Positive,17843.0,"27 Jul, 2021",Doborog Games,Action,"Robots, Action, 3D Fighter, Swordplay, Multiplayer","Windows, Mac",2026-09-01T15:15:49.253613,0,Free-to-Play Powerhouses,9.789422596248155
1881340,Shadow Burglar,0.0,0.0,0,Overwhelmingly Positive,887.0,"1 Mar, 2022",Ghostly Productions,Action,"Action, Stealth, Free to Play, Dark, Female Protagonist",Windows,2026-09-01T15:15:49.275507,0,Free-to-Play Powerhouses,6.78897174299217
2902540,KUNKUN Defender,0.75,0.75,0,Overwhelmingly Positive,820.0,"2 May, 2024",Seal,Action,"Horror, Psychological Horror, Survival Horror, FPS, Tower Defense",Windows,2026-09-01T15:15:49.292303,0,Free-to-Play Powerhouses,6.710523109452428
1100150,Touhou Chireiden ~ Subterranean Animism.,6.99,6.99,0,Overwhelmingly Positive,800.0,"5 Jun, 2020",上海アリス幻樂団,Action,"Indie, Action, Bullet Hell, Great Soundtrack, Shoot 'Em Up",Windows,2026-09-01T15:15:49.301385,3,Niche / Emerging Titles,6.68586094706836
949480,BROK the InvestiGator,8.19,8.19,0,Overwhelmingly Positive,983.0,"26 Aug, 2022",COWCAT,Action,"Point & Click, Beat 'em up, Animals, Cute, Story Rich","Windows, Mac",2026-09-01T15:15:49.317093,1,Popular Mid-Range,6.891625897052253
2629230,The Adventures of Sir Kicksalot,5.49,5.49,0,Overwhelmingly Positive,979.0,"15 May, 2026",Stéphane Le Roy,Action,"FPS, Immersive Sim, Dungeon Crawler, Sandbox, Action RPG","Windows, Linux",2026-09-01T15:15:49.339309,3,Niche / Emerging Titles,6.887552571664617
4173110,Cirno! Lifts a Boulder,3.14,3.14,0,Overwhelmingly Positive,921.0,"11 Mar, 2026",Alexander Golke,Action,"Exploration, 3D Platformer, Collectathon, Platformer, Female Protagonist","Windows, Linux",2026-09-01T15:15:49.357811,0,Free-to-Play Powerhouses,6.826545223556594
261030,The Walking Dead: Season Two,6.99,6.99,0,Overwhelmingly Positive,12991.0,"17 Dec, 2013",Telltale Games,Action,"Zombies, Adventure, Story Rich, Episodic, Point & Click","Windows, Mac",2026-09-01T15:15:49.940096,1,Popular Mid-Range,9.472089062401459
2280,DOOM + DOOM II,6.99,6.99,0,Overwhelmingly Positive,17506.0,"3 Aug, 2007",id Software,Action,"FPS, Classic, 1990's, Action, Retro",Windows,2026-09-01T15:15:49.952991,1,Popular Mid-Range,9.770356079932933
337320,Paint the Town Red,8.19,8.19,0,Overwhelmingly Positive,13557.0,"29 Jul, 2021",South East Games,Action,"Gore, Violent, Action, Fighting, Multiplayer","Windows, Mac, Linux",2026-09-01T15:15:51.743492,1,Popular Mid-Range,9.51473205799091
1574260,My Friendly Neighborhood,10.49,10.49,0,Overwhelmingly Positive,2142.0,"18 Jul, 2023",John Szymanski,Action,"Singleplayer, Survival Horror, Funny, Horror, Puzzle",Windows,2026-09-01T15:15:52.006382,1,Popular Mid-Range,7.669961995473577
3404260,Dead as Disco,12.49,12.49,0,Overwhelmingly Positive,8000.0,"5 May, 2026","Brain Jar Games, Inc.",Action,"Early Access, Rhythm, Beat 'em up, Spectacle fighter, Hack and Slash",Windows,2026-09-01T15:15:52.022077,1,Popular Mid-Range,8.987321812850125
2459550,Emberward,9.99,9.99,0,Overwhelmingly Positive,2449.0,"25 Jun, 2024",Refic Games,Action,"Early Access, Tower Defense, Falling Blocks, Strategy, Roguelite",Windows,2026-09-01T15:15:52.022077,1,Popular Mid-Range,7.803843303538772
1031480,TouHou Makuka Sai ~ Fantastic Danmaku Festival Part II,6.49,6.49,0,Very Positive,344.0,"18 Mar, 2019",东方幕华祭制作组,Action,"Bullet Hell, Indie, Shoot 'Em Up, Faith, Great Soundtrack",Windows,2026-09-01T15:15:52.043703,3,Niche / Emerging Titles,5.84354441703136
3341650,PIGFACE,6.79,6.79,0,Overwhelmingly Positive,2180.0,"18 Sep, 2025",titolovesyou,Action,"Shooter, FPS, Immersive Sim, Fast-Paced, Female Protagonist",Windows,2026-09-01T15:15:52.056709,1,Popular Mid-Range,7.687538766201629
1522870,Supraland Six Inches Under,2.45,2.45,0,Overwhelmingly Positive,1623.0,"14 Jan, 2022",Supra Games,Action,"Puzzle Platformer, Metroidvania, Exploration, First-Person, Adventure",Windows,2026-09-01T15:15:52.056709,0,Free-to-Play Powerhouses,7.392647520721623
1710820,Cleared Hot,9.95,9.95,0,Overwhelmingly Positive,2955.0,"20 Nov, 2025",Not Knowing Corporation,Action,"Early Access, Flight, Vehicular Combat, 1980s, Singleplayer","Windows, Linux",2026-09-01T15:15:52.072336,1,Popular Mid-Range,7.991592282068092
1058020,"STAR WARS™ Battlefront (Classic, 2004)",9.99,9.99,0,Overwhelmingly Positive,2891.0,"1 May, 2019",Pandemic Studios,Action,"Action, Multiplayer, Classic, FPS, Third-Person Shooter",Windows,2026-09-01T15:15:52.088474,1,Popular Mid-Range,7.969703583278656
3706810,Electoral Carnage,0.0,0.0,0,Overwhelmingly Positive,2376.0,"13 Jul, 2026",Bomb Sequitur Games,Action,"2D Fighter, Action, Comedy, PvP, Local Multiplayer","Windows, Mac",2026-09-01T15:15:52.090926,0,Free-to-Play Powerhouses,7.773594467360194
1255650,Geometry Arena,0.87,0.87,0,Very Positive,394.0,"1 Jun, 2021",011 Games,Action,"Bullet Heaven, Arena Shooter, Hack and Slash, Minimalist, Replay Value","Windows, Mac",2026-09-01T15:15:52.376652,2,Free-to-Play Powerhouses (2),5.978885764901122
3720420,Demon Lord: Just a Block,7.29,7.29,0,Overwhelmingly Positive,2054.0,"29 Apr, 2026",YuWave,Action,"Action-Adventure, Roguelite, Controller, 2D, Funny",Windows,2026-09-01T15:15:52.380664,1,Popular Mid-Range,7.628031126930335
389170,Songs for a Hero - Definitive Edition,4.0,4.0,0,Overwhelmingly Positive,2399.0,"24 Mar, 2016",Dumativa,Action,"2D Platformer, Adventure, Soundtrack, Funny, Indie","Windows, Mac, Linux",2026-09-01T15:15:52.396291,0,Free-to-Play Powerhouses,7.783224016336037
41060,Serious Sam Classic: The Second Encounter,0.52,0.52,0,Overwhelmingly Positive,1778.0,"30 Aug, 2019",Croteam,Action,"Action, FPS, Classic, Gore, Shooter",Windows,2026-09-01T15:15:52.867025,0,Free-to-Play Powerhouses,7.483806687665835
2608350,Snezhinka:Sentinel Girls2,2.69,2.69,0,Overwhelmingly Positive,604.0,"26 Aug, 2024",hinyari9,Action,"Anime, Pixel Graphics, Cute, Twin Stick Shooter, Action Roguelike",Windows,2026-09-01T15:15:52.882652,2,Free-to-Play Powerhouses (2),6.405228458030842
1283130,Micro Platformer,0.0,0.0,0,Overwhelmingly Positive,1774.0,"21 Apr, 2020",Daveyyy,Action,"Precision Platformer, Difficult, Minimalist, Controller, Pixel Graphics",Windows,2026-09-01T15:15:52.890884,0,Free-to-Play Powerhouses,7.4815557019095165
3320,Insaniquarium Deluxe,4.99,4.99,0,Overwhelmingly Positive,4860.0,"30 Aug, 2006","PopCap Games, Inc.",Action,"Casual, Classic, Incremental, Singleplayer, Underwater",Windows,2026-09-01T15:15:52.906513,1,Popular Mid-Range,8.488999457045455
433950,Bit Blaster XL,0.9,0.9,0,Overwhelmingly Positive,3033.0,"22 Jan, 2016",Adamvision Studios,Action,"Bullet Hell, Shoot 'Em Up, Difficult, Shooter, Arcade","Windows, Mac, Linux",2026-09-01T15:15:52.929400,0,Free-to-Play Powerhouses,8.017637159908478
348550,GUILTY GEAR XX ACCENT CORE PLUS R,14.99,14.99,0,Overwhelmingly Positive,4002.0,"26 May, 2015",Arc System Works,Action,"Fighting, 2D Fighter, Anime, Great Soundtrack, Action",Windows,2026-09-01T15:15:52.938512,5,Premium Blockbusters,8.294799358992574
236450,PAC-MAN™ Championship Edition DX+,9.99,9.99,0,Overwhelmingly Positive,3157.0,"24 Sep, 2013","Mine Loader Software Co., Ltd.",Action,"Arcade, Retro, Classic, Action, Score Attack",Windows,2026-09-01T15:15:52.944307,1,Popular Mid-Range,8.057694194815587
824600,HROT,8.19,8.19,0,Overwhelmingly Positive,3774.0,"16 May, 2023",Spytihněv,Action,"Retro, FPS, Boomer Shooter, Shooter, First-Person",Windows,2026-09-01T15:15:52.958347,1,Popular Mid-Range,8.236155661683124
7760,X-COM: UFO Defense,3.99,3.99,0,Overwhelmingly Positive,2479.0,"4 Sep, 2008","MicroProse Software, Inc",Action,"Strategy, Classic, Turn-Based Strategy, Sci-fi, Aliens",Windows,2026-09-01T15:15:52.958912,0,Free-to-Play Powerhouses,7.8160138391590275
615610,Orbt XL,0.9,0.9,0,Overwhelmingly Positive,1520.0,"21 Apr, 2017",Adamvision Studios,Action,"Arcade, Difficult, Relaxing, 2D, Controller","Windows, Mac, Linux",2026-09-01T15:15:52.980887,0,Free-to-Play Powerhouses,7.327123292259293
2535830,Squirrel Stapler,4.49,4.49,0,Overwhelmingly Positive,1767.0,"11 Sep, 2023",David Szymanski,Action,"Horror, Hunting, Dark Humor, Nature, Exploration",Windows,2026-09-01T15:15:52.989863,0,Free-to-Play Powerhouses,7.477604243197589
1629530,Spark the Electric Jester 3,8.49,8.49,0,Overwhelmingly Positive,1909.0,"14 Aug, 2022",Feperd Games,Action,"3D Platformer, 3D, Action, Platformer, Hack and Slash",Windows,2026-09-01T15:15:52.998120,1,Popular Mid-Range,7.554858521040676
2178380,SCP – Containment Breach,0.0,0.0,0,Overwhelmingly Positive,1823.0,"20 Feb, 2026",Undertow Games,Action,"Horror, Exploration, Atmospheric, Procedural Generation, Sci-fi",Windows,2026-09-01T15:15:53.009142,0,Free-to-Play Powerhouses,7.508787170634276
1411910,Fallen Aces,6.99,6.99,0,Overwhelmingly Positive,5488.0,"14 Jun, 2024",Trey Powell,Action,"Early Access, Immersive Sim, FPS, Noir, Comic Book",Windows,2026-09-01T15:15:53.025150,1,Popular Mid-Range,8.610501368549889
647960,Rusted Warfare - RTS,2.99,2.99,0,Overwhelmingly Positive,2875.0,"14 Jul, 2017",Corroding Games,Action,"RTS, Strategy, Base Building, Moddable, Multiplayer","Windows, Mac, Linux",2026-09-01T15:15:53.025150,0,Free-to-Play Powerhouses,7.964155718840937
882710,TouHou Makuka Sai ~ Fantastic Danmaku Festival,4.99,4.99,0,Overwhelmingly Positive,1360.0,"16 Aug, 2018",東方幕華祭制作组,Action,"Bullet Hell, Indie, Action, Adventure, Casual",Windows,2026-09-01T15:15:53.037320,1,Popular Mid-Range,7.215975002651466
70300,VVVVVV,2.99,2.99,0,Overwhelmingly Positive,4525.0,"7 Sep, 2010",Terry Cavanagh,Action,"Pixel Graphics, Precision Platformer, Platformer, Indie, 2D Platformer","Windows, Mac, Linux",2026-09-01T15:15:53.044334,0,Free-to-Play Powerhouses,8.417593826193484
248310,Freedom Planet,14.99,14.99,0,Overwhelmingly Positive,2515.0,"21 Jul, 2014",GalaxyTrail,Action,"Platformer, Great Soundtrack, Action, Female Protagonist, 2D","Windows, Mac, Linux",2026-09-01T15:15:53.055934,5,Premium Blockbusters,7.830425617820331
1639790,Northern Journey,6.19,6.19,0,Overwhelmingly Positive,2980.0,"18 Aug, 2021",Slid Studio,Action,"Atmospheric, FPS, Fantasy, Retro, Exploration",Windows,2026-09-01T15:15:53.591746,1,Popular Mid-Range,8.000014093678072
2492670,METAL GEAR SOLID 4: Guns of the Patriots - Master Collection Version,20.69299999999982,20.69299999999982,0,Overwhelmingly Positive,1406.0,"27 Aug, 2026",KONAMI,Action,"Exploration, Action, Third-Person Shooter, Espionage, Action RPG",Windows,2026-09-01T15:15:53.607373,5,Premium Blockbusters,7.249215057114389
1058640,RED HOT VENGEANCE,0.0,0.0,0,Overwhelmingly Positive,1861.0,"11 Jul, 2019",Bros Before Giraffes,Action,"Free to Play, Violent, Gore, Indie, Action",Windows,2026-09-01T15:15:53.607373,0,Free-to-Play Powerhouses,7.529406457837013
2318480,Last Train Outta' Wormtown,6.19,6.19,0,Overwhelmingly Positive,1450.0,"17 Jan, 2025",Get(Color) Games,Action,"Action, 3D Platformer, Platformer, 3D, Cartoony",Windows,2026-09-01T15:15:53.623044,1,Popular Mid-Range,7.280008252884188
1456880,ElecHead,5.49,5.49,0,Overwhelmingly Positive,1402.0,"14 Oct, 2021",NamaTakahashi,Action,"Puzzle Platformer, Puzzle, Platformer, Linear, Pixel Graphics",Windows,2026-09-01T15:15:53.645297,1,Popular Mid-Range,7.246368080102461
1299690,Gori: Cuddly Carnage,6.58,6.58,0,Overwhelmingly Positive,1428.0,"29 Aug, 2024",Angry Demon Studio,Action,"Gore, Controller, Combat, Cyberpunk, Horror",Windows,2026-09-01T15:15:53.654890,1,Popular Mid-Range,7.264730177929867
2394650,Crypt Custodian,8.19,8.19,0,Overwhelmingly Positive,1627.0,"27 Aug, 2024",Kyle Thompson,Action,"Metroidvania, Adventure, Action, Exploration, Atmospheric",Windows,2026-09-01T15:15:54.514180,1,Popular Mid-Range,7.395107546562485
2533600,Bloodthief,4.09,4.09,0,Overwhelmingly Positive,984.0,"22 Sep, 2025",Blargis,Action,"Fast-Paced, Parkour, Runner, Hack and Slash, 3D Platformer","Windows, Linux",2026-09-01T15:15:54.546290,0,Free-to-Play Powerhouses,6.892641641172089
1924780,Arzette: The Jewel of Faramore,8.19,8.19,0,Overwhelmingly Positive,892.0,"13 Feb, 2024",Seedy Eye Software,Action,"Exploration, Metroidvania, 2D Platformer, Platformer, Action-Adventure",Windows,2026-09-01T15:15:54.854588,1,Popular Mid-Range,6.794586580876499
2206210,GYLT,10.99,10.99,0,Overwhelmingly Positive,901.0,"6 Jul, 2023",Haven Media,Action,"Adventure, Action, Horror, Female Protagonist, Puzzle",Windows,2026-09-01T15:15:54.865103,1,Popular Mid-Range,6.804614520062624
1296540,Flatworld,6.99,6.99,0,Overwhelmingly Positive,874.0,"28 Apr, 2022",Guinxu,Action,"Early Access, RPG, Puzzle, Exploration, Action RPG",Windows,2026-09-01T15:15:54.867611,3,Niche / Emerging Titles,6.774223886357614
1970030,Touhou Blooming Soul,5.39,5.39,0,Overwhelmingly Positive,894.0,"30 Jan, 2026",二色幽紫蝶,Action,"Early Access, Adventure, Action, RPG, Action-Adventure","Windows, Mac",2026-09-01T15:15:54.883398,3,Niche / Emerging Titles,6.796823718274855
1714420,Fursan al-Aqsa: The Knights of the Al-Aqsa Mosque,6.99,6.99,0,Overwhelmingly Positive,929.0,"18 Apr, 2022",Nidal Nijm Games,Action,"FPS, Shooter, PvE, Tactical, Military",Windows,2026-09-01T15:15:54.899205,1,Popular Mid-Range,6.835184586147301
3111080,Secret Agent Wizard Boy and the International Crime Syndicate,5.49,5.49,0,Overwhelmingly Positive,930.0,"6 Mar, 2025",John Szymanski,Action,"Early Access, Immersive Sim, Open World, Online Co-Op, Funny",Windows,2026-09-01T15:15:55.205077,3,Niche / Emerging Titles,6.836259277277067
353090,Chicken Invaders 5,3.49,3.49,0,Overwhelmingly Positive,931.0,"13 Mar, 2015",InterAction studios,Action,"Action, Casual, Indie, Shoot 'Em Up, Multiplayer","Windows, Mac",2026-09-01T15:15:55.220693,0,Free-to-Play Powerhouses,6.837332814685591
2929730,Cat Bait,2.99,2.99,0,Overwhelmingly Positive,1438.0,"27 Aug, 2024",Mayni prod.,Action,"Cats, Indie, Cute, Pixel Graphics, Bullet Hell","Windows, Linux",2026-09-01T15:15:55.236316,0,Free-to-Play Powerhouses,7.271703706887368
464450,DoDonPachi Resurrection,14.99,14.99,0,Overwhelmingly Positive,976.0,"13 Oct, 2016","CAVE Interactive CO.,LTD.",Action,"Top-Down Shooter, Shoot 'Em Up, Bullet Hell, Shooter, Arcade",Windows,2026-09-01T15:15:55.247837,5,Premium Blockbusters,6.884486652042782
2859800,Harbinger,0.0,0.0,0,Overwhelmingly Positive,953.0,"3 Oct, 2024",Dobrx,Action,"Action Roguelike, Arena Shooter, Boomer Shooter, FPS, Shoot 'Em Up",Windows,2026-09-01T15:15:55.252449,0,Free-to-Play Powerhouses,6.860663671448287
469790,Linelight,9.99,9.99,0,Overwhelmingly Positive,947.0,"30 Jan, 2017",My Dog Zorro,Action,"Indie, Casual, Puzzle, Action, Adventure","Windows, Mac, Linux",2026-09-01T15:15:55.268159,1,Popular Mid-Range,6.854354502255021
595500,Freedom Planet 2,8.49,8.49,0,Overwhelmingly Positive,1581.0,"13 Sep, 2022",GalaxyTrail,Action,"Platformer, Side Scroller, Female Protagonist, Pixel Graphics, Action-Adventure",Windows,2026-09-01T15:15:55.283777,1,Popular Mid-Range,7.366445148327599
224820,Super House of Dead Ninjas,8.19,8.19,0,Overwhelmingly Positive,1472.0,"18 Feb, 2013",Megadev,Action,"Action Roguelike, Action, Platformer, Roguelike, Indie",Windows,2026-09-01T15:15:55.283777,1,Popular Mid-Range,7.29505641646263
377860,Mushihimesama,9.99,9.99,0,Overwhelmingly Positive,1436.0,"5 Nov, 2015","CAVE Interactive CO.,LTD.",Action,"Bullet Hell, Shoot 'Em Up, Arcade, Action, Great Soundtrack",Windows,2026-09-01T15:15:55.299326,1,Popular Mid-Range,7.270312886079025
1287040,Gun Devil,0.0,0.0,0,Overwhelmingly Positive,1602.0,"2 Aug, 2022",Agelvik,Action,"Side Scroller, 2D Platformer, Hero Shooter, Shoot 'Em Up, Precision Platformer",Windows,2026-09-01T15:15:55.773145,0,Free-to-Play Powerhouses,7.3796321526095525
2896260,ODDCORE,6.99,6.99,0,Overwhelmingly Positive,1068.0,"7 Jan, 2026",ODDCORP,Action,"Early Access, Roguelike, Arena Shooter, Boomer Shooter, Retro",Windows,2026-09-01T15:15:55.791440,1,Popular Mid-Range,6.974478911025045
1975360,DRAINUS,6.99,6.99,0,Overwhelmingly Positive,1102.0,"22 May, 2022",Team Ladybug,Action,"Action, Shoot 'Em Up, Indie, Shooter, Singleplayer",Windows,2026-09-01T15:15:55.807474,1,Popular Mid-Range,7.005789019253503
331750,Disney•Pixar WALL-E,19.99,19.99,0,Overwhelmingly Positive,1063.0,"24 Feb, 2015",Asobo Studio,Action,"Adventure, Robots, Post-apocalyptic, Puzzle, Space",Windows,2026-09-01T15:15:55.823222,5,Premium Blockbusters,6.96979066990159
1092590,沙雕之路,7.79,7.79,0,Overwhelmingly Positive,1038.0,"9 Jun, 2026",馆叔,Action,"Indie, RPG, Open World, Cinematic, Adventure",Windows,2026-09-01T15:15:55.836816,1,Popular Mid-Range,6.946013991099227
670160,D'LIRIUM,2.99,2.99,0,Overwhelmingly Positive,984.0,"25 Oct, 2023",B52 Development Team,Action,"Top-Down Shooter, Action-Adventure, 2D, Horror, Psychological Horror",Windows,2026-09-01T15:15:55.857465,0,Free-to-Play Powerhouses,6.892641641172089
1157740,Iron Meat,4.25,4.25,0,Overwhelmingly Positive,978.0,"25 Sep, 2024",Ivan Valeryevich Suvorov,Action,"Side Scroller, Shooter, 2D Platformer, Local Co-Op, Sci-fi",Windows,2026-09-01T15:15:55.871089,0,Free-to-Play Powerhouses,6.88653164253051
603960,Star of Providence,6.99,6.99,0,Overwhelmingly Positive,2722.0,"7 Jun, 2017",Team D-13,Action,"Roguelite, Bullet Hell, Shoot 'Em Up, Action Roguelike, Indie","Windows, Linux",2026-09-01T15:15:55.886819,1,Popular Mid-Range,7.909489492673759
2951770,Leap Year,2.99,2.99,0,Overwhelmingly Positive,885.0,"13 Jun, 2024",Daniel Linssen,Action,"Exploration, Precision Platformer, 2D Platformer, Puzzle Platformer, Metroidvania",Windows,2026-09-01T15:15:55.902341,0,Free-to-Play Powerhouses,6.786716950605081
587220,Jet Island,8.19,8.19,0,Overwhelmingly Positive,1623.0,"21 Sep, 2018",Master Indie,Action,"VR, Action, Adventure, Indie, Casual",Windows,2026-09-01T15:15:55.917971,1,Popular Mid-Range,7.392647520721623
1435310,Shotgun Witch,0.0,0.0,0,Overwhelmingly Positive,1111.0,"24 Oct, 2020",Asephy,Action,"Arena Shooter, Bullet Hell, Top-Down Shooter, Shoot 'Em Up, Difficult",Windows,2026-09-01T15:15:55.917971,0,Free-to-Play Powerhouses,7.013915474810528
298030,Total Annihilation,2.99,2.99,0,Overwhelmingly Positive,2537.0,"18 Dec, 2015",Cavedog Entertainment,Action,"Strategy, RTS, Classic, Great Soundtrack, Sci-fi",Windows,2026-09-01T15:15:56.424571,0,Free-to-Play Powerhouses,7.839131648274333
1959390,Fear the Spotlight,8.19,8.19,0,Overwhelmingly Positive,1202.0,"22 Oct, 2024",Cozy Game Pals,Action,"Adventure, Survival Horror, Atmospheric, Story Rich, Puzzle","Windows, Mac, Linux",2026-09-01T15:15:56.449373,1,Popular Mid-Range,7.0925737159746784
2006140,Withering Rooms,8.49,8.49,0,Overwhelmingly Positive,1185.0,"5 Apr, 2024",Moonless Formless,Action,"Horror, Action Roguelike, 2.5D, Mystery, Adventure",Windows,2026-09-01T15:15:56.459350,1,Popular Mid-Range,7.078341579557671
1026840,Ultra Fight Da ! Kyanta 2,0.0,0.0,0,Overwhelmingly Positive,1251.0,"8 May, 2019",羽良麻セルフ,Action,"Free to Play, Fighting, 2D Fighter, Indie, Action",Windows,2026-09-01T15:15:56.473363,0,Free-to-Play Powerhouses,7.132497551660044
577690,Spooky's Jump Scare Mansion: HD Renovation,5.49,5.49,0,Overwhelmingly Positive,2638.0,"1 Mar, 2017",Albino Moose Games,Action,"Horror, Indie, Adventure, First-Person, Cute","Windows, Mac",2026-09-01T15:15:56.473363,1,Popular Mid-Range,7.878155336503324
2085540,Stick It to the Stickman,6.99,6.99,0,Overwhelmingly Positive,4699.0,"18 Aug, 2025",Free Lives,Action,"Early Access, Action, Beat 'em up, Multiplayer, Roguelike","Windows, Mac",2026-09-01T15:15:57.133549,1,Popular Mid-Range,8.45531778769815
1836730,Echo Point Nova,8.49,8.49,0,Overwhelmingly Positive,6163.0,"24 Sep, 2024",Greylock Studio,Action,"FPS, Shooter, Online Co-Op, Exploration, Arena Shooter",Windows,2026-09-01T15:15:57.140878,1,Popular Mid-Range,8.726481196440007
422970,Devil Daggers,2.09,2.09,0,Overwhelmingly Positive,5675.0,"18 Feb, 2016",Sorath,Action,"FPS, Difficult, Indie, Fast-Paced, Action","Windows, Mac, Linux",2026-09-01T15:15:57.150518,0,Free-to-Play Powerhouses,8.644002038279933
360740,Downwell,1.89,1.89,0,Overwhelmingly Positive,5223.0,"15 Oct, 2015",Moppin,Action,"Precision Platformer, Pixel Graphics, Action Roguelike, Indie, Platformer",Windows,2026-09-01T15:15:57.156624,0,Free-to-Play Powerhouses,8.561018670956267
1304680,Voidigo,1.49,1.49,0,Overwhelmingly Positive,2745.0,"8 Jun, 2023",semiwork,Action,"Action Roguelike, Twin Stick Shooter, Roguelike, Local Co-Op, Bullet Hell",Windows,2026-09-01T15:15:57.172337,0,Free-to-Play Powerhouses,7.917900586327916
980300,One Finger Death Punch 2,4.49,4.49,0,Overwhelmingly Positive,2759.0,"15 Apr, 2019",Silver Dollar Games,Action,"Action, Indie, Beat 'em up, Casual, Fast-Paced",Windows,2026-09-01T15:15:57.174305,0,Free-to-Play Powerhouses,7.9229859587111955
1122720,Sayonara Wild Hearts,3.39,3.39,0,Overwhelmingly Positive,3652.0,"12 Dec, 2019",Simogo,Action,"Great Soundtrack, Rhythm, Music, Action, Beautiful",Windows,2026-09-01T15:15:57.581868,0,Free-to-Play Powerhouses,8.203304026795282
9420,Supreme Commander: Forged Alliance,8.99,8.99,0,Overwhelmingly Positive,5971.0,"28 Sep, 2011",Gas Powered Games,Action,"Strategy, RTS, Sci-fi, Multiplayer, Singleplayer",Windows,2026-09-01T15:15:57.581868,1,Popular Mid-Range,8.69483715865908
3371240,Beyond Citadel,6.99,6.99,0,Overwhelmingly Positive,2879.0,"2 Jan, 2025",doekuramori,Action,"FPS, Boomer Shooter, Female Protagonist, Anime, Shooter",Windows,2026-09-01T15:15:57.597039,1,Popular Mid-Range,7.965545573129992
3539440,Metal Garden,3.49,3.49,0,Overwhelmingly Positive,3416.0,"21 Mar, 2025",Tinerasoft,Action,"Atmospheric, FPS, Sci-fi, Singleplayer, Mystery",Windows,2026-09-01T15:15:57.612673,0,Free-to-Play Powerhouses,8.136518252115291
1227650,Bang-On Balls: Chronicles,7.66,7.66,0,Very Positive,1513.0,"5 Oct, 2023",Exit Plan Games,Action,"Combat, Co-op, Open World, Local Co-Op, Sandbox",Windows,2026-09-01T15:15:57.628294,1,Popular Mid-Range,7.322510433997394
1290490,UNBEATABLE [white label],0.0,0.0,0,Overwhelmingly Positive,6167.0,"7 May, 2021",D-CELL GAMES,Action,"Rhythm, Anime, Female Protagonist, Action-Adventure, Story Rich",Windows,2026-09-01T15:15:57.628294,0,Free-to-Play Powerhouses,8.727129915243166
572890,Pikuniku,6.49,6.49,0,Overwhelmingly Positive,4048.0,"24 Jan, 2019",Arnaud De Bock,Action,"Indie, Casual, Adventure, Puzzle, Multiplayer","Windows, Mac, Linux",2026-09-01T15:15:57.643988,1,Popular Mid-Range,8.30622521603216
4421010,Bills Must Be Paid,4.69,4.69,0,Overwhelmingly Positive,3650.0,"29 Jul, 2026",Rike Games,Action,"Incremental, Capitalism, Strategy, Idler, Relaxing","Windows, Mac",2026-09-01T15:15:57.651001,1,Popular Mid-Range,8.202756381655638
4000,Garry's Mod,9.99,9.99,0,Overwhelmingly Positive,40274.09999999998,"29 Nov, 2006",Facepunch Studios,Action,"Sandbox, Moddable, Multiplayer, Physics, Building","Windows, Mac, Linux",2026-09-01T15:15:57.902283,1,Popular Mid-Range,10.603488690971949
412670,Bullet Heaven 2,6.99,6.99,0,Overwhelmingly Positive,523.0,"7 Dec, 2015",Matt Roszak,Action,"Bullet Hell, Action, Shoot 'Em Up, Indie, Great Soundtrack",Windows,2026-09-01T15:15:57.902283,3,Niche / Emerging Titles,6.261491684321042
6020,STAR WARS™ Jedi Knight - Jedi Academy™,9.99,9.99,0,Overwhelmingly Positive,7265.0,"16 Sep, 2009",Raven Software,Action,"Action, Sci-fi, Third Person, Multiplayer, Classic","Windows, Mac",2026-09-01T15:15:57.917941,1,Popular Mid-Range,8.890961212781146
2358720,Black Myth: Wukong,20.69299999999982,20.69299999999982,0,Very Positive,40274.09999999998,"19 Aug, 2024",Game Science,Action,"Mythology, Action RPG, Action, Souls-like, RPG",Windows,2026-09-01T15:15:57.933595,5,Premium Blockbusters,10.603488690971949
3108510,FlyKnight,3.49,3.49,0,Overwhelmingly Positive,9192.0,"31 Jan, 2025",Wabbaboy,Action,"Dungeon Crawler, Souls-like, Online Co-Op, First-Person, Old School",Windows,2026-09-01T15:15:57.957515,0,Free-to-Play Powerhouses,9.126197603863755
458710,Kingdom Rush Frontiers - Tower Defense,5.49,5.49,0,Overwhelmingly Positive,2527.0,"25 Jul, 2016",Ironhide Game Studio,Action,"Tower Defense, Strategy, 2D, Singleplayer, Difficult","Windows, Mac, Linux",2026-09-01T15:15:57.965025,1,Popular Mid-Range,7.8351837552667485
394970,DEADBOLT,9.99,9.99,0,Overwhelmingly Positive,3222.0,"14 Mar, 2016",Hopoo Games,Action,"Stealth, Pixel Graphics, Great Soundtrack, Indie, 2D","Windows, Mac, Linux",2026-09-01T15:15:58.503121,1,Popular Mid-Range,8.078067881815437
242680,Nuclear Throne,6.19,6.19,0,Overwhelmingly Positive,9802.0,"5 Dec, 2015",Vlambeer,Action,"Action Roguelike, Roguelike, Pixel Graphics, Indie, Difficult","Windows, Mac, Linux",2026-09-01T15:15:58.518659,1,Popular Mid-Range,9.190443740261726
2310,Quake,5.99,5.99,0,Overwhelmingly Positive,10345.0,"3 Aug, 2007",id Software,Action,"FPS, Classic, Action, Shooter, 1990's",Windows,2026-09-01T15:15:58.540999,1,Popular Mid-Range,9.24435525056346
1061910,Metal: Hellsinger,10.49,10.49,0,Overwhelmingly Positive,7792.0,"15 Sep, 2022",The Outsiders,Action,"Rhythm, FPS, Atmospheric, Singleplayer, Music",Windows,2026-09-01T15:15:58.556685,1,Popular Mid-Range,8.96098117384356
610370,Desperados III,19.99,19.99,0,Overwhelmingly Positive,4378.0,"16 Jun, 2020",Mimimi Games,Action,"Real Time Tactics, Strategy, Stealth, Western, Tactical","Windows, Mac, Linux",2026-09-01T15:15:58.574344,5,Premium Blockbusters,8.384575666801398
1944570,Boneraiser Minions,1.94,1.94,0,Overwhelmingly Positive,3995.0,"9 Mar, 2023",caiys,Action,"Vampires, Action Roguelike, Bullet Hell, Pixel Graphics, Roguelite",Windows,2026-09-01T15:15:58.574344,0,Free-to-Play Powerhouses,8.293049139768444
584640,SUPER CHICKEN JUMPER,2.99,2.99,0,Very Positive,251.0,"24 Sep, 2021",Sewer Cat,Action,"Difficult, 2D, Arcade, Pixel Graphics, Cute",Windows,2026-09-01T15:15:58.590816,2,Free-to-Play Powerhouses (2),5.529429087511423
788770,Meteor 60 Seconds!,0.0,0.0,0,Overwhelmingly Positive,1750.0,"26 Feb, 2018",AvoCavo,Action,"Free to Play, Funny, Indie, Multiple Endings, Simulation","Windows, Mac",2026-09-01T15:15:58.605776,0,Free-to-Play Powerhouses,7.467942332285852
214560,Mark of the Ninja,0.0,0.0,0,Overwhelmingly Positive,6992.0,,Klei Entertainment,Action,"Stealth, Platformer, Ninja, Indie, 2D","Windows, Mac, Linux",2026-09-01T15:15:58.621482,0,Free-to-Play Powerhouses,8.852664927703866
3278290,Feed The Pit,6.29,6.29,0,Overwhelmingly Positive,556.0,"30 Jun, 2026",Curious Fox Sox,Action,"Indie, Horror, Retro, Singleplayer, 3D",Windows,2026-09-01T15:15:59.149946,3,Niche / Emerging Titles,6.322565239927284
449550,Chicken Invaders 2,2.99,2.99,0,Overwhelmingly Positive,536.0,"4 Mar, 2016",InterAction studios,Action,"Action, Indie, Casual, Shoot 'Em Up, Space","Windows, Mac",2026-09-01T15:15:59.157718,2,Free-to-Play Powerhouses (2),6.285998094508865
274190,Broforce,6.99,6.99,0,Overwhelmingly Positive,20553.0,"15 Oct, 2015",Free Lives,Action,"Action, Pixel Graphics, Co-op, 2D, Local Co-Op","Windows, Mac, Linux",2026-09-01T15:15:59.174129,1,Popular Mid-Range,9.930810848185018
1239080,Door Kickers 2: Task Force North,8.49,8.49,0,Overwhelmingly Positive,7959.0,"10 Feb, 2025",KillHouse Games,Action,"Tactical, Top-Down, Real Time Tactics, Military, Real-Time with Pause","Windows, Mac",2026-09-01T15:15:59.174129,1,Popular Mid-Range,8.982184278838428
2513280,SONIC X SHADOW GENERATIONS,20.69299999999982,20.69299999999982,0,Overwhelmingly Positive,9001.0,"24 Oct, 2024",Sonic Team,Action,"Action, 3D Platformer, Fast-Paced, Great Soundtrack, Platformer",Windows,2026-09-01T15:15:59.191012,5,Premium Blockbusters,9.105202053852878
301300,Chicken Invaders 4,3.49,3.49,0,Overwhelmingly Positive,548.0,"6 Jun, 2014",InterAction studios,Action,"Indie, Casual, Action, Shoot 'Em Up, Co-op","Windows, Mac",2026-09-01T15:15:59.206694,2,Free-to-Play Powerhouses (2),6.3080984415095305
512490,Zombie Estate 2,4.99,4.99,0,Overwhelmingly Positive,618.0,"13 Jan, 2017",Sad Spaghetti Entertainment,Action,"Action, Indie, Zombies, Co-op, Pixel Graphics",Windows,2026-09-01T15:15:59.206694,3,Niche / Emerging Titles,6.428105272684596
617670,Zup! S,1.29,1.29,0,Overwhelmingly Positive,3039.0,"15 Nov, 2018",Quiet River,Action,"Puzzle, Casual, Indie, 2D, Physics",Windows,2026-09-01T15:15:59.666829,0,Free-to-Play Powerhouses,8.019612794400267
2256450,RAM: Random Access Mayhem,6.99,6.99,0,Overwhelmingly Positive,610.0,"15 Sep, 2025",Xylem Studios,Action,"PvE, Action Roguelike, Roguelite, Fast-Paced, Difficult","Windows, Mac",2026-09-01T15:15:59.682482,3,Niche / Emerging Titles,6.415096959171596
3667230,The Deadseat,1.89,1.89,0,Overwhelmingly Positive,611.0,"14 May, 2025",Curious Fox Sox,Action,"Singleplayer, Story Rich, Survival Horror, Horror, Dark",Windows,2026-09-01T15:15:59.682482,2,Free-to-Play Powerhouses (2),6.416732282512326
512900,Streets of Rogue,8.19,8.19,0,Overwhelmingly Positive,8400.0,"12 Jul, 2019",Matt Dabrowski,Action,"Roguelite, Action Roguelike, Pixel Graphics, Multiplayer, RPG","Windows, Mac, Linux",2026-09-01T15:15:59.698111,1,Popular Mid-Range,9.036106025364846
629730,Blade and Sorcery,14.49,14.49,0,Overwhelmingly Positive,40274.09999999998,"17 Jun, 2024",WarpFrog,Action,"VR, Swordplay, Moddable, Gore, Sandbox",Windows,2026-09-01T15:15:59.724406,5,Premium Blockbusters,10.603488690971949
32440,LEGO® Star Wars™ - The Complete Saga,19.99,19.99,0,Overwhelmingly Positive,14590.0,"12 Nov, 2009",Traveller's Tales,Action,"Local Co-Op, Adventure, Co-op, Family Friendly, Multiplayer",Windows,2026-09-01T15:15:59.804698,5,Premium Blockbusters,9.588160179264023
2532550,LIZARDS MUST DIE,1.99,1.99,0,Very Positive,808.0,"27 Sep, 2023",Smola Game Studio,Action,"Historical, Souls-like, Spectacle fighter, Hack and Slash, Third Person","Windows, Mac",2026-09-01T15:15:59.820429,0,Free-to-Play Powerhouses,6.695798917058491
500,Left 4 Dead,5.49,5.49,0,Overwhelmingly Positive,20160.0,"17 Nov, 2008",Valve,Action,"Zombies, Co-op, Multiplayer, FPS, Action",Windows,2026-09-01T15:15:59.836028,1,Popular Mid-Range,9.911505324129712
2239150,Thronefall,6.49,6.49,0,Overwhelmingly Positive,11006.0,"11 Oct, 2024",GrizzlyGames,Action,"Tower Defense, Strategy, City Builder, Minimalist, Medieval","Windows, Mac",2026-09-01T15:15:59.843596,1,Popular Mid-Range,9.306286713023391
2386720,STRAFTAT,0.0,0.0,0,Overwhelmingly Positive,16847.0,"24 Oct, 2024",Sirius Lemaitre,Action,"Action, FPS, Shooter, PvP, Free to Play","Windows, Mac, Linux",2026-09-01T15:15:59.860579,0,Free-to-Play Powerhouses,9.731987234373756
1388770,Cruelty Squad,8.19,8.19,0,Overwhelmingly Positive,19963.0,"15 Jun, 2021",Consumer Softproducts,Action,"Capitalism, Surreal, Immersive Sim, FPS, Psychological Horror",Windows,2026-09-01T15:15:59.868691,1,Popular Mid-Range,9.9016859305895
3274300,Awaria,0.0,0.0,0,Overwhelmingly Positive,8949.0,"16 Dec, 2024",vanripper,Action,"Cute, Bullet Hell, Free to Play, LGBTQ+, Action",Windows,2026-09-01T15:15:59.876595,0,Free-to-Play Powerhouses,9.099408811268901
2768430,ATLYSS,5.49,5.49,0,Overwhelmingly Positive,15316.0,"22 Nov, 2024",Kiseff,Action,"Action RPG, RPG, Character Customization, Cute, Sexual Content",Windows,2026-09-01T15:15:59.893300,1,Popular Mid-Range,9.636718601664555
3265700,Vampire Crawlers: The Turbo Wildcard from Vampire Survivors,4.99,4.99,0,Very Positive,8337.0,"21 Apr, 2026",poncle,Action,"Card Battler, Dungeon Crawler, Deckbuilding, Strategy, Roguelike","Windows, Mac",2026-09-01T15:15:59.908750,1,Popular Mid-Range,9.028578658440741
35140,Batman: Arkham Asylum Game of the Year Edition,19.99,19.99,0,Overwhelmingly Positive,30799.0,"26 Mar, 2010",Rocksteady Studios,Action,"Action, Stealth, Third Person, Superhero, Adventure",Windows,2026-09-01T15:15:59.974150,5,Premium Blockbusters,10.335269968961667
235460,METAL GEAR RISING: REVENGEANCE,20.69299999999982,20.69299999999982,0,Overwhelmingly Positive,39033.0,"9 Jan, 2014",PlatinumGames,Action,"Great Soundtrack, Hack and Slash, Action, Spectacle fighter, Swordplay","Windows, Mac",2026-09-01T15:15:59.974150,5,Premium Blockbusters,10.572188340191147
"205100,208570,208575,212893,212894",Dishonored GOTY,12.99,12.99,0,Overwhelmingly Positive,40274.09999999998,"7 Oct, 2013",Arkane Studios,Action,"Stealth, First-Person, Assassins, Action, Steampunk",Windows,2026-09-01T15:15:59.989831,5,Premium Blockbusters,10.603488690971949
636480,Ravenfield,7.79,7.79,0,Overwhelmingly Positive,40274.09999999998,"18 May, 2017",SteelRaven7,Action,"FPS, War, Singleplayer, Shooter, Military","Windows, Mac, Linux",2026-09-01T15:16:00.009565,1,Popular Mid-Range,10.603488690971949
516480,Pinkman,0.9,0.9,0,Overwhelmingly Positive,663.0,"16 Jan, 2017",Viridino Studios,Action,"Casual, Action, Adventure, Indie, Platformer",Windows,2026-09-01T15:16:00.009565,0,Free-to-Play Powerhouses,6.498282149476434
1056490,The World is Your Weapon,5.49,5.49,0,Overwhelmingly Positive,645.0,"27 Jun, 2019",kagaya,Action,"Roguelike, RPG, Indie, Turn-Based, 2D",Windows,2026-09-01T15:16:00.023651,3,Niche / Emerging Titles,6.470799503782602
1262350,SIGNALIS,9.99,9.99,0,Overwhelmingly Positive,21212.0,"27 Oct, 2022",rose-engine,Action,"Survival Horror, Psychological Horror, Female Protagonist, Sci-fi, Atmospheric",Windows,2026-09-01T15:16:00.039285,1,Popular Mid-Range,9.96236948027235
418240,Shadow Tactics: Blades of the Shogun,1.99,1.99,0,Very Positive,9064.0,"6 Dec, 2016",Mimimi Games,Action,"Stealth, Strategy, Tactical, Ninja, Real Time Tactics","Windows, Mac, Linux",2026-09-01T15:16:00.057555,0,Free-to-Play Powerhouses,9.112176123188952
3357650,PRAGMATA,20.69299999999982,20.69299999999982,0,Overwhelmingly Positive,15505.0,"16 Apr, 2026","CAPCOM Co., Ltd.",Action,"Cute, Sci-fi, Action, Third-Person Shooter, Funny",Windows,2026-09-01T15:16:00.240020,5,Premium Blockbusters,9.648982324778904
1817070,Marvel’s Spider-Man Remastered,20.69299999999982,20.69299999999982,0,Overwhelmingly Positive,40274.09999999998,"12 Aug, 2022",Insomniac Games,Action,"Open World, Superhero, Action, Singleplayer, Story Rich",Windows,2026-09-01T15:16:00.240020,5,Premium Blockbusters,10.603488690971949
70,Half-Life,5.49,5.49,0,Overwhelmingly Positive,40274.09999999998,"19 Nov, 1998",Valve,Action,"FPS, Classic, 1990's, Sci-fi, Multiplayer","Windows, Mac, Linux",2026-09-01T15:16:00.256948,1,Popular Mid-Range,10.603488690971949
204360,Castle Crashers®,11.05,11.05,0,Overwhelmingly Positive,40274.09999999998,"26 Sep, 2012",The Behemoth,Action,"2D, Online Co-Op, Co-op, Beat 'em up, Hack and Slash","Windows, Mac",2026-09-01T15:16:00.275788,1,Popular Mid-Range,10.603488690971949
1942280,Brotato,2.99,2.99,0,Overwhelmingly Positive,32083.0,"23 Jun, 2023",Blobfish,Action,"Roguelike, Singleplayer, Bullet Hell, Action Roguelike, Local Co-Op","Windows, Mac, Linux",2026-09-01T15:16:00.290893,0,Free-to-Play Powerhouses,10.376112742486816
219150,Hotline Miami,5.49,5.49,0,Overwhelmingly Positive,40274.09999999998,"23 Oct, 2012",Dennaton Games,Action,"Great Soundtrack, Violent, Action, Indie, Pixel Graphics","Windows, Mac, Linux",2026-09-01T15:16:00.306478,1,Popular Mid-Range,10.603488690971949
238320,Outlast,1.74,1.74,0,Overwhelmingly Positive,29127.0,"4 Sep, 2013",Red Barrels,Action,"Horror, First-Person, Survival Horror, Atmospheric, Psychological Horror","Windows, Mac, Linux",2026-09-01T15:16:00.322209,0,Free-to-Play Powerhouses,10.27945518985527
1834920,Countryball: Europe 1890,2.49,2.49,0,Overwhelmingly Positive,725.0,"21 Mar, 2022",SHN Games,Action,"Strategy, War, Colorful, Turn-Based Tactics, Cute",Windows,2026-09-01T15:16:00.322209,0,Free-to-Play Powerhouses,6.587550014824796
814380,Sekiro™: Shadows Die Twice - GOTY Edition,20.69299999999982,20.69299999999982,0,Very Positive,40274.09999999998,"21 Mar, 2019","FromSoftware, Inc.",Action,"Souls-like, Difficult, Action, Singleplayer, Ninja",Windows,2026-09-01T15:16:02.524186,5,Premium Blockbusters,10.603488690971949
239140,Dying Light,18.0,18.0,0,Very Positive,40274.09999999998,"12 Mar, 2025",Techland,Action,"Zombies, Survival Horror, Horror, Online Co-Op, Open World","Windows, Mac, Linux",2026-09-01T15:16:02.539890,5,Premium Blockbusters,10.603488690971949
1426210,It Takes Two,20.69299999999982,20.69299999999982,0,Overwhelmingly Positive,40274.09999999998,"25 Mar, 2021",Hazelight Studios,Action,"Co-op, Multiplayer, Split Screen, Local Co-Op, Online Co-Op",Windows,2026-09-01T15:16:02.559042,5,Premium Blockbusters,10.603488690971949
1237970,Titanfall® 2,20.69299999999982,20.69299999999982,0,Overwhelmingly Positive,40274.09999999998,"18 Jun, 2020",Respawn Entertainment,Action,"FPS, Mechs, Multiplayer, Shooter, Singleplayer",Windows,2026-09-01T15:16:02.587405,5,Premium Blockbusters,10.603488690971949
1903340,Clair Obscur: Expedition 33,20.69299999999982,20.69299999999982,0,Overwhelmingly Positive,40274.09999999998,"24 Apr, 2025",Sandfall Interactive,Action,"Turn-Based Combat, Story Rich, Fantasy, Great Soundtrack, RPG",Windows,2026-09-01T15:16:02.650145,5,Premium Blockbusters,10.603488690971949
22380,Fallout: New Vegas,6.99,6.99,0,Overwhelmingly Positive,40274.09999999998,"21 Oct, 2010",Obsidian Entertainment,Action,"Open World, RPG, Post-apocalyptic, Singleplayer, Moddable",Windows,2026-09-01T15:16:02.666262,1,Popular Mid-Range,10.603488690971949
379720,DOOM,19.99,19.99,0,Overwhelmingly Positive,40274.09999999998,"12 May, 2016",id Software,Action,"FPS, Gore, Action, Shooter, Great Soundtrack",Windows,2026-09-01T15:16:02.682041,5,Premium Blockbusters,10.603488690971949
203160,Tomb Raider Game of the Year,2.09,2.09,0,Very Positive,40274.09999999998,"4 Mar, 2013",Crystal Dynamics,Action,"Adventure, Action, Female Protagonist, Third Person, Singleplayer","Windows, Mac",2026-09-01T15:16:02.708809,0,Free-to-Play Powerhouses,10.603488690971949
242760,The Forest,1.8,1.8,0,Overwhelmingly Positive,40274.09999999998,"30 Apr, 2018",Endnight Games Ltd,Action,"Open World Survival Craft, Survival, Horror, Open World, Crafting",Windows,2026-09-01T15:16:02.723408,0,Free-to-Play Powerhouses,10.603488690971949
839870,Wilmot's Warehouse,6.99,6.99,0,Overwhelmingly Positive,526.0,"29 Aug, 2019",Hollow Ponds,Action,"Indie, Casual, Simulation, Puzzle, Adventure","Windows, Mac",2026-09-01T15:16:02.739047,3,Niche / Emerging Titles,6.267200548541362
703320,Hidden & Dangerous 2: Courage Under Fire,7.99,7.99,0,Overwhelmingly Positive,865.0,"20 Dec, 2017",Illusion Softworks,Action,"Action, Strategy, FPS, Tactical, World War II",Windows,2026-09-01T15:16:02.759234,1,Popular Mid-Range,6.763884908562435
2105620,Sektori,12.49,12.49,0,Overwhelmingly Positive,881.0,"18 Nov, 2025",Kimmo Lahtinen,Action,"Twin Stick Shooter, Shoot 'Em Up, Arcade, Colorful, Arena Shooter",Windows,2026-09-01T15:16:02.770493,1,Popular Mid-Range,6.782192056006791
407310,NEKO-NIN exHeart,5.49,5.49,0,Overwhelmingly Positive,845.0,"21 Apr, 2017",Whirlpool,Action,"Anime, Sexual Content, Visual Novel, Nudity, Cute",Windows,2026-09-01T15:16:02.801819,3,Niche / Emerging Titles,6.740519359606223
862570,Ding Dong XL,0.9,0.9,0,Overwhelmingly Positive,850.0,"15 Jun, 2018",Adamvision Studios,Action,"Runner, Difficult, Arcade, Character Customization, 2D","Windows, Mac, Linux",2026-09-01T15:16:02.817981,0,Free-to-Play Powerhouses,6.7464121285733745
1962920,Kemono Friends Cellien May Cry,0.0,0.0,0,Overwhelmingly Positive,834.0,"1 May, 2022",坂本龍,Action,"Action Roguelike, Hack and Slash, Action, Female Protagonist, Action RPG","Windows, Mac",2026-09-01T15:16:02.843962,0,Free-to-Play Powerhouses,6.727431724850855
3044030,Ten Bells,2.99,2.99,0,Overwhelmingly Positive,566.0,"30 Aug, 2024",Hillfort Games,Action,"Walking Simulator, Psychological Horror, Horror, Dark, 3D","Windows, Mac",2026-09-01T15:16:02.876667,2,Free-to-Play Powerhouses (2),6.340359303727752
1853760,Frogmonster,8.19,8.19,0,Overwhelmingly Positive,579.0,"2 Apr, 2024",Ben Jungwirth,Action,"Action, Adventure, Action-Adventure, FPS, Metroidvania",Windows,2026-09-01T15:16:02.903973,3,Niche / Emerging Titles,6.363028103540465
4220820,Polyarmory: High Calibre Love,0.0,0.0,0,Overwhelmingly Positive,565.0,"12 Feb, 2026",Scope Creeps,Action,"Action, Adventure, Dating Sim, Visual Novel, Shooter",Windows,2026-09-01T15:16:02.921642,2,Free-to-Play Powerhouses (2),6.338594078203183
2732820,The Great Rebellion,7.29,7.29,0,Overwhelmingly Positive,546.0,"1 Feb, 2024",Kvltgames,Action,"Roguelike, Loot, Bullet Hell, Cyberpunk, 2D","Windows, Mac, Linux",2026-09-01T15:16:02.925016,3,Niche / Emerging Titles,6.304448802421981
1291790,Lakeview Cabin 2,6.79,6.79,0,Overwhelmingly Positive,542.0,"19 Oct, 2023",Roope Tamminen,Action,"Horror, Survival Horror, Psychological Horror, Sandbox, Exploration","Windows, Mac",2026-09-01T15:16:02.940644,3,Niche / Emerging Titles,6.297109319933935
1281790,SHEEPO,5.49,5.49,0,Overwhelmingly Positive,546.0,"26 Aug, 2020",Kyle Thompson,Action,"Metroidvania, Platformer, 2D Platformer, Adventure, Exploration",Windows,2026-09-01T15:16:02.975267,3,Niche / Emerging Titles,6.304448802421981
290690,Tonight We Riot,6.99,6.99,0,Overwhelmingly Positive,537.0,"7 May, 2020",Pixel Pushers Union 512,Action,"Indie, Action, Beat 'em up, Retro, Pixel Graphics","Windows, Mac, Linux",2026-09-01T15:16:02.988371,3,Niche / Emerging Titles,6.2878585601617845
396350,Bleed 2,5.49,5.49,0,Overwhelmingly Positive,527.0,"8 Feb, 2017",Ian Campbell,Action,"Action, Indie, Shoot 'Em Up, Bullet Hell, Female Protagonist","Windows, Mac, Linux",2026-09-01T15:16:03.004082,3,Niche / Emerging Titles,6.269096283706261
1250,Killing Floor,19.99,19.99,0,Overwhelmingly Positive,21800.0,"14 May, 2009",Tripwire Interactive,Action,"FPS, Zombies, Co-op, Survival, Horror","Windows, Mac, Linux",2026-09-01T15:16:03.371002,5,Premium Blockbusters,9.989711119284745
1167630,Teardown,20.69299999999982,20.69299999999982,0,Overwhelmingly Positive,40274.09999999998,"21 Apr, 2022",Tuxedo Labs,Action,"Destruction, Physics, Sandbox, Voxel, Multiplayer",Windows,2026-09-01T15:16:03.386728,5,Premium Blockbusters,10.603488690971949
1145350,Hades II,10.49,10.49,0,Overwhelmingly Positive,40274.09999999998,"25 Sep, 2025",Supergiant Games,Action,"Action, Roguelike, Roguelite, Hack and Slash, Mythology","Windows, Mac",2026-09-01T15:16:03.402308,1,Popular Mid-Range,10.603488690971949
1593500,God of War,20.69299999999982,20.69299999999982,0,Overwhelmingly Positive,40274.09999999998,"14 Jan, 2022",Santa Monica Studio,Action,"Action, Singleplayer, Story Rich, Mythology, Adventure",Windows,2026-09-01T15:16:03.433814,5,Premium Blockbusters,10.603488690971949
2835570,Buckshot Roulette,1.49,1.49,0,Overwhelmingly Positive,35977.0,"4 Apr, 2024",Mike Klubnika,Action,"Multiplayer, Dark, Gambling, Horror, First-Person","Windows, Linux",2026-09-01T15:16:03.449513,0,Free-to-Play Powerhouses,10.49066291952263
1313140,Cult of the Lamb,12.99,12.99,0,Overwhelmingly Positive,40274.09999999998,"11 Aug, 2022",Massive Monster,Action,"Base Building, Action Roguelike, Cute, Cult, Singleplayer","Windows, Mac",2026-09-01T15:16:03.465698,5,Premium Blockbusters,10.603488690971949
4957110,群侠传：幸存者,0.0,0.0,0,Overwhelmingly Positive,879.0,"11 Aug, 2026",Nenly Studio,Action,"Roguelike, Action, Action Roguelike, Singleplayer, Wuxia",Windows,2026-09-01T15:16:03.465698,0,Free-to-Play Powerhouses,6.779921907472252
386940,Ultimate Chicken Horse,6.99,6.99,0,Overwhelmingly Positive,14702.0,"4 Mar, 2016",Clever Endeavour Games,Action,"Multiplayer, Party, Local Co-Op, Funny, Platformer","Windows, Mac, Linux",2026-09-01T15:16:05.224157,1,Popular Mid-Range,9.595806833577658
732690,FIVE NIGHTS AT FREDDY'S: HELP WANTED,10.49,10.49,0,Overwhelmingly Positive,7484.0,"28 May, 2019",Steel Wool Studios,Action,"Horror, VR, Singleplayer, Robots, Survival Horror",Windows,2026-09-01T15:16:06.037800,1,Popular Mid-Range,8.920656296853728
377840,FINAL FANTASY IX,8.19,8.19,0,Very Positive,7048.0,"14 Apr, 2016",Square Enix,Action,"JRPG, Story Rich, Great Soundtrack, Fantasy, Classic",Windows,2026-09-01T15:16:06.084837,1,Popular Mid-Range,8.860641041773876
3830,Psychonauts,9.99,9.99,0,Overwhelmingly Positive,8996.0,"11 Oct, 2006",Double Fine Productions,Action,"Platformer, Comedy, Adventure, Singleplayer, Action","Windows, Mac, Linux",2026-09-01T15:16:06.328992,1,Popular Mid-Range,9.104646467417119
1229380,Everhood,6.99,6.99,0,Overwhelmingly Positive,8186.0,"4 Mar, 2021",Chris Nordgren,Action,"Great Soundtrack, Music, Story Rich, Psychedelic, Singleplayer",Windows,2026-09-01T15:16:06.376335,1,Popular Mid-Range,9.010302809376448
607080,Psychonauts 2,2.99,2.99,0,Overwhelmingly Positive,8416.0,"24 Aug, 2021",Double Fine Productions,Action,"3D Platformer, Story Rich, Singleplayer, Comedy, Psychological","Windows, Mac, Linux",2026-09-01T15:16:06.423212,0,Free-to-Play Powerhouses,9.038008749211576
400910,Rabi-Ribi,7.2,7.2,0,Overwhelmingly Positive,2660.0,"28 Jan, 2016",CreSpirit,Action,"Anime, Metroidvania, Bullet Hell, Female Protagonist, Pixel Graphics",Windows,2026-09-01T15:16:06.457584,1,Popular Mid-Range,7.886457270977689
813630,Supraland,1.63,1.63,0,Overwhelmingly Positive,4908.0,"5 Apr, 2019",Supra Games,Action,"Puzzle Platformer, Exploration, Metroidvania, Adventure, First-Person",Windows,2026-09-01T15:16:06.489061,0,Free-to-Play Powerhouses,8.498825534058053
686200,Door Kickers: Action Squad,6.79,6.79,0,Very Positive,2018.0,"10 Sep, 2018",PixelShard,Action,"2D Platformer, Pixel Graphics, Local Co-Op, Retro, Action",Windows,2026-09-01T15:16:06.886061,1,Popular Mid-Range,7.610357618312838
2168680,Nuclear Option,10.99,10.99,0,Overwhelmingly Positive,8288.0,"15 Oct, 2023",Shockfront Studios,Action,"Early Access, Flight, Simulation, Military, Action",Windows,2026-09-01T15:16:06.917430,1,Popular Mid-Range,9.022684613591526
1205450,Turnip Boy Commits Tax Evasion,6.99,6.99,0,Overwhelmingly Positive,7071.0,"22 Apr, 2021",Snoozy Kazoo,Action,"Exploration, Puzzle, RPG, Top-Down, Funny","Windows, Mac, Linux",2026-09-01T15:16:06.970624,1,Popular Mid-Range,8.863898604317479
1359980,POSTAL: Brain Damaged,8.19,8.19,0,Very Positive,5188.0,"9 Jun, 2022",Hyperstrange,Action,"Shooter, Action, Boomer Shooter, Stylized, Atmospheric",Windows,2026-09-01T15:16:07.012005,1,Popular Mid-Range,8.55429627936774
2375550,Like a Dragon Gaiden: The Man Who Erased His Name,20.69299999999982,20.69299999999982,0,Overwhelmingly Positive,4934.0,"8 Nov, 2023",RGG Studio,Action,"Action, Beat 'em up, Action RPG, Sexual Content, Action-Adventure",Windows,2026-09-01T15:16:07.027139,5,Premium Blockbusters,8.504107951867582
1227690,Severed Steel,8.49,8.49,0,Overwhelmingly Positive,4719.0,"17 Sep, 2021",Greylock Studio,Action,"FPS, Parkour, Bullet Time, Action, Shooter",Windows,2026-09-01T15:16:07.074465,1,Popular Mid-Range,8.459564078579602
1119980,In Sound Mind,11.99,11.99,0,Overwhelmingly Positive,3116.0,"28 Sep, 2021",We Create Stuff,Action,"Horror, Psychological Horror, Story Rich, Puzzle, Action",Windows,2026-09-01T15:16:07.105800,1,Popular Mid-Range,8.044626279767337
49600,Beat Hazard,1.64,1.64,0,Overwhelmingly Positive,3492.0,"15 Apr, 2010",Cold Beam Games,Action,"Rhythm, Music-Based Procedural Generation, Twin Stick Shooter, Bullet Hell, Shoot 'Em Up","Windows, Mac, Linux",2026-09-01T15:16:07.137519,0,Free-to-Play Powerhouses,8.158516244806831
"236450,246250,246251,246252,246253,246254,246255,246256,246257",PAC-MAN Championship Edition DX+ All You Can Eat Edition Bundle,14.99,14.99,0,Overwhelmingly Positive,5159.0,"24 Sep, 2013","Mine Loader Software Co., Ltd.",Action,"Arcade, Retro, Classic, Action, Score Attack",Windows,2026-09-01T15:16:07.185064,5,Premium Blockbusters,8.548691858475609
2638370,Five Nights at Freddy's: Into the Pit,8.19,8.19,0,Overwhelmingly Positive,5122.0,"7 Aug, 2024",Mega Cat Studios,Action,"Horror, Pixel Graphics, Adventure, 2D, Singleplayer",Windows,2026-09-01T15:16:07.207639,1,Popular Mid-Range,8.541495483939203
3330,Zuma Deluxe,4.99,4.99,0,Overwhelmingly Positive,2753.0,"30 Aug, 2006","PopCap Games, Inc.",Action,"Match 3, Puzzle, Arcade, 2D, Strategy","Windows, Mac",2026-09-01T15:16:07.272208,1,Popular Mid-Range,7.9208096792886
1484720,Dead Estate,6.99,6.99,0,Very Positive,4033.0,"19 Oct, 2021",Milkbar Lads,Action,"Action Roguelike, Twin Stick Shooter, Roguelike, Horror, Difficult",Windows,2026-09-01T15:16:07.303472,1,Popular Mid-Range,8.302513718514158
571310,SteamWorld Dig 2,8.19,8.19,0,Overwhelmingly Positive,3085.0,"22 Sep, 2017",Image & Form Games,Action,"Adventure, Metroidvania, Indie, Action, Platformer","Windows, Mac, Linux",2026-09-01T15:16:07.334720,1,Popular Mid-Range,8.034631032923107
293780,Crawl,6.99,6.99,0,Overwhelmingly Positive,3938.0,"11 Apr, 2017",Powerhoof,Action,"Pixel Graphics, Dungeon Crawler, Local Multiplayer, 4 Player Local, Action Roguelike","Windows, Mac, Linux",2026-09-01T15:16:07.398087,1,Popular Mid-Range,8.278682162970906
914710,Cat Quest II,6.99,6.99,0,Very Positive,1994.0,"24 Sep, 2019",The Gentlebros,Action,"Adventure, Exploration, Action RPG, Local Co-Op, Hack and Slash","Windows, Mac",2026-09-01T15:16:07.445521,1,Popular Mid-Range,7.598399329323964
562220,Zup! 2,1.29,1.29,0,Very Positive,1288.0,"5 Dec, 2016",Quiet River,Action,"Puzzle, Casual, Indie, 2D, Fast-Paced",Windows,2026-09-01T15:16:07.476827,0,Free-to-Play Powerhouses,7.161622002939187
2215200,LEGO® Batman™: Legacy of the Dark Knight,20.69299999999982,20.69299999999982,0,Overwhelmingly Positive,6471.0,"22 May, 2026",TT Games,Action,"Co-op, Open World, Superhero, Comic Book, Multiplayer",Windows,2026-09-01T15:16:08.322065,5,Premium Blockbusters,8.775240458738327
35700,Trine Enchanted Edition,14.99,14.99,0,Very Positive,4647.0,"2 Jul, 2009",Frozenbyte,Action,"Puzzle Platformer, Beautiful, Fantasy, Platformer, Physics","Windows, Mac, Linux",2026-09-01T15:16:08.353330,5,Premium Blockbusters,8.444192298531748
250760,Shovel Knight: Treasure Trove,12.99,12.99,0,Overwhelmingly Positive,10116.0,"26 Jun, 2014",Yacht Club Games,Action,"Platformer, Pixel Graphics, Retro, Great Soundtrack, Indie","Windows, Mac, Linux",2026-09-01T15:16:08.416060,1,Popular Mid-Range,9.22197245620589
236090,Dust: An Elysian Tail,14.99,14.99,0,Very Positive,9307.0,"24 May, 2013",Humble Hearts LLC,Action,"Action, Platformer, Metroidvania, Indie, RPG","Windows, Mac, Linux",2026-09-01T15:16:08.447785,5,Premium Blockbusters,9.138629524422182
858210,Nova Drift,7.79,7.79,0,Overwhelmingly Positive,9085.0,"12 Aug, 2024",Chimeric,Action,"Action Roguelike, Arena Shooter, Bullet Hell, Shoot 'Em Up, Roguelite","Windows, Mac",2026-09-01T15:16:08.495278,1,Popular Mid-Range,9.114490046319348
35720,Trine 2: Complete Story,8.19,8.19,0,Very Positive,5712.0,"6 Jun, 2013",Frozenbyte,Action,"Puzzle Platformer, Platformer, Adventure, Beautiful, Action","Windows, Mac, Linux",2026-09-01T15:16:08.542068,1,Popular Mid-Range,8.650499558724462
6000,STAR WARS™ Republic Commando™,9.99,9.99,0,Overwhelmingly Positive,10021.0,"8 Jul, 2009",LucasArts,Action,"FPS, Action, Tactical, Sci-fi, Singleplayer",Windows,2026-09-01T15:16:08.589024,1,Popular Mid-Range,9.21253795551967
1114940,I Wanna Maker,0.0,0.0,0,Very Positive,1653.0,"9 Nov, 2023",The Elephant Crew,Action,"Precision Platformer, Level Editor, Free to Play, 2D Platformer, Character Customization",Windows,2026-09-01T15:16:08.636077,0,Free-to-Play Powerhouses,7.4109518755836366
2725260,ENDER MAGNOLIA: Bloom in the Mist,8.49,8.49,0,Overwhelmingly Positive,4648.0,"22 Jan, 2025",Adglobe,Action,"Metroidvania, 2D, Female Protagonist, Dark Fantasy, Singleplayer",Windows,2026-09-01T15:16:10.238384,1,Popular Mid-Range,8.444407421690585
410320,EARTH DEFENSE FORCE 4.1 The Shadow of New Despair,8.19,8.19,0,Overwhelmingly Positive,5928.0,"18 Jul, 2016",SANDLOT,Action,"Action, Third-Person Shooter, Co-op, Online Co-Op, Aliens",Windows,2026-09-01T15:16:10.275157,1,Popular Mid-Range,8.687610843707368
2320,Quake II,6.99,6.99,0,Very Positive,5608.0,"3 Aug, 2007",id Software,Action,"FPS, Classic, Action, Boomer Shooter, Shooter",Windows,2026-09-01T15:16:10.285780,1,Popular Mid-Range,8.632127729508337
102600,Orcs Must Die!,5.49,5.49,0,Overwhelmingly Positive,3633.0,"11 Oct, 2011",Robot Entertainment,Action,"Tower Defense, Action, Strategy, Third Person, Fantasy",Windows,2026-09-01T15:16:11.137570,1,Popular Mid-Range,8.198089248956116
70400,Recettear: An Item Shop's Tale,19.99,19.99,0,Overwhelmingly Positive,5524.0,"15 Oct, 2010",EasyGameStation,Action,"Capitalism, Anime, RPG, Dungeon Crawler, JRPG",Windows,2026-09-01T15:16:11.151120,5,Premium Blockbusters,8.617038526385954
1215390,Animal Revolt Battle Simulator,6.99,6.99,0,Overwhelmingly Positive,4992.0,"15 Apr, 2022",VDimension,Action,"Sandbox, Indie, Simulation, Dinosaurs, Physics",Windows,2026-09-01T15:16:11.477568,1,Popular Mid-Range,8.51579221050061
359050,Shower With Your Dad Simulator 2015: Do You Still Shower With Your Dad,0.63,0.63,0,Overwhelmingly Positive,4737.0,"2 Sep, 2015",marbenx,Action,"Arcade, 2D, Funny, Story Rich, Casual",Windows,2026-09-01T15:16:11.488158,0,Free-to-Play Powerhouses,8.463370384718731
266010,LYNE,1.89,1.89,0,Overwhelmingly Positive,3544.0,"17 Mar, 2014",Thomas Bowker,Action,"Puzzle, Logic, Minimalist, Relaxing, Difficult","Windows, Mac, Linux",2026-09-01T15:16:11.488158,0,Free-to-Play Powerhouses,8.173293438966228
1138850,Heavenly Bodies,10.49,10.49,0,Overwhelmingly Positive,2265.0,"7 Dec, 2021",2pt Interactive,Action,"Physics, Local Co-Op, Difficult, Space, Puzzle","Windows, Mac",2026-09-01T15:16:11.503867,1,Popular Mid-Range,7.725771441587952
860950,Mark of the Ninja: Remastered,8.19,8.19,0,Overwhelmingly Positive,2712.0,"9 Oct, 2018",Klei Entertainment,Action,"Stealth, Ninja, 2D, Action, Indie","Windows, Mac, Linux",2026-09-01T15:16:11.519416,1,Popular Mid-Range,7.905810312658931
1848450,Nightmare of Decay,2.99,2.99,0,Overwhelmingly Positive,2884.0,"3 May, 2022",Checkmaty,Action,"Horror, Action, Survival Horror, FPS, Zombies",Windows,2026-09-01T15:16:11.703826,0,Free-to-Play Powerhouses,7.9672801789422
1293860,The Riftbreaker: Prologue,0.0,0.0,0,Overwhelmingly Positive,1208.0,"5 Aug, 2020",EXOR Studios,Action,"Online Co-Op, Multiplayer, Base Building, Survival, Free to Play",Windows,2026-09-01T15:16:11.719449,0,Free-to-Play Powerhouses,7.097548850614793
1179210,Kill It With Fire,6.49,6.49,0,Overwhelmingly Positive,2679.0,"13 Aug, 2020",Casey Donnellan Games LLC,Action,"Action, Simulation, Comedy, Destruction, Family Friendly",Windows,2026-09-01T15:16:11.735130,1,Popular Mid-Range,7.893572073504902
246840,FATE,4.49,4.49,0,Overwhelmingly Positive,3524.0,"12 Dec, 2013",WildTangent,Action,"RPG, Dogs, Dungeon Crawler, Action, Adventure",Windows,2026-09-01T15:16:11.766387,0,Free-to-Play Powerhouses,8.16763571524637
2608270,Intravenous 2,5.76,5.76,0,Overwhelmingly Positive,2531.0,"15 Aug, 2024",Explosive Squat Games,Action,"Tactical, Shooter, Stealth, Realistic, Singleplayer",Windows,2026-09-01T15:16:11.778401,1,Popular Mid-Range,7.836764783264067
1887400,ANTONBLAST,10.99,10.99,0,Overwhelmingly Positive,2933.0,"3 Dec, 2024",Summitsphere,Action,"2D Platformer, 2D, Action, Singleplayer, Fast-Paced",Windows,2026-09-01T15:16:11.782410,1,Popular Mid-Range,7.984121958702927
33100,Alien Shooter,3.29,3.29,0,Very Positive,864.0,"27 May, 2009",Sigma Team Inc.,Action,"Gore, Shooter, Action, Aliens, Horror",Windows,2026-09-01T15:16:11.798115,0,Free-to-Play Powerhouses,6.762729506931879
2396980,Fate/stay night REMASTERED,13.49,13.49,0,Overwhelmingly Positive,1716.0,"7 Aug, 2024",TYPE-MOON,Action,"Visual Novel, Anime, Story Rich, Sexual Content, Multiple Endings",Windows,2026-09-01T15:16:11.798115,1,Popular Mid-Range,7.448333860897476
1210250,Island Saver,0.0,0.0,0,Very Positive,1630.0,"12 May, 2020",Stormcloud Games Limited,Action,"Free to Play, Adventure, Action, Cute, Family Friendly",Windows,2026-09-01T15:16:11.824046,0,Free-to-Play Powerhouses,7.396948602621014
799070,Zup! 8,1.29,1.29,0,Very Positive,904.0,"22 Feb, 2018",Quiet River,Action,"Puzzle, Casual, Fast-Paced, Indie, 2D",Windows,2026-09-01T15:16:11.856280,0,Free-to-Play Powerhouses,6.807934943699926
816340,Kingdom Rush Origins - Tower Defense,6.99,6.99,0,Very Positive,1691.0,"17 Oct, 2018",Ironhide Game Studio,Action,"Tower Defense, Strategy, 2D, Singleplayer, Difficult","Windows, Mac, Linux",2026-09-01T15:16:11.863887,1,Popular Mid-Range,7.433666540166168
1150760,Gloomwood,7.99,7.99,0,Very Positive,5735.0,"5 Sep, 2022",Dillon Rogers,Action,"Early Access, Immersive Sim, Stealth, Survival Horror, FPS",Windows,2026-09-01T15:16:11.877336,1,Popular Mid-Range,8.654517382279456
1727650,死寂（Deathly Stillness）,0.0,0.0,0,Very Positive,5115.0,"4 Sep, 2021",谌嘉诚,Action,"Sexual Content, Free to Play, Zombies, FPS, Multiplayer",Windows,2026-09-01T15:16:12.205820,0,Free-to-Play Powerhouses,8.540128162698734
22320,The Elder Scrolls III: Morrowind® Game of the Year Edition,14.99,14.99,0,Overwhelmingly Positive,17789.0,"16 Jun, 2009",Bethesda Game Studios,Action,"RPG, Open World, Fantasy, Classic, Great Soundtrack",Windows,2026-09-01T15:16:12.221444,5,Premium Blockbusters,9.786391780659882
3880190,Coconut Simulator 2,0.9,0.9,0,Overwhelmingly Positive,589.0,"15 Nov, 2025",Dynamic Games,Action,"Action, Simulation, Psychological Horror, Casual, Adventure",Windows,2026-09-01T15:16:12.268726,2,Free-to-Play Powerhouses (2),6.380122536899765
568090,Tattletail,4.49,4.49,0,Very Positive,3630.0,"28 Dec, 2016",Waygetter Electronics,Action,"Horror, First-Person, Survival Horror, Singleplayer, 1990's","Windows, Mac",2026-09-01T15:16:12.279321,0,Free-to-Play Powerhouses,8.197263371414335
57300,Amnesia: The Dark Descent,8.19,8.19,0,Overwhelmingly Positive,12864.0,"8 Sep, 2010",Frictional Games,Action,"Horror, Gore, Psychological Horror, Survival Horror, Atmospheric","Windows, Mac, Linux",2026-09-01T15:16:12.284833,1,Popular Mid-Range,9.462265724715845
692890,Roboquest,9.99,9.99,0,Overwhelmingly Positive,13671.0,"7 Nov, 2023",RyseUp Studios,Action,"FPS, Action Roguelike, Roguelite, Online Co-Op, Co-op",Windows,2026-09-01T15:16:12.300540,1,Popular Mid-Range,9.523105224795426
3375780,Trails in the Sky 1st Chapter,20.69299999999982,20.69299999999982,0,Overwhelmingly Positive,2747.0,"19 Sep, 2025",Nihon Falcom,Action,"JRPG, RPG, Adventure, Turn-Based Combat, Female Protagonist",Windows,2026-09-01T15:16:12.316163,5,Premium Blockbusters,7.91862865334224
2454890,DEATH IN UNISON,4.99,4.99,0,Overwhelmingly Positive,651.0,"29 Aug, 2024",Blank Dream Studios,Action,"Horror, Online Co-Op, First-Person, Survival Horror, PvE",Windows,2026-09-01T15:16:13.036541,3,Niche / Emerging Titles,6.480044561926653
3500390,Mega Man Star Force Legacy Collection,20.69299999999982,20.69299999999982,0,Overwhelmingly Positive,648.0,"26 Mar, 2026","CAPCOM Co., Ltd.",Action,"RPG, Action, Action RPG, Card Battler, Story Rich",Windows,2026-09-01T15:16:13.047927,5,Premium Blockbusters,6.47543271670409
249130,LEGO® Marvel™ Super Heroes,19.99,19.99,0,Very Positive,8236.0,"15 Nov, 2013",Traveller's Tales,Action,"Open World, Superhero, Local Co-Op, Adventure, Action",Windows,2026-09-01T15:16:13.058526,5,Premium Blockbusters,9.016391478941248
3747730,Legacy of Kain: Defiance Remastered,12.49,12.49,0,Overwhelmingly Positive,634.0,"3 Mar, 2026",Crystal Dynamics,Action,"Action, Adventure, Vampires, Action-Adventure, Story Rich",Windows,2026-09-01T15:16:13.072712,1,Popular Mid-Range,6.453624998892692
2966850,Shotgun Cop Man,5.49,5.49,0,Overwhelmingly Positive,630.0,"1 May, 2025",DeadToast Entertainment,Action,"Action, Precision Platformer, Shooter, Arcade, Moddable",Windows,2026-09-01T15:16:13.088905,3,Niche / Emerging Titles,6.447305862541213
247080,Crypt of the NecroDancer,6.99,6.99,0,Overwhelmingly Positive,12553.0,"23 Apr, 2015",Brace Yourself Games,Action,"Rhythm, Roguelike, Great Soundtrack, Pixel Graphics, Dungeon Crawler","Windows, Mac, Linux",2026-09-01T15:16:13.556423,1,Popular Mid-Range,9.437794618877478
837470,Untitled Goose Game,8.99,8.99,0,Overwhelmingly Positive,10248.0,"23 Sep, 2020",House House,Action,"Funny, Villain Protagonist, Multiplayer, Co-op, Cute","Windows, Mac",2026-09-01T15:16:13.572036,1,Popular Mid-Range,9.234935418831563
813230,ANIMAL WELL,11.49,11.49,0,Overwhelmingly Positive,12984.0,"9 May, 2024",Billy Basso,Action,"Metroidvania, Exploration, Puzzle, Pixel Graphics, Puzzle Platformer",Windows,2026-09-01T15:16:13.583045,1,Popular Mid-Range,9.471550124096849
2504480,Indigo Park: Chapter 1,0.0,0.0,0,Overwhelmingly Positive,17185.0,"18 May, 2024",UniqueGeese,Action,"Horror, Free to Play, First-Person, Indie, Singleplayer",Windows,2026-09-01T15:16:13.588054,0,Free-to-Play Powerhouses,9.751850377873168
260230,Valiant Hearts: The Great War™ / Soldats Inconnus : Mémoires de la Grande Guerre™,10.99,10.99,0,Very Positive,7307.0,"25 Jun, 2014",Ubisoft Montpellier,Action,"Atmospheric, Historical, World War I, Adventure, War",Windows,2026-09-01T15:16:13.903827,1,Popular Mid-Range,8.896724917497897
756800,Contraband Police,14.99,14.99,0,Overwhelmingly Positive,10612.0,"8 Mar, 2023",Crazy Rocks,Action,"Open World, Simulation, Singleplayer, First-Person, Realistic",Windows,2026-09-01T15:16:13.919451,5,Premium Blockbusters,9.269834943761822
609320,FAR: Lone Sails,1.74,1.74,0,Very Positive,8971.0,"17 May, 2018",Okomotive,Action,"Atmospheric, Adventure, Post-apocalyptic, Singleplayer, Exploration","Windows, Mac",2026-09-01T15:16:13.919451,0,Free-to-Play Powerhouses,9.101863895640099
2062430,BALL x PIT,5.49,5.49,0,Overwhelmingly Positive,15329.0,"15 Oct, 2025",Kenny Sun and Friends,Action,"Action, Roguelite, Arcade, Roguelike, Bullet Hell","Windows, Mac",2026-09-01T15:16:13.935096,1,Popular Mid-Range,9.63756697186586
1127400,Mindustry,5.49,5.49,0,Very Positive,9740.0,"26 Sep, 2019",AnukenDev,Action,"Automation, Base Building, Tower Defense, Resource Management, RTS","Windows, Mac, Linux",2026-09-01T15:16:13.955759,1,Popular Mid-Range,9.184099060770956
557340,My Friend Pedro,8.19,8.19,0,Overwhelmingly Positive,11142.0,"20 Jun, 2019",DeadToast Entertainment,Action,"Action, Indie, Shooter, Gore, Parkour",Windows,2026-09-01T15:16:13.967447,1,Popular Mid-Range,9.318566777047053
50,Half-Life: Opposing Force,2.99,2.99,0,Overwhelmingly Positive,13479.0,"1 Nov, 1999",Gearbox Software,Action,"FPS, Action, Classic, Sci-fi, Singleplayer","Windows, Mac, Linux",2026-09-01T15:16:14.203549,0,Free-to-Play Powerhouses,9.508962384466297
1557740,ROUNDS,1.49,1.49,0,Overwhelmingly Positive,26409.0,"1 Apr, 2021",Landfall,Action,"Multiplayer, Fighting, Local Multiplayer, 2D Fighter, Deckbuilding","Windows, Mac",2026-09-01T15:16:14.203549,0,Free-to-Play Powerhouses,10.181498005291179
3124540,Far Far West,6.39,6.39,0,Overwhelmingly Positive,19667.0,"28 Apr, 2026",Evil Raptor,Action,"Early Access, Online Co-Op, FPS, PvE, Western",Windows,2026-09-01T15:16:14.219152,1,Popular Mid-Range,9.88674822853183
2218750,Halls of Torment,4.99,4.99,0,Overwhelmingly Positive,21197.0,"24 Sep, 2024",Chasing Carrots,Action,"Action Roguelike, Roguelite, Bullet Hell, Pixel Graphics, Dark Fantasy","Windows, Linux",2026-09-01T15:16:14.234694,1,Popular Mid-Range,9.9616621165872
257510,The Talos Principle,10.49,10.49,0,Overwhelmingly Positive,17112.0,"11 Dec, 2014",Croteam,Action,"Puzzle, Philosophical, First-Person, Sci-fi, Story Rich","Windows, Mac, Linux",2026-09-01T15:16:14.251630,1,Popular Mid-Range,9.747593687577451
1718570,ASTLIBRA Revision,8.49,8.49,0,Overwhelmingly Positive,3341.0,"13 Oct, 2022",KEIZO,Action,"Action RPG, 2D, Side Scroller, JRPG, Metroidvania",Windows,2026-09-01T15:16:14.266212,1,Popular Mid-Range,8.114324709155339
434570,Blood and Bacon,0.9,0.9,0,Overwhelmingly Positive,13319.0,"1 Feb, 2016",Big Corporation,Action,"Gore, Funny, Multiplayer, Shooter, Action",Windows,2026-09-01T15:16:14.266212,0,Free-to-Play Powerhouses,9.49702194409438
107100,Bastion,6.99,6.99,0,Overwhelmingly Positive,17708.0,"16 Aug, 2011",Supergiant Games,Action,"Great Soundtrack, Indie, Action, Singleplayer, RPG","Windows, Mac, Linux",2026-09-01T15:16:14.283513,1,Popular Mid-Range,9.7818282639088
"4700,4780",Total War: Medieval II - Definitive Edition,14.99,14.99,0,Overwhelmingly Positive,27780.0,"27 Nov, 2007",CREATIVE ASSEMBLY,Action,"Strategy, Medieval, Historical, Turn-Based Strategy, Grand Strategy","Windows, Mac, Linux",2026-09-01T15:16:14.283513,5,Premium Blockbusters,10.232107612780684
4700,Total War: MEDIEVAL II – Definitive Edition,14.99,14.99,0,Overwhelmingly Positive,16922.0,"27 Nov, 2007",CREATIVE ASSEMBLY,Action,"Strategy, Medieval, Historical, Turn-Based Strategy, Grand Strategy","Windows, Mac, Linux",2026-09-01T15:16:14.298105,5,Premium Blockbusters,9.736428922408086
2152740,ADEN,4.99,4.99,0,Overwhelmingly Positive,667.0,"11 Dec, 2024",takayakata,Action,"Cute, Psychological Horror, Surreal, Anime, Sci-fi",Windows,2026-09-01T15:16:14.307407,3,Niche / Emerging Titles,6.504288173536645
1589570,Dunjungle,9.99,9.99,0,Overwhelmingly Positive,692.0,"10 Dec, 2025",Bruno Bombardi,Action,"Action Roguelike, Singleplayer, Procedural Generation, Pixel Graphics, Difficult","Windows, Mac",2026-09-01T15:16:14.307407,1,Popular Mid-Range,6.541029999189903
3335120,Coconut Simulator,0.9,0.9,0,Overwhelmingly Positive,716.0,"22 Nov, 2024",Dynamic Games,Action,"Psychological Horror, Action, Simulation, Casual, Adventure",Windows,2026-09-01T15:16:14.857214,0,Free-to-Play Powerhouses,6.57507584059962
55230,Saints Row: The Third,1.99,1.99,0,Very Positive,19066.0,"17 Nov, 2011",Volition,Action,"Open World, Action, Comedy, Co-op, Third-Person Shooter","Windows, Linux",2026-09-01T15:16:14.873035,0,Free-to-Play Powerhouses,9.855714371064444
282140,SOMA,2.09,2.09,0,Overwhelmingly Positive,24394.0,"21 Sep, 2015",Frictional Games,Action,"Horror, Psychological Horror, Atmospheric, Story Rich, Dark","Windows, Mac, Linux",2026-09-01T15:16:14.878759,0,Free-to-Play Powerhouses,10.102133472249937
1213230,Rain on Your Parade,6.99,6.99,0,Overwhelmingly Positive,727.0,"15 Apr, 2021",Unbound Creations,Action,"Relaxing, Puzzle, Villain Protagonist, Stealth, Physics","Windows, Mac, Linux",2026-09-01T15:16:14.893283,3,Niche / Emerging Titles,6.590301048196686
350910,Streets of Fury EX,5.49,5.49,0,Overwhelmingly Positive,708.0,"25 Jun, 2015",Guard Crush,Action,"Beat 'em up, Local Co-Op, Local Multiplayer, Co-op Campaign, Co-op",Windows,2026-09-01T15:16:14.904067,3,Niche / Emerging Titles,6.5638555265321274
200260,Batman: Arkham City - Game of the Year Edition,19.99,19.99,0,Overwhelmingly Positive,26835.0,"7 Sep, 2012",Rocksteady Studios,Action,"Action, Open World, Stealth, Superhero, Adventure",Windows,2026-09-01T15:16:14.915264,5,Premium Blockbusters,10.197499548682778
3908900,FoE Remains,0.0,0.0,0,Overwhelmingly Positive,698.0,"29 Aug, 2025",Empalu,Action,"Post-apocalyptic, 2D Platformer, Exploration, Perma Death, Action-Adventure",Windows,2026-09-01T15:16:14.924560,0,Free-to-Play Powerhouses,6.54965074223381
881100,Noita,8.19,8.19,0,Overwhelmingly Positive,40274.09999999998,"15 Oct, 2020",Nolla Games,Action,"Physics, Roguelike, Difficult, Pixel Graphics, Dungeon Crawler",Windows,2026-09-01T15:16:14.990743,1,Popular Mid-Range,10.603488690971949
311690,Enter the Gungeon,6.99,6.99,0,Overwhelmingly Positive,39180.0,"5 Apr, 2016",Dodge Roll,Action,"Bullet Hell, Action Roguelike, Roguelike, Pixel Graphics, Difficult","Windows, Linux",2026-09-01T15:16:15.006373,1,Popular Mid-Range,10.575947214398955
3764200,Resident Evil Requiem,20.69299999999982,20.69299999999982,0,Overwhelmingly Positive,40274.09999999998,"26 Feb, 2026","CAPCOM Co., Ltd.",Action,"Survival Horror, Zombies, Horror, Third-Person Shooter, Action",Windows,2026-09-01T15:16:15.069041,5,Premium Blockbusters,10.603488690971949
221380,Age of Empires II (Retired),19.99,19.99,0,Overwhelmingly Positive,36765.0,"9 Apr, 2013",Skybox Labs,Action,"Strategy, RTS, Medieval, Multiplayer, Classic",Windows,2026-09-01T15:16:15.079307,5,Premium Blockbusters,10.512328784042817
753640,Outer Wilds,7.19,7.19,0,Overwhelmingly Positive,40274.09999999998,"18 Jun, 2020",Mobius Digital,Action,"Exploration, Space, Mystery, Story Rich, Adventure",Windows,2026-09-01T15:16:15.089122,1,Popular Mid-Range,10.603488690971949
1196590,Resident Evil Village,20.69299999999982,20.69299999999982,0,Overwhelmingly Positive,40274.09999999998,"7 May, 2021","CAPCOM Co., Ltd.",Action,"Survival Horror, Horror, First-Person, Singleplayer, Action",Windows,2026-09-01T15:16:15.104835,5,Premium Blockbusters,10.603488690971949
418370,Resident Evil 7 Biohazard,15.99,15.99,0,Very Positive,33054.0,"23 Jan, 2017","CAPCOM Co., Ltd.",Action,"Horror, Survival Horror, First-Person, Singleplayer, VR",Windows,2026-09-01T15:16:15.120457,5,Premium Blockbusters,10.405928119767678
1954750,Acquitted,4.49,4.49,0,Overwhelmingly Positive,755.0,"2 May, 2022",Nordic Empire Games,Action,"Action, Shoot 'Em Up, Zombies, Satire, Shooter",Windows,2026-09-01T15:16:15.183170,3,Niche / Emerging Titles,6.628041376179533
1662480,Nuclear Blaze,5.49,5.49,0,Overwhelmingly Positive,761.0,"18 Oct, 2021",Deepnight Games,Action,"2D Platformer, Atmospheric, Exploration, Mystery, Action-Adventure","Windows, Linux",2026-09-01T15:16:15.185762,3,Niche / Emerging Titles,6.635946555686647
3237920,Mech Havoc,3.56,3.56,0,Overwhelmingly Positive,778.0,"27 Oct, 2025",Mid Development,Action,"Early Access, Mechs, Physics, Strategy, Simulation",Windows,2026-09-01T15:16:15.199275,0,Free-to-Play Powerhouses,6.658011045870748
3489670,The Happyhills Homicide 2: Out For Blood,1.89,1.89,0,Overwhelmingly Positive,731.0,"3 Apr, 2025",Copperbolt,Action,"Singleplayer, Action, Action-Adventure, Puzzle, Side Scroller",Windows,2026-09-01T15:16:15.214982,0,Free-to-Play Powerhouses,6.595780513961311
787070,Super Ledgehop: Double Laser,0.9,0.9,0,Overwhelmingly Positive,741.0,"16 Nov, 2018",LAME Dimension,Action,"Rhythm, Top-Down Shooter, Cute, Funny, Memes","Windows, Linux",2026-09-01T15:16:15.230535,0,Free-to-Play Powerhouses,6.60934924316738
4020490,Smack Talk,2.59,2.59,0,Overwhelmingly Positive,829.0,"27 Aug, 2026",Monchii Studio,Action,"Party Game, Funny, Multiplayer, Comedy, Casual","Windows, Mac, Linux",2026-09-01T15:16:15.246251,0,Free-to-Play Powerhouses,6.721425700790643
1262040,Super Mombo Quest,8.19,8.19,0,Overwhelmingly Positive,793.0,"3 Nov, 2021",Orube Game Studio,Action,"Adventure, Action, Indie, Metroidvania, Precision Platformer",Windows,2026-09-01T15:16:15.262364,3,Niche / Emerging Titles,6.677083461247136
2008980,XENOTILT: HOSTILE PINBALL ACTION,8.19,8.19,0,Overwhelmingly Positive,761.0,"12 Nov, 2024",WIZNWAR,Action,"Pinball, Arcade, Action, Indie, Bullet Hell",Windows,2026-09-01T15:16:15.274137,3,Niche / Emerging Titles,6.635946555686647
2726490,Hamster Hunter,2.99,2.99,0,Overwhelmingly Positive,2795.0,"31 Dec, 2023",Hamuno,Action,"Exploration, Arcade, Psychological Horror, Action-Adventure, 3D","Windows, Mac, Linux",2026-09-01T15:16:17.474389,0,Free-to-Play Powerhouses,7.935945103353701
1865440,Cave Crawler,0.0,0.0,0,Very Positive,2018.0,"23 Jan, 2022",Evan Youssef,Action,"Side Scroller, 2D Platformer, Precision Platformer, Platformer, Action-Adventure",Windows,2026-09-01T15:16:17.474389,0,Free-to-Play Powerhouses,7.610357618312838
2200,Quake III Arena,14.99,14.99,0,Overwhelmingly Positive,2078.0,"3 Aug, 2007",id Software,Action,"FPS, Arena Shooter, Action, Classic, Multiplayer",Windows,2026-09-01T15:16:17.490416,5,Premium Blockbusters,7.639642287858013
2726450,Windowkill,2.99,2.99,0,Overwhelmingly Positive,2481.0,"23 Feb, 2024",torcado,Action,"Indie, Action, Action Roguelike, Bullet Hell, Arcade","Windows, Linux",2026-09-01T15:16:17.506102,0,Free-to-Play Powerhouses,7.8168199657645525
296490,GemCraft - Chasing Shadows,5.49,5.49,0,Overwhelmingly Positive,2611.0,"30 Apr, 2015",Game in a Bottle,Action,"Tower Defense, Strategy, Indie, Singleplayer, Action",Windows,2026-09-01T15:16:17.631605,1,Popular Mid-Range,7.867871490396322
254460,Obscure,6.99,6.99,0,Very Positive,1091.0,"10 Mar, 2014",Hydravision Entertainment,Action,"Horror, Survival Horror, Local Co-Op, Co-op, Action",Windows,2026-09-01T15:16:17.664179,1,Popular Mid-Range,6.9957661563048505
858710,Gravity Circuit,5.94,5.94,0,Overwhelmingly Positive,2177.0,"13 Jul, 2023",Domesticated Ant Games,Action,"Action, Platformer, Pixel Graphics, Indie, 2D","Windows, Mac, Linux",2026-09-01T15:16:17.674824,1,Popular Mid-Range,7.686162303492906
251470,TowerFall Ascension,1.39,1.39,0,Very Positive,1766.0,"11 Mar, 2014",Maddy Makes Games Inc.,Action,"Local Multiplayer, Indie, 2D Fighter, Action, Local Co-Op","Windows, Mac, Linux",2026-09-01T15:16:17.689832,0,Free-to-Play Powerhouses,7.4770384723196965
41050,Serious Sam Classic: The First Encounter,0.52,0.52,0,Overwhelmingly Positive,1206.0,"30 Aug, 2019",Croteam,Action,"Action, FPS, Classic, Shooter, Gore",Windows,2026-09-01T15:16:17.705547,0,Free-to-Play Powerhouses,7.095893221097532
1638660,Blood Spear,0.0,0.0,0,Overwhelmingly Positive,1660.0,"13 Aug, 2021",Blood Spear Dev,Action,"Violent, Indie, Gore, Atmospheric, Souls-like",Windows,2026-09-01T15:16:18.190599,0,Free-to-Play Powerhouses,7.415175109613295
781440,"OH MY GOD, LOOK AT THIS KNIGHT",0.0,0.0,0,Very Positive,949.0,"20 Feb, 2018",Foxoft,Action,"Free to Play, Adventure, Action, Indie, Funny",Windows,2026-09-01T15:16:18.202186,0,Free-to-Play Powerhouses,6.856461984594587
1487270,Last Command,6.0,6.0,0,Very Positive,486.0,"25 Oct, 2022",No Stuck Game Studio,Action,"Bullet Hell, Cute, 2D, Anime, Difficult",Windows,2026-09-01T15:16:18.217821,3,Niche / Emerging Titles,6.18826412308259
1730700,We Love Katamari REROLL+ Royal Reverie,7.49,7.49,0,Overwhelmingly Positive,1644.0,"1 Jun, 2023",MONKEYCRAFT Co. Ltd.,Action,"Action, Cute, Singleplayer, 3D, Funny",Windows,2026-09-01T15:16:18.233531,1,Popular Mid-Range,7.405495663199472
1045720,The Coma 2: Vicious Sisters,6.99,6.99,0,Very Positive,419.0,"28 Jan, 2020","Dvora Studio Co., Ltd.",Action,"Horror, Adventure, Indie, Singleplayer, Survival Horror","Windows, Mac, Linux",2026-09-01T15:16:18.268479,3,Niche / Emerging Titles,6.040254711277414
2441270,Kill The Crows,2.99,2.99,0,Overwhelmingly Positive,1697.0,"20 Aug, 2023",5minlab Corp.,Action,"Action, Western, Arcade, Female Protagonist, Top-Down Shooter","Windows, Mac",2026-09-01T15:16:18.280572,0,Free-to-Play Powerhouses,7.437206366871292
230270,N++ (NPLUSPLUS),6.99,6.99,0,Overwhelmingly Positive,2342.0,"25 Aug, 2016",Metanet Software Inc.,Action,"Precision Platformer, 2D Platformer, Local Co-Op, Difficult, Local Multiplayer","Windows, Mac, Linux",2026-09-01T15:16:18.296707,1,Popular Mid-Range,7.759187438507795
884260,Akane,2.99,2.99,0,Very Positive,1412.0,"10 Sep, 2018",Ludic Studios,Action,"Indie, Cyberpunk, Action, Pixel Graphics, Gore","Windows, Mac, Linux",2026-09-01T15:16:18.296707,0,Free-to-Play Powerhouses,7.253470382684528
405290,Charlie Murder,9.99,9.99,0,Overwhelmingly Positive,1630.0,"12 May, 2017",Ska Studios,Action,"Beat 'em up, Action, Indie, RPG, Adventure","Windows, Mac, Linux",2026-09-01T15:16:18.312426,1,Popular Mid-Range,7.396948602621014
758990,Ancient Warfare 3,6.49,6.49,0,Overwhelmingly Positive,2116.0,"26 Jan, 2024",JNI Games,Action,"Sandbox, Simulation, Action, Strategy, Indie","Windows, Linux",2026-09-01T15:16:18.328042,1,Popular Mid-Range,7.6577552711348655
1808800,Duck Simulator 2,0.0,0.0,0,Overwhelmingly Positive,2225.0,"22 Nov, 2021",Orius Games,Action,"Simulation, Adventure, RPG, Action, Surreal","Windows, Mac, Linux",2026-09-01T15:16:18.328042,0,Free-to-Play Powerhouses,7.70796153183549
3618520,Twin Shot Deluxe,5.49,5.49,0,Overwhelmingly Positive,1153.0,"30 Apr, 2026",Nitrome Limited,Action,"Action, Casual, Arcade, 2D Platformer, Cute","Windows, Mac",2026-09-01T15:16:18.891627,1,Popular Mid-Range,7.050989447068045
1460220,Evil Nun: The Broken Mask,8.19,8.19,0,Overwhelmingly Positive,1079.0,"7 Dec, 2023",Keplerians,Action,"Horror, Survival Horror, Stealth, First-Person, Violent",Windows,2026-09-01T15:16:18.912342,1,Popular Mid-Range,6.984716320118266
2849680,Utopia Must Fall,4.99,4.99,0,Overwhelmingly Positive,1214.0,"9 Sep, 2024",Pixeljam,Action,"Early Access, Arcade, Casual, Roguelite, Tower Defense","Windows, Mac",2026-09-01T15:16:18.927974,1,Popular Mid-Range,7.102499355774649
1170060,Boomerang X,9.99,9.99,0,Overwhelmingly Positive,1225.0,"8 Jul, 2021",DANG!,Action,"Arena Shooter, Fast-Paced, First-Person, Stylized, Bullet Time",Windows,2026-09-01T15:16:18.943583,1,Popular Mid-Range,7.111512116496157
2982610,Stonemachia,8.19,8.19,0,Overwhelmingly Positive,1212.0,"26 May, 2026",Crossfall Games,Action,"Souls-like, Hack and Slash, Atmospheric, Spectacle fighter, God Game",Windows,2026-09-01T15:16:18.943583,1,Popular Mid-Range,7.10085190894405
1389630,High Entropy: Challenges,0.0,0.0,0,Overwhelmingly Positive,1269.0,"1 Sep, 2020",Álvaro García (binarynonsense),Action,"Action, Adventure, Immersive Sim, Free to Play, Singleplayer",Windows,2026-09-01T15:16:18.959141,0,Free-to-Play Powerhouses,7.146772179452637
2400640,NanoApostle,10.99,10.99,0,Overwhelmingly Positive,1176.0,"12 Sep, 2024",18Light Game Ltd.,Action,"Boss Rush, Action, Dark, Action RPG, Bullet Hell",Windows,2026-09-01T15:16:18.974933,1,Popular Mid-Range,7.0707241072602764
792710,Levelhead,2.99,2.99,0,Overwhelmingly Positive,878.0,"30 Apr, 2020",Butterscotch Shenanigans,Action,"Platformer, Co-op, Level Editor, Party Game, Local Co-Op",Windows,2026-09-01T15:16:19.975437,0,Free-to-Play Powerhouses,6.778784897685177
1892420,The Bunny Graveyard,3.99,3.99,0,Overwhelmingly Positive,1338.0,"22 Sep, 2023",Pichon Games,Action,"Action, Pixel Graphics, Horror, Psychological Horror, Action-Adventure","Windows, Mac",2026-09-01T15:16:19.975437,0,Free-to-Play Powerhouses,7.199678345691172
2455780,Eventide Matter,3.49,3.49,0,Overwhelmingly Positive,908.0,"5 Nov, 2025",Ottropi Games,Action,"RPG, Inventory Management, Crafting, 2D, Puzzle",Windows,2026-09-01T15:16:19.991773,0,Free-to-Play Powerhouses,6.812345094177479
1808400,Tag: The Power of Paint,0.0,0.0,0,Overwhelmingly Positive,1015.0,"18 Apr, 2022",Tag Team,Action,"3D Platformer, Puzzle Platformer, FPS, Puzzle, Parkour",Windows,2026-09-01T15:16:20.480827,0,Free-to-Play Powerhouses,6.923628628138427
3461920,The Boba Teashop,2.39,2.39,0,Overwhelmingly Positive,1029.0,"20 Apr, 2025",Mike Ten,Action,"Horror, Psychological Horror, First-Person, Atmospheric, Walking Simulator",Windows,2026-09-01T15:16:20.498638,0,Free-to-Play Powerhouses,6.937314081223682
1859620,BRUTAL JOHN 2,3.99,3.99,0,Overwhelmingly Positive,540.0,"22 Jul, 2025",OldSchool Laws Team,Action,"Early Access, Boomer Shooter, Retro, FPS, Gore",Windows,2026-09-01T15:16:20.509155,3,Niche / Emerging Titles,6.293419278846481
1162960,Angry Video Game Nerd I & II Deluxe,2.09,2.09,0,Overwhelmingly Positive,746.0,"29 Oct, 2020",FreakZone Games,Action,"Side Scroller, 2D Platformer, Singleplayer, Gore, Funny","Windows, Mac, Linux",2026-09-01T15:16:20.513431,0,Free-to-Play Powerhouses,6.616065185132817
1344740,FOOTSIES Rollback Edition,2.49,2.49,0,Overwhelmingly Positive,526.0,"30 Sep, 2020",HiFight,Action,"2D Fighter, Fighting, PvP, Action, Casual","Windows, Mac, Linux",2026-09-01T15:16:20.525891,2,Free-to-Play Powerhouses (2),6.267200548541362
1878740,Five Nights At Floppa,1.89,1.89,0,Overwhelmingly Positive,976.0,"17 Feb, 2022",FreezyCat,Action,"Action, Horror, Comedy, First-Person, Point & Click",Windows,2026-09-01T15:16:20.530161,0,Free-to-Play Powerhouses,6.884486652042782
2864880,Dungeon Gals,6.99,6.99,0,Very Positive,83.0,"22 Apr, 2026",DoricDream,Action,"Exploration, 2D Platformer, Puzzle Platformer, Puzzle, Platformer",Windows,2026-09-01T15:16:20.883824,3,Niche / Emerging Titles,4.430816798843313
2645180,REDNEG ALLSTARS SWING-BY EDITION,5.89,5.89,0,Very Positive,82.0,"20 Jun, 2024",あうとさいど,Action,"Action, Shooter, Shoot 'Em Up, Bullet Hell, 2D Platformer",Windows,2026-09-01T15:16:20.897806,3,Niche / Emerging Titles,4.418840607796598
2421540,白猫骑士物语/ White Cat Knight,1.29,1.29,0,Very Positive,86.0,"22 Sep, 2025",Dumpling Game Studio,Action,"2D Platformer, Action-Adventure, Side Scroller, Cats, Cute","Windows, Mac",2026-09-01T15:16:20.910171,2,Free-to-Play Powerhouses (2),4.465908118654584
3957810,Beghost,2.19,2.19,0,Very Positive,84.0,"8 Jul, 2026",vidboy,Action,"Action-Adventure, 2D, Top-Down, Controller, Multiple Endings",Windows,2026-09-01T15:16:20.918650,2,Free-to-Play Powerhouses (2),4.442651256490317
1624320,Eigengrau,5.49,5.49,0,Very Positive,84.0,"5 Jun, 2023",Martin Mauersics,Action,"Shoot 'Em Up, Bullet Hell, Arcade, Action, Puzzle","Windows, Mac, Linux",2026-09-01T15:16:20.930774,3,Niche / Emerging Titles,4.442651256490317
1424630,CosmoDreamer,4.49,4.49,0,Very Positive,139.0,"2 Oct, 2020",あうとさいど,Action,"Bullet Hell, Action, Top-Down Shooter, Shooter, 2D Platformer",Windows,2026-09-01T15:16:20.942530,3,Niche / Emerging Titles,4.941642422609304
3526730,Rainbow Unicorn Dash,0.0,0.0,0,Very Positive,87.0,"20 Feb, 2026",Bird Bath Games,Action,"Action, Casual, Arcade, 2D, Colorful",Windows,2026-09-01T15:16:20.946865,2,Free-to-Play Powerhouses (2),4.477336814478207
1867740,Like Dreamer,6.79,6.79,0,Very Positive,165.0,"21 Jul, 2022",あうとさいど,Action,"Action, Shooter, Shoot 'Em Up, Bullet Hell, 2D Platformer",Windows,2026-09-01T15:16:20.963152,3,Niche / Emerging Titles,5.111987788356544
1266610,ZOE Begone!,5.49,5.49,0,Very Positive,142.0,"17 Sep, 2025",Retchy Games,Action,"Shoot 'Em Up, Bullet Hell, Stylized, Arcade, Action",Windows,2026-09-01T15:16:20.974776,3,Niche / Emerging Titles,4.962844630259907
1756100,Who The Fuck Ate Grandma ?,4.69,4.69,0,Very Positive,58.0,"23 Apr, 2026",Benjamin G,Action,"Adventure, Point & Click, Pixel Graphics, Dark Humor, Retro","Windows, Linux",2026-09-01T15:16:21.646373,3,Niche / Emerging Titles,4.07753744390572
3070380,Space Will,2.99,2.99,0,Very Positive,58.0,"16 Jul, 2024",张亮002,Action,"Action, Strategy, Casual, Singleplayer, Sci-fi",Windows,2026-09-01T15:16:21.676845,2,Free-to-Play Powerhouses (2),4.07753744390572
2384130,Shell of a King,3.14,3.14,0,Very Positive,58.0,"2 Apr, 2026",Rosune,Action,"Indie, Bullet Hell, Action, Souls-like, Difficult",Windows,2026-09-01T15:16:21.680368,2,Free-to-Play Powerhouses (2),4.07753744390572
1545250,ECHOLOCAUTION,2.99,2.99,0,Very Positive,87.0,"24 Mar, 2021",ハコニワハコビヤ,Action,"Action, Casual, Pixel Graphics, Beat 'em up, Side Scroller","Windows, Mac",2026-09-01T15:16:21.695224,2,Free-to-Play Powerhouses (2),4.477336814478207
4231020,Gum Squad,3.29,3.29,0,Very Positive,81.0,"31 May, 2026",FernMakesGames,Action,"Online Co-Op, Co-op, Multiplayer, Open World, Exploration",Windows,2026-09-01T15:16:21.696628,2,Free-to-Play Powerhouses (2),4.406719247264253
2832380,Fleximan,1.39,1.39,0,Very Positive,93.0,"28 Feb, 2024",Serio Studio,Action,"Action, Casual, Arcade, Exploration, Hidden Object",Windows,2026-09-01T15:16:21.714056,2,Free-to-Play Powerhouses (2),4.543294782270004
655350,Astro Duel 2,4.91,4.91,0,Very Positive,59.0,"7 Mar, 2024",Rusty Moyher,Action,"Platformer, Top-Down Shooter, Local Multiplayer, 2D Fighter, Funny","Windows, Mac",2026-09-01T15:16:21.725785,3,Niche / Emerging Titles,4.0943445622221
4300420,Pixel Game Maker Series MagicalShot The AttackBump☆,2.69,2.69,0,Very Positive,59.0,"15 Apr, 2026",Azuma Project,Action,"Cute, Action, Pixel Graphics, Female Protagonist, Character Action Game",Windows,2026-09-01T15:16:21.730712,2,Free-to-Play Powerhouses (2),4.0943445622221
2643930,Imaginary Friend Asylum,2.99,2.99,0,Very Positive,59.0,"19 May, 2024",Nightmare Emporium,Action,"Action, Adventure, Simulation, Interactive Fiction, Exploration",Windows,2026-09-01T15:16:21.730712,2,Free-to-Play Powerhouses (2),4.0943445622221
2753870,Kickback: Shoot to Move! 👾,1.59,1.59,0,Very Positive,59.0,"14 Jul, 2025",Dot blood,Action,"Bullet Hell, Action, Roguelite, RPG, Arcade",Windows,2026-09-01T15:16:21.747843,2,Free-to-Play Powerhouses (2),4.0943445622221
4187540,BLOODSAINT 2,0.9,0.9,0,Very Positive,60.0,"11 Feb, 2026",Walter Machado,Action,"Action, Rock Music, Fast-Paced, Arcade, Bullet Hell",Windows,2026-09-01T15:16:21.758037,2,Free-to-Play Powerhouses (2),4.110873864173311
2050070,Rusty Seas,8.19,8.19,0,Very Positive,89.0,"27 Feb, 2026",Don't Feed the Wuff,Action,"Beat 'em up, Pixel Graphics, Collectathon, Arcade, Score Attack",Windows,2026-09-01T15:16:21.763510,3,Niche / Emerging Titles,4.499809670330265
3077190,Super reaKtor,2.29,2.29,0,Very Positive,54.0,"21 Nov, 2025",SuperSAZ Studio,Action,"Bullet Hell, Score Attack, Difficult, Arcade, Tutorial","Windows, Mac, Linux",2026-09-01T15:16:22.281974,2,Free-to-Play Powerhouses (2),4.007333185232471
1009360,Harold's Walk,4.99,4.99,0,Very Positive,53.0,"15 Jul, 2024",Luke Vincent,Action,"Action, Adventure, Arcade, Platformer, Walking Simulator","Windows, Linux",2026-09-01T15:16:22.290771,3,Niche / Emerging Titles,3.9889840465642745
1939390,Dino Party,6.99,6.99,0,Very Positive,53.0,"14 Aug, 2026",Studio Nachtwerk,Action,"Multiplayer, Funny, Party Game, Fighting, Online Co-Op",Windows,2026-09-01T15:16:22.294779,3,Niche / Emerging Titles,3.9889840465642745
3243370,GRIDbeat!,8.19,8.19,0,Very Positive,93.0,"26 Mar, 2026",Ridiculous Games,Action,"Rhythm, Music, Action, Dungeon Crawler, Grid-Based Movement",Windows,2026-09-01T15:16:22.307863,3,Niche / Emerging Titles,4.543294782270004
3342430,Dino Quake,4.49,4.49,0,Very Positive,54.0,"19 Jun, 2025",Neutronized,Action,"Dinosaurs, Arcade, Indie, Platformer, 2D Platformer",Windows,2026-09-01T15:16:22.307863,3,Niche / Emerging Titles,4.007333185232471
3621930,Unsent,5.49,5.49,0,Very Positive,54.0,"20 Oct, 2025",SlimeWare,Action,"Early Access, Casual, 3D Platformer, Story Rich, Singleplayer",Windows,2026-09-01T15:16:22.324932,3,Niche / Emerging Titles,4.007333185232471
1675860,Junkster,6.99,6.99,0,Very Positive,55.0,"16 Jun, 2026",Stormcloud Games Limited,Action,"Singleplayer, 3D Platformer, Collectathon, Funny, Adventure",Windows,2026-09-01T15:16:22.324932,3,Niche / Emerging Titles,4.02535169073515
3462730,Disaster Arms - Impact Project B.A.H.N.,5.49,5.49,0,Very Positive,56.0,"3 Oct, 2025",PD_CGT,Action,"Bullet Hell, Arcade, Shoot 'Em Up, Platformer, Retro","Windows, Linux",2026-09-01T15:16:22.342283,3,Niche / Emerging Titles,4.04305126783455
3866300,Running Fable Petite Party,12.0,12.0,0,Very Positive,51.0,"30 Jan, 2026",Seashell Studio,Action,"Action, Party, 4 Player Local, Board Game, Arcade",Windows,2026-09-01T15:16:23.145528,3,Niche / Emerging Titles,3.9512437185814275
2667160,Timeworks,3.29,3.29,0,Very Positive,51.0,"30 Mar, 2024",Starworks Studios,Action,"Time Travel, First-Person, 3D Platformer, Puzzle Platformer, Puzzle",Windows,2026-09-01T15:16:23.151905,2,Free-to-Play Powerhouses (2),3.9512437185814275
4322050,CPU Invaders - Aim Hero,0.9,0.9,0,Very Positive,56.0,"30 Jan, 2026",Microblast Games,Action,"Action, Casual, Point & Click, Minimalist, Hacking",Windows,2026-09-01T15:16:23.163550,2,Free-to-Play Powerhouses (2),4.04305126783455
3570280,Upfall,0.0,0.0,0,Very Positive,53.0,"19 May, 2025",Amicable Animal,Action,"Indie, Precision Platformer, Pixel Graphics, Platformer, Arcade",Windows,2026-09-01T15:16:23.176873,2,Free-to-Play Powerhouses (2),3.9889840465642745
4591120,Bio Fail,2.19,2.19,0,Very Positive,52.0,"1 May, 2026",Langonier,Action,"Side Scroller, 2D Platformer, Puzzle Platformer, Puzzle, Platformer",Windows,2026-09-01T15:16:23.181109,2,Free-to-Play Powerhouses (2),3.970291913552122
2012500,The Katydids Incident,2.99,2.99,0,Very Positive,53.0,"14 Jun, 2022",Punx Studios,Action,"Puzzle, Exploration, Conspiracy, Crime, Simulation",Windows,2026-09-01T15:16:23.197523,2,Free-to-Play Powerhouses (2),3.9889840465642745
1348800,PROJECTIONS,6.49,6.49,0,Very Positive,64.0,"13 Jul, 2021",Wolfgun,Action,"Action, Hack and Slash, Procedural Generation, Arcade, Sci-fi",Windows,2026-09-01T15:16:23.685425,3,Niche / Emerging Titles,4.174387269895637
2941360,Pie in the Sky,5.19,5.19,0,Very Positive,63.0,"2 Feb, 2026",Monster Shop Games,Action,"Action, Adventure, Indie, Singleplayer, Comedy",Windows,2026-09-01T15:16:23.711956,3,Niche / Emerging Titles,4.1588830833596715
3652620,Wild West : The Last Cowboy,14.49,14.49,0,Very Positive,62.0,"28 Apr, 2025","DMONG Co., Ltd.",Action,"Action, Casual, Shooter, Arcade, FPS",Windows,2026-09-01T15:16:23.714401,4,Premium / AAA,4.143134726391533
2416190,Ichima-san,10.99,10.99,0,Very Positive,61.0,"8 Aug, 2024",sewohayami,Action,"3D Platformer, Metroidvania, Trivia, Platformer, Action RPG","Windows, Mac",2026-09-01T15:16:23.740490,3,Niche / Emerging Titles,4.127134385045092
1811910,The Glitch Fairy,5.89,5.89,0,Very Positive,61.0,"13 Dec, 2023",Cannon Cow,Action,"Singleplayer, Indie, 2D Platformer, Side Scroller, Shooter","Windows, Mac",2026-09-01T15:16:23.746977,3,Niche / Emerging Titles,4.127134385045092
2060870,Invincible Presents: Atom Eve,5.49,5.49,0,Overwhelmingly Positive,548.0,"14 Nov, 2023",Terrible Posture Games,Action,"Visual Novel, Adventure, Action, Female Protagonist, Superhero",Windows,2026-09-01T15:16:23.761513,3,Niche / Emerging Titles,6.3080984415095305
1425760,Pulling No Punches,0.82,0.82,0,Overwhelmingly Positive,558.0,"10 Aug, 2022",BrainDead Broccoli,Action,"Beat 'em up, Action, Hack and Slash, Character Action Game, 2D","Windows, Mac, Linux",2026-09-01T15:16:23.762824,2,Free-to-Play Powerhouses (2),6.326149473155099
314180,Deathsmiles,9.99,9.99,0,Overwhelmingly Positive,571.0,"10 Mar, 2016","CAVE Interactive CO.,LTD.",Action,"Bullet Hell, Shoot 'Em Up, Action, Arcade, Anime",Windows,2026-09-01T15:16:23.780200,3,Niche / Emerging Titles,6.349138991379798
1285360,Alien Hominid HD,6.19,6.19,0,Overwhelmingly Positive,588.0,"1 Nov, 2023",The Behemoth,Action,"Arcade, Action, Shoot 'Em Up, Side Scroller, 2D",Windows,2026-09-01T15:16:24.241387,3,Niche / Emerging Titles,6.3784261836515865
1290760,Gecko Gods,6.14,6.14,0,Overwhelmingly Positive,608.0,"16 Apr, 2026",Inresin,Action,"Adventure, Exploration, Wholesome, Platformer, Puzzle",Windows,2026-09-01T15:16:24.247552,3,Niche / Emerging Titles,6.411818267709897
3114010,CAPTURED,4.33,4.33,0,Overwhelmingly Positive,618.0,"15 Oct, 2024",Puck Redflix,Action,"Psychological Horror, Horror, Atmospheric, Exploration, Immersive Sim",Windows,2026-09-01T15:16:24.263362,3,Niche / Emerging Titles,6.428105272684596
2393920,Angeline Era,8.49,8.49,0,Overwhelmingly Positive,640.0,"8 Dec, 2025",Melos Han-Tani,Action,"Action-Adventure, Exploration, Nonlinear, Hack and Slash, Combat","Windows, Mac",2026-09-01T15:16:24.275775,3,Niche / Emerging Titles,6.46302945692067
20820,Shatter,1.29,1.29,0,Overwhelmingly Positive,657.0,"15 Mar, 2010",Sidhe,Action,"Great Soundtrack, Indie, Arcade, Action, Local Co-Op","Windows, Mac, Linux",2026-09-01T15:16:24.286839,2,Free-to-Play Powerhouses (2),6.489204931325317
4502710,Stonewards,6.29,6.29,0,Overwhelmingly Positive,662.0,"11 Aug, 2026",Banana Tiger Studio,Action,"Early Access, Online Co-Op, Roguelite, Mining, First-Person",Windows,2026-09-01T15:16:24.296866,3,Niche / Emerging Titles,6.4967749901858625
3960150,SKYSAVIOR Helicopter Services,6.49,6.49,0,Very Positive,56.0,"1 Dec, 2025",Raphael do Amaral de Albuquerque,Action,"Action, Simulation, Flight, 3D, Early Access","Windows, Linux",2026-09-01T15:16:24.310157,3,Niche / Emerging Titles,4.04305126783455
4216070,DEMON WORK WALK ～hello work poke park 葛葉の魔界大作戦～,0.0,0.0,0,Very Positive,57.0,"2 Apr, 2026",MELPOT,Action,"Action, 3D, Procedural Generation, Singleplayer, Runner",Windows,2026-09-01T15:16:24.313537,2,Free-to-Play Powerhouses (2),4.060443010546419
3358680,Salvage Protocol,4.49,4.49,0,Very Positive,65.0,"30 Apr, 2025",IAmDirt,Action,"Action-Adventure, Space, Atmospheric, Survival, Destruction",Windows,2026-09-01T15:16:24.791246,3,Niche / Emerging Titles,4.189654742026425
1434880,ROBO OH,1.89,1.89,0,Very Positive,67.0,"17 Oct, 2020",Foxy Boxy Games,Action,"Action, Indie, Fighting, Mechs, Robots",Windows,2026-09-01T15:16:24.797760,2,Free-to-Play Powerhouses (2),4.219507705176107
3454480,Gnaughty Gnomes,4.49,4.49,0,Very Positive,70.0,"3 Mar, 2026",SandCastles Studio,Action,"Casual, PvP, Local Multiplayer, Party Game, Combat","Windows, Linux",2026-09-01T15:16:24.807730,3,Niche / Emerging Titles,4.2626798770413155
642020,Gordy and the Monster Moon,2.49,2.49,0,Very Positive,75.0,"29 Sep, 2023",Twinbeard,Action,"Exploration, Action-Adventure, 2D, Cute, Top-Down","Windows, Mac, Linux",2026-09-01T15:16:24.853912,2,Free-to-Play Powerhouses (2),4.330733340286331
2786160,Skeleton War,2.49,2.49,0,Very Positive,74.0,"1 Feb, 2024",rabbitHead,Action,"Casual, Roguelike, Roguelite, Action Roguelike, Relaxing",Windows,2026-09-01T15:16:24.858361,2,Free-to-Play Powerhouses (2),4.31748811353631
1380990,Hyper Team Recon,8.19,8.19,0,Very Positive,75.0,"23 Sep, 2025",Nathan Burton,Action,"3D Platformer, Puzzle Platformer, Collectathon, Platformer, Action-Adventure",Windows,2026-09-01T15:16:24.870503,3,Niche / Emerging Titles,4.330733340286331
2104460,Mala Petaka,6.99,6.99,0,Very Positive,78.0,"25 Sep, 2025",Sanditio Bayu,Action,"Action, Adventure, Action-Adventure, Shooter, FPS",Windows,2026-09-01T15:16:24.874409,3,Niche / Emerging Titles,4.3694478524670215
1506080,Fuzz Dungeon,2.49,2.49,0,Very Positive,79.0,"8 Jun, 2021",Jeremy Couillard,Action,"Exploration, Mystery Dungeon, Puzzle Platformer, Platformer, 3D",Windows,2026-09-01T15:16:25.541047,2,Free-to-Play Powerhouses (2),4.382026634673881
3013460,Judofuri,6.99,6.99,0,Very Positive,79.0,"9 Dec, 2024",pataya,Action,"Casual, Funny, Cute, Indie, Party Game",Windows,2026-09-01T15:16:25.558083,3,Niche / Emerging Titles,4.382026634673881
851670,LUMINES REMASTERED,6.99,6.99,0,Overwhelmingly Positive,707.0,"26 Jun, 2018",Resonair,Action,"Puzzle, Falling Blocks, Casual, Music, Indie",Windows,2026-09-01T15:16:25.558083,3,Niche / Emerging Titles,6.56244409369372
1798780,Dimension Tripper Neptune: TOP NEP,2.99,2.99,0,Overwhelmingly Positive,669.0,"20 Jan, 2022",Idea Factory,Action,"Action, Arcade, On-Rails Shooter, Bullet Hell, Shoot 'Em Up",Windows,2026-09-01T15:16:25.574588,2,Free-to-Play Powerhouses (2),6.507277712385012
1410440,Sophstar,5.49,5.49,0,Very Positive,94.0,"18 Feb, 2022",Banana Bytes,Action,"Action, Bullet Hell, Shoot 'Em Up, Top-Down Shooter, 2D",Windows,2026-09-01T15:16:25.591175,3,Niche / Emerging Titles,4.553876891600541
4113470,魔王跳 《More Jump》,3.99,3.99,0,Very Positive,97.0,"27 Nov, 2025",弦外之境,Action,"Indie, Psychological Horror, Difficult, Precision Platformer, Adventure",Windows,2026-09-01T15:16:25.607864,2,Free-to-Play Powerhouses (2),4.584967478670572
1801660,未来战士,2.99,2.99,0,Very Positive,111.0,"16 Dec, 2021",BIFROST CLOUD PTE. LTD.,Action,"Adventure, Action, Shooter, Arcade, 2D Platformer",Windows,2026-09-01T15:16:25.607864,2,Free-to-Play Powerhouses (2),4.718498871295094
2843550,GhoulScrapers,2.99,2.99,0,Very Positive,101.0,"5 Sep, 2024",ShortCake_Cafe,Action,"Precision Platformer, Platformer, 2D Platformer, 2D, Action",Windows,2026-09-01T15:16:25.624693,2,Free-to-Play Powerhouses (2),4.624972813284271
3349980,BrebeMan,3.84,3.84,0,Very Positive,111.0,"12 Feb, 2026",MetaFormingPro,Action,"Rhythm, Surreal, Old School, Psychedelic, Action",Windows,2026-09-01T15:16:25.641190,2,Free-to-Play Powerhouses (2),4.718498871295094
4681880,Dragon Kisser,0.0,0.0,0,Overwhelmingly Positive,710.0,"19 Jun, 2026",BYU Animation - Class of 2026,Action,"Action, Casual, Dating Sim, Rhythm, Souls-like",Windows,2026-09-01T15:16:26.191189,0,Free-to-Play Powerhouses,6.566672429803241
3047510,Myths are 100% True,3.99,3.99,0,Very Positive,181.0,"18 Nov, 2025",LeatherIceCream,Action,"2D Platformer, Score Attack, Platformer, Stylized, Fast-Paced",Windows,2026-09-01T15:16:26.207924,2,Free-to-Play Powerhouses (2),5.204006687076795
3577630,Psycutlery,0.0,0.0,0,Very Positive,117.0,"8 Aug, 2025",Skye June,Action,"Side Scroller, 2D Platformer, Platformer, Female Protagonist, Action-Adventure",Windows,2026-09-01T15:16:26.207924,2,Free-to-Play Powerhouses (2),4.770684624465665
3545150,Fuck's Quest II,3.29,3.29,0,Very Positive,129.0,"12 Jun, 2026",Ancient Computer Tech,Action,"Action, Adventure, Action-Adventure, 2D, Pixel Graphics","Windows, Mac, Linux",2026-09-01T15:16:26.224426,2,Free-to-Play Powerhouses (2),4.867534450455582
3912370,BEERCRUSH,2.99,2.99,0,Very Positive,202.0,"20 Nov, 2025",LOWLIGHT,Action,"Action Roguelike, First-Person, Runner, Arcade, 3D","Windows, Linux",2026-09-01T15:16:26.241192,2,Free-to-Play Powerhouses (2),5.313205979041787
2702490,TETRACHROMA,2.99,2.99,0,Very Positive,187.0,"25 Oct, 2024",sparsevector,Action,"Puzzle, Arcade, Falling Blocks, Casual, Action",Windows,2026-09-01T15:16:26.241192,2,Free-to-Play Powerhouses (2),5.236441962829949
3962460,THE CANON OF BALLS,2.49,2.49,0,Very Positive,242.0,"13 Aug, 2026",Helios Monk,Action,"Platformer, Online Co-Op, Exploration, Precision Platformer, 3D Platformer",Windows,2026-09-01T15:16:26.673657,2,Free-to-Play Powerhouses (2),5.493061443340548
324680,Impossible Creatures Steam Edition,5.49,5.49,0,Overwhelmingly Positive,1589.0,"11 Nov, 2015",Relic Entertainment,Action,"Strategy, RTS, Singleplayer, Multiplayer, Base Building",Windows,2026-09-01T15:16:26.674494,1,Popular Mid-Range,7.371489295214277
311800,Black Ice,8.19,8.19,0,Overwhelmingly Positive,514.0,"9 Jul, 2014",Nonadecimal Creative,Action,"Early Access, Exploration, Looter Shooter, Arena Shooter, Cyberpunk","Windows, Mac, Linux",2026-09-01T15:16:26.701286,3,Niche / Emerging Titles,6.244166900663736
2274110,The Elephant Collection,6.99,6.99,0,Overwhelmingly Positive,717.0,"6 Nov, 2023",Wonderful Elephant (jmtb02),Action,"Adventure, Arcade, 2D Platformer, Platformer, Animals","Windows, Mac",2026-09-01T15:16:26.707790,3,Niche / Emerging Titles,6.576469569048224
2173570,Breadsticks,0.0,0.0,0,Overwhelmingly Positive,502.0,"5 Nov, 2022",Cosmic Dad,Action,"Side Scroller, 2D Platformer, Action, Casual, Platformer",Windows,2026-09-01T15:16:26.724506,2,Free-to-Play Powerhouses (2),6.220590170099739
427700,Zwei: The Ilvard Insurrection,8.19,8.19,0,Overwhelmingly Positive,521.0,"31 Oct, 2017",Nihon Falcom,Action,"Action, RPG, Anime, Great Soundtrack, JRPG",Windows,2026-09-01T15:16:26.741040,3,Niche / Emerging Titles,6.257667587882639
1305300,Love Love School Days,3.49,3.49,0,Overwhelmingly Positive,1067.0,"6 Feb, 2023",OTL GAME,Action,"Cute, Dating Sim, Horror, Action Roguelike, Exploration",Windows,2026-09-01T15:16:26.741040,0,Free-to-Play Powerhouses,6.97354301952014
1131190,NERTS! Online,0.0,0.0,0,Overwhelmingly Positive,1688.0,"5 Jan, 2021",Zachtronics,Action,"Solitaire, Multiplayer, PvP, Casual, Card Game","Windows, Mac, Linux",2026-09-01T15:16:27.256940,0,Free-to-Play Powerhouses,7.4318919168078
250500,Super Amazing Wagon Adventure,1.89,1.89,0,Overwhelmingly Positive,1638.0,"17 Oct, 2013",sparsevector,Action,"Action Roguelike, Side Scroller, Shoot 'Em Up, Twin Stick Shooter, Western",Windows,2026-09-01T15:16:27.257537,0,Free-to-Play Powerhouses,7.40184157874383
452570,Battle Chef Brigade Deluxe,8.19,8.19,0,Overwhelmingly Positive,1622.0,"20 Nov, 2017",Trinket Studios,Action,"Action, RPG, Indie, Adventure, Cooking","Windows, Mac",2026-09-01T15:16:27.274591,1,Popular Mid-Range,7.392031567514591
3286930,Heretic + Hexen,10.49,10.49,0,Overwhelmingly Positive,1776.0,"7 Aug, 2025",id Software,Action,"Action, Adventure, RPG, Boomer Shooter, FPS",Windows,2026-09-01T15:16:27.274591,1,Popular Mid-Range,7.482681828154651
268990,The Dishwasher: Vampire Smile,9.99,9.99,0,Overwhelmingly Positive,1764.0,"12 May, 2017",Ska Studios,Action,"Action, Indie, Gore, Hack and Slash, Vampires","Windows, Mac, Linux",2026-09-01T15:16:27.296542,1,Popular Mid-Range,7.475905969367397
1869270,Multi Turret Academy,4.99,4.99,0,Overwhelmingly Positive,1756.0,"18 Jan, 2024",Yulia Games,Action,"Early Access, Tanks, Anime, Top-Down Shooter, Action Roguelike",Windows,2026-09-01T15:16:27.307803,1,Popular Mid-Range,7.471363088187097
2689470,CRUEL,5.49,5.49,0,Overwhelmingly Positive,1797.0,"9 Jan, 2025",James Dornan,Action,"Action, First-Person, Roguelike, Boomer Shooter, Procedural Generation",Windows,2026-09-01T15:16:27.307803,1,Popular Mid-Range,7.494430215031565
4656700,Papa's Mocharia Deluxe,3.99,3.99,0,Overwhelmingly Positive,765.0,"2 Jun, 2026",Flipline Studios,Action,"Casual, Cooking, Strategy, Simulation, Time Management",Windows,2026-09-01T15:16:27.324702,3,Niche / Emerging Titles,6.641182169740591
1669420,Islets,8.19,8.19,0,Overwhelmingly Positive,1805.0,"24 Aug, 2022",Kyle Thompson,Action,"Metroidvania, Adventure, Platformer, Atmospheric, Story Rich",Windows,2026-09-01T15:16:27.324702,1,Popular Mid-Range,7.498869733976931
1675670,Priest Simulator: Heavy Duty,0.0,0.0,0,Overwhelmingly Positive,805.0,"18 Oct, 2021",Asmodev,Action,"Action, Dark Humor, Sandbox, Shooter, Exploration",Windows,2026-09-01T15:16:27.344143,0,Free-to-Play Powerhouses,6.692083742506628
2421370,Cryptis,0.0,0.0,0,Overwhelmingly Positive,766.0,"11 Jan, 2024",Dobrx,Action,"Arena Shooter, Boomer Shooter, FPS, Shoot 'Em Up, Souls-like",Windows,2026-09-01T15:16:27.344143,0,Free-to-Play Powerhouses,6.642486801367256
1382320,Antonball Deluxe,2.99,2.99,0,Overwhelmingly Positive,775.0,"5 Mar, 2021",Summitsphere,Action,"Adventure, Arcade, Platformer, 2D Platformer, Puzzle Platformer",Windows,2026-09-01T15:16:27.358051,0,Free-to-Play Powerhouses,6.654152520183219
15710,Oddworld: Abe's Exoddus®,2.99,2.99,0,Overwhelmingly Positive,1499.0,"20 Dec, 2010",Oddworld Inhabitants,Action,"Platformer, Adventure, 2D, Dark, Puzzle",Windows,2026-09-01T15:16:27.877893,0,Free-to-Play Powerhouses,7.313220387090301
2448340,TRY AGAIN,0.0,0.0,0,Overwhelmingly Positive,1495.0,"14 Jul, 2023",the Rejects,Action,"Indie, Platformer, Adventure, Story Rich, Singleplayer",Windows,2026-09-01T15:16:27.891060,0,Free-to-Play Powerhouses,7.310550158534422
3059010,Commando Collection,2.99,2.99,0,Overwhelmingly Positive,1409.0,"26 Jul, 2024",Macrojoy,Action,"Action, Shooter, Beat 'em up, Bullet Hell, Arcade",Windows,2026-09-01T15:16:27.907680,0,Free-to-Play Powerhouses,7.251344983372214
2658470,Is this Game Trying to Kill Me?,5.99,5.99,0,Overwhelmingly Positive,1499.0,"12 Nov, 2024",Stately Snail,Action,"Adventure, Horror, Escape Room, Puzzle, First-Person",Windows,2026-09-01T15:16:27.907680,1,Popular Mid-Range,7.313220387090301
3674270,FALLSTRUKTUR,0.0,0.0,0,Overwhelmingly Positive,1410.0,"6 Aug, 2025",Fynn Levy,Action,"Exploration, First-Person, Platformer, Action, 3D Platformer","Windows, Mac, Linux",2026-09-01T15:16:27.924451,0,Free-to-Play Powerhouses,7.252053951852814
467380,Khimera: Destroy All Monster Girls,0.0,0.0,0,Overwhelmingly Positive,1408.0,"8 May, 2016",Suits & Sandals,Action,"Free to Play, Platformer, Pixel Graphics, Indie, Adventure",Windows,2026-09-01T15:16:27.939550,0,Free-to-Play Powerhouses,7.25063551189868
2377280,Eriksholm: The Stolen Dream,20.69299999999982,20.69299999999982,0,Overwhelmingly Positive,1163.0,"15 Jul, 2025",River End Games,Action,"Stealth, Real Time Tactics, Isometric, Narrative, Story Rich",Windows,2026-09-01T15:16:27.941319,5,Premium Blockbusters,7.059617628291383
1010890,Touhou Fantasia / 东方梦想曲,0.0,0.0,0,Overwhelmingly Positive,1503.0,"19 Jul, 2019",SlimeSmile,Action,"Free to Play, Action, Indie, Bullet Hell, Anime",Windows,2026-09-01T15:16:27.957780,0,Free-to-Play Powerhouses,7.315883504509785
107600,Waves,0.0,0.0,0,Overwhelmingly Positive,1567.0,"16 Nov, 2011",Squid In A Box Ltd,Action,"Bullet Hell, Shoot 'Em Up, Twin Stick Shooter, Shooter, Arcade",Windows,2026-09-01T15:16:27.976669,0,Free-to-Play Powerhouses,7.357556200910353
1205040,Granny: Chapter Two,4.49,4.49,0,Overwhelmingly Positive,915.0,"30 Dec, 2019",DVloper,Action,"Adventure, Horror, Indie, Gore, Violent",Windows,2026-09-01T15:16:28.040890,3,Niche / Emerging Titles,6.82001636467413
1125240,Ancient Dungeon,8.19,8.19,0,Overwhelmingly Positive,1602.0,"3 Nov, 2021",Eric Thullen,Action,"VR, Dungeon Crawler, Adventure, Roguelike, Action",Windows,2026-09-01T15:16:28.057640,1,Popular Mid-Range,7.3796321526095525
809020,ZeroRanger,6.19,6.19,0,Overwhelmingly Positive,1635.0,"28 Sep, 2018",System Erasure,Action,"Shoot 'Em Up, Indie, Bullet Hell, Great Soundtrack, Action",Windows,2026-09-01T15:16:28.057640,1,Popular Mid-Range,7.400009517162692
1949960,Super Kiwi 64,1.89,1.89,0,Overwhelmingly Positive,1801.0,"2 Dec, 2022",Siactro,Action,"3D Platformer, 1990's, Collectathon, Exploration, Retro",Windows,2026-09-01T15:16:28.074383,0,Free-to-Play Powerhouses,7.496652438168283
2097230,Turnip Boy Robs a Bank,6.99,6.99,0,Overwhelmingly Positive,1882.0,"18 Jan, 2024",Snoozy Kazoo,Action,"Shoot 'Em Up, Top-Down Shooter, Roguelite, Action-Adventure, Roguelike",Windows,2026-09-01T15:16:28.091608,1,Popular Mid-Range,7.5406215286571525
1444350,House,5.49,5.49,0,Overwhelmingly Positive,1988.0,"30 Oct, 2020",Bark Bark Games,Action,"Horror, Pixel Graphics, Gore, Survival, Adventure",Windows,2026-09-01T15:16:28.107750,1,Popular Mid-Range,7.5953872788539725
1144770,SLUDGE LIFE,6.99,6.99,0,Overwhelmingly Positive,1895.0,"2 Jun, 2021",Terri Vellmann,Action,"Indie, Adventure, Open World, Atmospheric, 3D Platformer",Windows,2026-09-01T15:16:28.123624,1,Popular Mid-Range,7.547501682814967
587430,I Expect You To Die,11.49,11.49,0,Overwhelmingly Positive,1710.0,"25 Apr, 2017",Schell Games,Action,"VR, Espionage, Puzzle, Strategy, Singleplayer",Windows,2026-09-01T15:16:28.174395,1,Popular Mid-Range,7.444833273892193
2435900,SharpShooter3D,3.99,3.99,0,Very Positive,421.0,"14 Jul, 2023",HeadHunters games,Action,"FPS, Boomer Shooter, First-Person, Action, Shooter",Windows,2026-09-01T15:16:28.191112,3,Niche / Emerging Titles,6.045005314036012
2585890,Demon Tides,8.49,8.49,0,Overwhelmingly Positive,818.0,"19 Feb, 2026",Fabraz,Action,"3D Platformer, Open World, Anime, Action, Female Protagonist",Windows,2026-09-01T15:16:28.207806,1,Popular Mid-Range,6.70808408385307
253750,Ikaruga,9.99,9.99,0,Overwhelmingly Positive,1223.0,"18 Feb, 2014",TREASURE,Action,"Shoot 'Em Up, Bullet Hell, Arcade, Classic, Action",Windows,2026-09-01T15:16:28.207806,1,Popular Mid-Range,7.1098794630722715
250050,Life Goes On: Done to Death,6.49,6.49,0,Very Positive,717.0,"17 Apr, 2014",Infinite Monkeys Entertainment Ltd.,Action,"Funny, Dark Humor, Platformer, Puzzle, Fantasy","Windows, Mac, Linux",2026-09-01T15:16:28.224345,3,Niche / Emerging Titles,6.576469569048224
1325260,Kitsune Tails,8.19,8.19,0,Overwhelmingly Positive,832.0,"1 Aug, 2024",Kitsune Games,Action,"Precision Platformer, Pixel Graphics, LGBTQ+, Difficult, Fantasy","Windows, Linux",2026-09-01T15:16:28.241179,1,Popular Mid-Range,6.725033642166843
1664200,Duelists of Eden,2.99,2.99,0,Overwhelmingly Positive,856.0,"7 Mar, 2024",Thomas Moon Kang,Action,"Action Roguelike, Card Battler, Bullet Hell, PvP, PvE","Windows, Mac, Linux",2026-09-01T15:16:28.307833,0,Free-to-Play Powerhouses,6.75343791859778
1490060,Disillusion,1.89,1.89,0,Overwhelmingly Positive,875.0,"30 Aug, 2021",Disillusion Dev,Action,"Adventure, RPG, Experimental, Psychedelic, Dungeon Crawler",Windows,2026-09-01T15:16:28.307833,0,Free-to-Play Powerhouses,6.775366090936392
2062930,Owinka Shooter,0.0,0.0,0,Overwhelmingly Positive,858.0,"23 Jul, 2022",Owinka,Action,"Action, Adventure, Casual, Arcade, Shooter",Windows,2026-09-01T15:16:28.324615,0,Free-to-Play Powerhouses,6.755768921984255
115100,Costume Quest,9.99,9.99,0,Overwhelmingly Positive,1896.0,"14 Oct, 2011",Double Fine Productions,Action,"RPG, Adventure, Comedy, Casual, Singleplayer","Windows, Mac, Linux",2026-09-01T15:16:28.341018,1,Popular Mid-Range,7.5480289699350145
440310,Afterbeat (Project Arrhythmia),8.55,8.55,0,Overwhelmingly Positive,1725.0,"14 Jun, 2019",Vitamin Games,Action,"Music, Rhythm, Bullet Hell, Action, Difficult",Windows,2026-09-01T15:16:28.341018,1,Popular Mid-Range,7.453561871643373
843390,Vertigo 2,10.49,10.49,0,Overwhelmingly Positive,2177.0,"30 Mar, 2023",Zach Tsiakalis-Brown,Action,"VR, Indie, Sci-fi, First-Person, Shooter",Windows,2026-09-01T15:16:28.357875,1,Popular Mid-Range,7.686162303492906
725480,Slap City,8.19,8.19,0,Overwhelmingly Positive,2219.0,"17 Sep, 2020",Ludosity,Action,"Indie, Action, Fighting, 2.5D, Platformer",Windows,2026-09-01T15:16:28.374290,1,Popular Mid-Range,7.705262474866325
1361700,Half-Life: Alyx - Final Hours,5.49,5.49,0,Overwhelmingly Positive,882.0,"9 Jul, 2020",Geoff Keighley,Action,"Action, 2D, 3D, Singleplayer, VR","Windows, Mac",2026-09-01T15:16:28.374290,3,Niche / Emerging Titles,6.78332520060396
2408680,The Strongest TOFU,2.99,2.99,0,Very Positive,322.0,"1 Oct, 2024",Zounoashi Games,Action,"Action, Side Scroller, Precision Platformer, Cooking, 2D Platformer",Windows,2026-09-01T15:16:29.357965,2,Free-to-Play Powerhouses (2),5.777652323222656
2334500,Wizard Shrimp,1.89,1.89,0,Very Positive,100.0,"13 Dec, 2024",Wizard Shrimp Games,Action,"Action Roguelike, Casual, Bullet Hell, Magic, Pixel Graphics",Windows,2026-09-01T15:16:29.407648,2,Free-to-Play Powerhouses (2),4.61512051684126
3176850,Second Stellar,2.99,2.99,0,Very Positive,332.0,"10 Dec, 2025",Pepperlog,Action,"Indie, Action Roguelike, Pixel Graphics, PvE, 2D",Windows,2026-09-01T15:16:30.475058,2,Free-to-Play Powerhouses (2),5.808142489980444
730840,Burger Shop,1.49,1.49,0,Very Positive,373.0,"1 Dec, 2017",GoBit Games,Action,"Simulation, Action, Casual, Time Management, Cooking","Windows, Mac",2026-09-01T15:16:32.228295,2,Free-to-Play Powerhouses (2),5.924255797414532
2263360,HYPERBEAT,6.99,6.99,0,Very Positive,375.0,"22 Oct, 2025",Dreamware Media,Action,"Rhythm, Level Editor, Stylized, Music, Multiplayer",Windows,2026-09-01T15:16:34.441669,3,Niche / Emerging Titles,5.929589143389895
2602230,MotionRec,5.49,5.49,0,Very Positive,420.0,"27 Oct, 2025",HANDSUM,Action,"2D Platformer, Puzzle Platformer, Time Manipulation, Puzzle, Action-Adventure",Windows,2026-09-01T15:16:36.175092,3,Niche / Emerging Titles,6.042632833682381
2923230,Rules & Rodents,3.49,3.49,0,Very Positive,50.0,"31 Mar, 2025",Gravy Crew Games,Action,"Puzzle, Action, Adventure, 2D, Cute",Windows,2026-09-01T15:16:38.191383,2,Free-to-Play Powerhouses (2),3.9318256327243257
1699030,Geo Mythica,6.99,6.99,0,Very Positive,50.0,"20 Mar, 2025","Guin Entertainment, LLC",Action,"Exploration, Party-Based RPG, Action RPG, JRPG, Strategy","Windows, Mac, Linux",2026-09-01T15:16:39.824830,3,Niche / Emerging Titles,3.9318256327243257
4404580,MOBU,3.19,3.19,0,Very Positive,50.0,"16 Jul, 2026",Saidera Studio,Action,"Action Roguelike, Arena Shooter, Bullet Heaven, Hack and Slash, Shoot 'Em Up",Windows,2026-09-01T15:16:41.140873,2,Free-to-Play Powerhouses (2),3.9318256327243257
3720760,Dawg Game,2.49,2.49,0,Very Positive,103.0,"19 Dec, 2025",Big Noses Entertainment,Action,"Action Roguelike, Hidden Object, Puzzle, Management, Romance",Windows,2026-09-01T15:16:42.741259,2,Free-to-Play Powerhouses (2),4.6443908991413725
2503550,Operation Octo,3.99,3.99,0,Very Positive,105.0,"10 Sep, 2025",Klub Kofta Studio,Action,"Tower Defense, Strategy, Underwater, Survival, Casual","Windows, Mac, Linux",2026-09-01T15:16:44.191575,2,Free-to-Play Powerhouses (2),4.663439094112067
3545940,Kollywood: The Game,0.0,0.0,0,Very Positive,106.0,"14 Apr, 2025",KollywoodGameStudios,Action,"Action, Visual Novel, Casual, FMV, Quick-Time Events","Windows, Mac, Linux",2026-09-01T15:16:45.941340,2,Free-to-Play Powerhouses (2),4.672828834461906
856540,Super Dangerous Dungeons,2.99,2.99,0,Very Positive,106.0,"2 Jul, 2018",Adventure Islands,Action,"Indie, Action, Adventure, Platformer, Pixel Graphics","Windows, Mac",2026-09-01T15:16:47.741156,2,Free-to-Play Powerhouses (2),4.672828834461906
2054380,SONOKUNI,3.49,3.49,0,Very Positive,107.0,"24 Mar, 2025",DON YASA CREW,Action,"Action, 2D, Top-Down, Pixel Graphics, Hack and Slash",Windows,2026-09-01T15:16:48.824599,2,Free-to-Play Powerhouses (2),4.68213122712422
3107440,Gorble,0.0,0.0,0,Very Positive,110.0,"26 Jul, 2024",Leafy Games,Action,"Dungeon Crawler, Adventure, Physics, Dark Fantasy, Exploration",Windows,2026-09-01T15:16:50.182917,2,Free-to-Play Powerhouses (2),4.709530201312334
4656760,Tellyport,0.0,0.0,0,Very Positive,111.0,"8 Jun, 2026",Tellyport,Action,"Puzzle, First-Person, Singleplayer, Action, Female Protagonist",Windows,2026-09-01T15:16:51.889202,2,Free-to-Play Powerhouses (2),4.718498871295094
2435870,Blood Rush,7.99,7.99,0,Very Positive,161.0,"18 Jun, 2025",MaxEstLa,Action,"Early Access, Action Roguelike, Action, Boomer Shooter, Roguelite",Windows,2026-09-01T15:16:51.994438,3,Niche / Emerging Titles,5.087596335232384
2347390,MeowGun: Hell Denizen,6.49,6.49,0,Very Positive,111.0,"24 Jan, 2026",SusaDeBastet,Action,"Action, FPS, Boomer Shooter, Female Protagonist, Bullet Hell",Windows,2026-09-01T15:16:53.981273,3,Niche / Emerging Titles,4.718498871295094
2023000,Batsugun,4.49,4.49,0,Very Positive,112.0,"1 Feb, 2024",Bitwave Games,Action,"Bullet Hell, Shoot 'Em Up, Difficult, Arcade, Female Protagonist","Windows, Mac, Linux",2026-09-01T15:16:56.240383,3,Niche / Emerging Titles,4.727387818712341
2701410,Pru the Pigeon,1.89,1.89,0,Very Positive,115.0,"1 Feb, 2024",kurigamedev,Action,"3D Platformer, Collectathon, Cute, Platformer, Exploration","Windows, Linux",2026-09-01T15:16:57.357031,2,Free-to-Play Powerhouses (2),4.7535901911063645
1163060,The Making of Karateka,2.45,2.45,0,Very Positive,118.0,"29 Aug, 2023",Digital Eclipse,Action,"Action, 2D Fighter, 2D Platformer, Singleplayer, Pixel Graphics",Windows,2026-09-01T15:16:59.125129,2,Free-to-Play Powerhouses (2),4.77912349311153
2319580,Super Cakeboy,0.0,0.0,0,Very Positive,119.0,"16 Mar, 2023",Suits & Sandals,Action,"Action, Arcade, Platformer, 2D Platformer, Side Scroller",Windows,2026-09-01T15:17:01.257138,2,Free-to-Play Powerhouses (2),4.787491742782046
3883710,"Get Out ! A ""Very Bad Dreams"" Story",4.55,4.55,0,Very Positive,122.0,"31 Jul, 2026",CREATIVE VR3D,Action,"Action, Adventure, Casual, Action-Adventure, Shooter",Windows,2026-09-01T15:17:02.943988,3,Niche / Emerging Titles,4.812184355372417
2938610,Roberto el Lagarto,0.0,0.0,0,Very Positive,123.0,"13 Jun, 2024",ByTreesome,Action,"Casual, Stealth, Action-Adventure, Funny, Singleplayer",Windows,2026-09-01T15:17:04.388707,2,Free-to-Play Powerhouses (2),4.820281565605037
3443080,Auridia,4.99,4.99,0,Very Positive,165.0,"22 Sep, 2025",Reed Molbak,Action,"Metroidvania, Exploration, Story Rich, Atmospheric, Lovecraftian","Windows, Mac",2026-09-01T15:17:08.426273,3,Niche / Emerging Titles,5.111987788356544
1823370,Berry,0.0,0.0,0,Very Positive,166.0,"8 Dec, 2021",Robert Borghese,Action,"Action, Adventure, Action-Adventure, Platformer, 2D Platformer",Windows,2026-09-01T15:17:10.377091,2,Free-to-Play Powerhouses (2),5.117993812416755
4034000,Box of Broken Nails,2.99,2.99,0,Very Positive,168.0,"11 Nov, 2025",Cdodge,Action,"Psychological Horror, Psychological, Atmospheric, Exploration, Horror",Windows,2026-09-01T15:17:11.962777,2,Free-to-Play Powerhouses (2),5.1298987149230735
3646020,Ultimate Drummer,3.99,3.99,0,Very Positive,168.0,"22 Apr, 2026",Cool 3D World,Action,"Surreal, RPG, Rhythm, 3D, 3D Platformer","Windows, Mac",2026-09-01T15:17:13.497262,2,Free-to-Play Powerhouses (2),5.1298987149230735
937570,Danmaku Amanojaku ~ Impossible Spell Card.,5.89,5.89,0,Very Positive,171.0,"1 Apr, 2019",上海アリス幻樂団,Action,"Indie, Bullet Hell, Action, Shoot 'Em Up, Faith",Windows,2026-09-01T15:17:15.713710,3,Niche / Emerging Titles,5.147494476813453
1595490,Super Raft Boat VR,0.0,0.0,0,Very Positive,177.0,"3 Aug, 2021",Alexis Salazar,Action,"Action Roguelike, VR, Roguelite, Sailing, Perma Death",Windows,2026-09-01T15:17:16.790348,2,Free-to-Play Powerhouses (2),5.181783550292085
2860990,Nautical Survival,2.99,2.99,0,Very Positive,178.0,"9 Apr, 2026",Idan Rooze,Action,"Action Roguelike, Arena Shooter, Bullet Hell, Roguelite, Sailing",Windows,2026-09-01T15:17:18.606531,2,Free-to-Play Powerhouses (2),5.187385805840755
2650350,Super Puzzled Cat,7.49,7.49,0,Very Positive,181.0,"13 Jan, 2025",Penguin Mug Games,Action,"2D, Puzzle Platformer, Time Manipulation, 2D Platformer, Difficult",Windows,2026-09-01T15:17:20.357133,3,Niche / Emerging Titles,5.204006687076795
2000280,I’m going to die if I don’t eat sushi!,2.49,2.49,0,Very Positive,183.0,"21 Jun, 2022",くそいサイト,Action,"Action, Action-Adventure, Funny, Comedy, Indie",Windows,2026-09-01T15:17:22.223909,2,Free-to-Play Powerhouses (2),5.214935757608986
1607670,Secret Agent HD,4.49,4.49,0,Very Positive,183.0,"30 Jun, 2021",Emberheart Games,Action,"Action, Adventure, Puzzle Platformer, Platformer, Puzzle","Windows, Linux",2026-09-01T15:17:24.290541,3,Niche / Emerging Titles,5.214935757608986
2944340,Unless,0.0,0.0,0,Very Positive,186.0,"10 Jan, 2025",Bellwood Studios,Action,"2D Platformer, Pixel Graphics, Platformer, Fast-Paced, Female Protagonist","Windows, Mac, Linux",2026-09-01T15:17:26.423944,2,Free-to-Play Powerhouses (2),5.231108616854587
2164310,Escape From Lavender Island,4.99,4.99,0,Very Positive,196.0,"31 Aug, 2023",Jeremy Couillard,Action,"Exploration, Hidden Object, Walking Simulator, Action-Adventure, 3D","Windows, Linux",2026-09-01T15:17:28.890405,3,Niche / Emerging Titles,5.2832037287379885
1076130,fox soldier,6.99,6.99,0,Very Positive,199.0,"15 Apr, 2022",yousoi,Action,"Action, RPG, Adventure, Strategy, Action RPG",Windows,2026-09-01T15:17:30.140181,3,Niche / Emerging Titles,5.298317366548036
4285470,Vellum: Raid Night Study Hall,0.0,0.0,0,Very Positive,205.0,"9 Mar, 2026",Alvios Games,Action,"Third-Person Shooter, Action, Fantasy, PvE, Shooter",Windows,2026-09-01T15:17:31.978895,2,Free-to-Play Powerhouses (2),5.327876168789581
2055910,Poosh XL,1.89,1.89,0,Very Positive,217.0,"8 May, 2023",Adamvision Studios,Action,"Score Attack, Arcade, Indie, Family Friendly, Electronic Music","Windows, Mac, Linux",2026-09-01T15:17:35.023416,2,Free-to-Play Powerhouses (2),5.384495062789089
1085040,Raider Kid and the Ruby Chest,4.49,4.49,0,Very Positive,215.0,"31 Mar, 2026",Cacareco Games,Action,"Indie, Metroidvania, Action, Pixel Graphics, Exploration","Windows, Mac, Linux",2026-09-01T15:17:36.357511,3,Niche / Emerging Titles,5.375278407684165
1239360,Genokids,8.19,8.19,0,Very Positive,218.0,"2 Oct, 2025",Nukefist,Action,"Action, Hack and Slash, Character Action Game, Third Person, Action-Adventure","Windows, Mac, Linux",2026-09-01T15:17:39.966540,3,Niche / Emerging Titles,5.389071729816501
629440,Graze Counter,5.49,5.49,0,Very Positive,224.0,"28 Jul, 2017",Bikkuri Software,Action,"Action, Shoot 'Em Up, Bullet Hell, Anime, Casual",Windows,2026-09-01T15:17:42.073235,3,Niche / Emerging Titles,5.41610040220442
1983000,HAYAI,1.29,1.29,0,Very Positive,235.0,"19 May, 2022",Chaoclypse,Action,"Action, Score Attack, Arcade, Hack and Slash, Spectacle fighter","Windows, Mac, Linux",2026-09-01T15:17:43.024551,2,Free-to-Play Powerhouses (2),5.4638318050256105
3683850,Evolve or Die,0.89,0.89,0,Very Positive,251.0,"29 Nov, 2025",Seal,Action,"Action, Action Roguelike, Looter Shooter, Bullet Hell, Shooter",Windows,2026-09-01T15:17:45.113074,2,Free-to-Play Powerhouses (2),5.529429087511423
1179890,Pull Stay,7.49,7.49,0,Very Positive,123.0,"31 Mar, 2025",Nito Souji,Action,"Beat 'em up, Funny, Tower Defense, 3D Fighter, Hack and Slash",Windows,2026-09-01T15:17:46.906535,3,Niche / Emerging Titles,4.820281565605037
2833860,KUNKUN League,0.56,0.56,0,Very Positive,123.0,"18 Oct, 2024",Seal,Action,"Horror, Psychological Horror, Action Roguelike, Survival Horror, Roguelike",Windows,2026-09-01T15:17:48.123488,2,Free-to-Play Powerhouses (2),4.820281565605037
3941820,Revolgear Zero,6.99,6.99,0,Very Positive,125.0,"18 Feb, 2026",Bikkuri Software,Action,"Shoot 'Em Up, Pixel Graphics, Action, Anime, Sci-fi",Windows,2026-09-01T15:17:49.456678,3,Niche / Emerging Titles,4.836281906951478
592270,Neko Navy,5.89,5.89,0,Very Positive,127.0,"14 Jun, 2017",DeathMofuMofu,Action,"Action, Indie, Shoot 'Em Up, Cats, Cute",Windows,2026-09-01T15:17:51.749922,3,Niche / Emerging Titles,4.852030263919617
2110460,Cursed 3,0.0,0.0,0,Very Positive,255.0,"25 Oct, 2022",Disaster Squad Productions,Action,"Action, Adventure, Action-Adventure, Point & Click, Dungeon Crawler",Windows,2026-09-01T15:17:51.806769,2,Free-to-Play Powerhouses (2),5.545177444479562
1796870,SHINOBI NON GRATA,6.99,6.99,0,Very Positive,129.0,"24 May, 2023",Studio PICO,Action,"Action, Ninja, Pixel Graphics, 2D Platformer, Retro",Windows,2026-09-01T15:17:53.206520,3,Niche / Emerging Titles,4.867534450455582
1232010,Radical Rabbit Stew,4.99,4.99,0,Very Positive,131.0,"16 Jul, 2020",Pugstorm,Action,"Indie, Action, Adventure, Puzzle, Pixel Graphics",Windows,2026-09-01T15:17:54.936318,3,Niche / Emerging Titles,4.882801922586371
2909230,This Curse Is Metal as Hell! | Kusodeka Bayashi,2.49,2.49,0,Very Positive,138.0,"4 Nov, 2024",HAZECODE,Action,"Indie, Violent, Horror, Psychological Horror, Action",Windows,2026-09-01T15:17:56.673325,2,Free-to-Play Powerhouses (2),4.9344739331306915
4122730,VLAK,0.0,0.0,0,Very Positive,150.0,"25 Nov, 2025",Jiří Křek,Action,"Strategy, Turn-Based Tactics, Action, Puzzle, Puzzle Platformer","Windows, Mac, Linux",2026-09-01T15:17:57.556730,2,Free-to-Play Powerhouses (2),5.017279836814924
2998040,BLOODSAINT,0.9,0.9,0,Very Positive,154.0,"5 Dec, 2024",Walter Machado,Action,"Top-Down, Retro, Atmospheric, Fast-Paced, Action",Windows,2026-09-01T15:18:00.073287,2,Free-to-Play Powerhouses (2),5.043425116919247
2725250,Nientum - Op.ZERO,8.19,8.19,0,Very Positive,157.0,"24 Nov, 2025",QueseraGames,Action,"Early Access, Story Rich, Atmospheric, Dark Fantasy, Rhythm",Windows,2026-09-01T15:18:01.656796,3,Niche / Emerging Titles,5.062595033026967
2840000,Lumina Veil,0.0,0.0,0,Very Positive,255.0,"22 Jun, 2026",Hamster Cafe,Action,"Action, Atmospheric, Adventure, Dystopian, Third Person",Windows,2026-09-01T15:18:03.608018,2,Free-to-Play Powerhouses (2),5.545177444479562
1876850,Babushka's Glitch Dungeon,1.29,1.29,0,Very Positive,256.0,"4 Apr, 2025",pets club 2,Action,"Exploration, 2D Platformer, Female Protagonist, Puzzle Platformer, Nonlinear","Windows, Mac",2026-09-01T15:18:04.858523,2,Free-to-Play Powerhouses (2),5.54907608489522
1674270,Cyberfrags '69,2.99,2.99,0,Very Positive,114.0,"10 Dec, 2021",D.A.S. Games,Action,"Action, Arena Shooter, Cartoony, Dark Humor, Shooter",Windows,2026-09-01T15:18:04.906484,2,Free-to-Play Powerhouses (2),4.74493212836325
3125120,Rodland of Pipes,4.99,4.99,0,Very Positive,262.0,"7 Aug, 2024",Justin Jones,Action,"Horror, Point & Click, Underground, Surreal, Hand-drawn",Windows,2026-09-01T15:18:07.123447,3,Niche / Emerging Titles,5.572154032177765
1237730,Catlateral Damage: Remeowstered,6.99,6.99,0,Very Positive,297.0,"15 Sep, 2021",Manekoware,Action,"Cats, Physics, Destruction, Relaxing, Simulation",Windows,2026-09-01T15:18:09.289439,3,Niche / Emerging Titles,5.697093486505405
1528260,Advent NEON®,8.19,8.19,0,Very Positive,296.0,"18 Jul, 2025",CryoGX,Action,"2D Platformer, Fast-Paced, Action, Action-Adventure, Beat 'em up",Windows,2026-09-01T15:18:09.991479,3,Niche / Emerging Titles,5.6937321388027
1015920,Ynglet,3.99,3.99,0,Very Positive,302.0,"5 Jun, 2021",Nifflas,Action,"Puzzle Platformer, Relaxing, Atmospheric, 2D Platformer, Arcade","Windows, Mac",2026-09-01T15:18:12.055270,3,Niche / Emerging Titles,5.713732805509369
3006280,Sheepherds!,6.99,6.99,0,Very Positive,304.0,"17 Nov, 2025",Ultimo Disco,Action,"Dogs, Multiplayer, Casual, Co-op, Funny",Windows,2026-09-01T15:18:13.982247,3,Niche / Emerging Titles,5.720311776607412
349760,Snail Bob 2: Tiny Troubles,2.99,2.99,0,Very Positive,316.0,"24 Sep, 2015",Hunter Hamster,Action,"Casual, Funny, Cute, Puzzle Platformer, Relaxing","Windows, Mac",2026-09-01T15:18:15.924472,2,Free-to-Play Powerhouses (2),5.75890177387728
1330890,Crystal Caves HD,4.49,4.49,0,Very Positive,318.0,"15 Oct, 2020",Emberheart Games,Action,"Retro, Puzzle Platformer, Platformer, 2D Platformer, Score Attack","Windows, Linux",2026-09-01T15:18:17.761401,3,Niche / Emerging Titles,5.765191102784844
2107520,Krimson,5.49,5.49,0,Very Positive,115.0,"21 Mar, 2024",CryingPsycho,Action,"Precision Platformer, Rhythm, Horror, Psychological Horror, 2D Platformer",Windows,2026-09-01T15:18:19.241557,3,Niche / Emerging Titles,4.7535901911063645
1420810,Touhou Kaeizuka ～ Phantasmagoria of Flower View.,6.99,6.99,0,Very Positive,346.0,"24 Apr, 2022",上海アリス幻樂団,Action,"Action, Shoot 'Em Up, Shooter, 2D, Bullet Hell",Windows,2026-09-01T15:18:21.089697,3,Niche / Emerging Titles,5.849324779946859
1960900,Judero,7.79,7.79,0,Very Positive,347.0,"16 Sep, 2024",Talha and Jack Co,Action,"Hack and Slash, Story Rich, Medieval, Action-Adventure, Action","Windows, Mac",2026-09-01T15:18:23.222701,3,Niche / Emerging Titles,5.8522024797744745
2094070,Quest Master,8.19,8.19,0,Very Positive,354.0,"29 May, 2024",Apogee Entertainment,Action,"Early Access, Action-Adventure, Level Editor, Dungeon Crawler, Pixel Graphics","Windows, Mac, Linux",2026-09-01T15:18:25.222801,3,Niche / Emerging Titles,5.872117789475416
3831350,Kaelaverse: Pemascape,0.0,0.0,0,Very Positive,406.0,"30 Aug, 2025",KayAnimate,Action,"Casual, Action-Adventure, Puzzle Platformer, Platformer, Puzzle",Windows,2026-09-01T15:18:26.789330,2,Free-to-Play Powerhouses (2),6.008813185442595
2270750,Black Gunner Wukong,0.99,0.99,0,Very Positive,415.0,"4 Feb, 2024",Seal,Action,"Shoot 'Em Up, Action Roguelike, Looter Shooter, Third-Person Shooter, Arena Shooter",Windows,2026-09-01T15:18:28.730524,2,Free-to-Play Powerhouses (2),6.030685260261263
1043240,Touhou Kishinjou ~ Double Dealing Character.,6.99,6.99,0,Very Positive,428.0,"18 Jun, 2019",上海アリス幻樂団,Action,"Bullet Hell, Indie, Action, Great Soundtrack, Shoot 'Em Up",Windows,2026-09-01T15:18:30.522775,3,Niche / Emerging Titles,6.061456918928017
3551190,The Last Salvage Squad,5.49,5.49,0,Very Positive,497.0,"17 Jun, 2026",Sunfish Kumano,Action,"Action, FPS, Anime, 2.5D, Robots",Windows,2026-09-01T15:18:32.005782,3,Niche / Emerging Titles,6.210600077024653
1824080,LUL inc.,2.99,2.99,0,Very Positive,102.0,"14 Jan, 2022",Alexander Lahti,Action,"Casual, Arcade, Hand-drawn, Comedy, Score Attack","Windows, Mac, Linux",2026-09-01T15:18:33.172258,2,Free-to-Play Powerhouses (2),4.634728988229636
463070,Mecha Ritz: Steel Rondo,6.99,6.99,0,Very Positive,103.0,"9 Jun, 2016",HEY,Action,"Indie, Action, Shoot 'Em Up, Bullet Hell","Windows, Linux",2026-09-01T15:18:36.828424,3,Niche / Emerging Titles,4.6443908991413725
3215230,Go Slimey Go!,6.47,6.47,0,Very Positive,103.0,"9 Dec, 2025",Tembac,Action,"2D Platformer, Indie, Precision Platformer, Pixel Graphics, Singleplayer","Windows, Mac",2026-09-01T15:18:37.739652,3,Niche / Emerging Titles,4.6443908991413725
1919750,Ponchoman,0.9,0.9,0,Very Positive,104.0,"15 Mar, 2022",Axias,Action,"Action, Roguelike, Top-Down Shooter, 2.5D, Dark Fantasy",Windows,2026-09-01T15:18:39.773683,2,Free-to-Play Powerhouses (2),4.653960350157523
4102700,GAL VS VILLAGE,2.99,2.99,0,Very Positive,105.0,"11 Mar, 2026",Crush-vAdin,Action,"Action, Shooter, FPS, Boomer Shooter, 2.5D",Windows,2026-09-01T15:18:41.955371,2,Free-to-Play Powerhouses (2),4.663439094112067
4290470,Echo Isle,3.29,3.29,0,Very Positive,106.0,"20 May, 2026",Josh Koenig Games,Action,"Action-Adventure, Short, Top-Down, Action, Pixel Graphics","Windows, Linux",2026-09-01T15:18:43.305285,2,Free-to-Play Powerhouses (2),4.672828834461906
1464550,RagingBlasters,6.99,6.99,0,Very Positive,110.0,"22 Jan, 2021",TERARIN GAMES,Action,"Shoot 'Em Up, Shooter, Female Protagonist, Action, Pixel Graphics",Windows,2026-09-01T15:18:44.537710,3,Niche / Emerging Titles,4.709530201312334
1805200,Shirone: the Dragon Girl,6.99,6.99,0,Very Positive,117.0,"9 Mar, 2022",Oimoland,Action,"Action, Cute, Puzzle, Female Protagonist, 3D Platformer",Windows,2026-09-01T15:18:46.778353,3,Niche / Emerging Titles,4.770684624465665
4635840,Play Things,0.0,0.0,0,Very Positive,125.0,"8 May, 2026",Burning Eye,Action,"Psychological Horror, Action, Horror, Atmospheric, Pixel Graphics",Windows,2026-09-01T15:18:47.805197,2,Free-to-Play Powerhouses (2),4.836281906951478
3025020,A Good Cat and The Graduate Life,0.0,0.0,0,Very Positive,125.0,"9 Aug, 2024",Norphel Lynn,Action,"Action, Cats, 2D Platformer, Multiple Endings, Pixel Graphics",Windows,2026-09-01T15:18:49.105923,2,Free-to-Play Powerhouses (2),4.836281906951478
2089140,Super-Patriota Simulator,1.29,1.29,0,Very Positive,140.0,"7 Jan, 2024",Paranauê Ninja Games,Action,"Simulation, Memes, Comedy, Sandbox, Parody",Windows,2026-09-01T15:18:51.207850,2,Free-to-Play Powerhouses (2),4.948759890378168
2339330,The Lacerator,5.49,5.49,0,Very Positive,158.0,"9 Oct, 2025",Games From The Abyss,Action,"Survival Horror, Horror, Assassins, Survival, Comedy",Windows,2026-09-01T15:18:53.054736,3,Niche / Emerging Titles,5.0689042022202315
2672470,UnLoop,6.49,6.49,0,Very Positive,160.0,"13 Nov, 2025",Superposition NULL,Action,"Early Access, VR, Singleplayer, Funny, Time Manipulation",Windows,2026-09-01T15:18:54.971535,3,Niche / Emerging Titles,5.081404364984463
4597380,Angel Essence,3.29,3.29,0,Very Positive,168.0,"21 Jul, 2026",g3bsoft,Action,"Exploration, 3D Platformer, Collectathon, Platformer, Female Protagonist",Windows,2026-09-01T15:18:57.008785,2,Free-to-Play Powerhouses (2),5.1298987149230735
3659090,Jelly Bubble,6.29,6.29,0,Very Positive,170.0,"4 Aug, 2026",BINGOBELL,Action,"Multiplayer, Funny, Online Co-Op, Party Game, Cute",Windows,2026-09-01T15:18:59.206787,3,Niche / Emerging Titles,5.14166355650266
3062680,Sculplings,5.49,5.49,0,Very Positive,175.0,"17 Mar, 2026",Conor Garity,Action,"Roguelike, Creature Collector, Turn-Based Strategy, Roguelite, 3D",Windows,2026-09-01T15:19:01.337786,3,Niche / Emerging Titles,5.170483995038151
3459100,BioMenace Remastered,5.49,5.49,0,Very Positive,182.0,"18 Dec, 2025",Rigel Gameworks,Action,"2D Platformer, Platformer, Shooter, Action-Adventure, Retro",Windows,2026-09-01T15:19:05.471064,3,Niche / Emerging Titles,5.209486152841421
1229390,TOMOMI,4.49,4.49,0,Very Positive,270.0,"25 Mar, 2022",NUL2 STUDIO,Action,"Action, Metroidvania, Action RPG, Side Scroller, 2D",Windows,2026-09-01T15:19:05.486759,3,Niche / Emerging Titles,5.602118820879701
2854780,Froggo's Adventure: Verdant Venture,0.9,0.9,0,Very Positive,287.0,"20 Mar, 2024",SmellyFrog,Action,"2D Platformer, Retro, Side Scroller, Adventure, Platformer",Windows,2026-09-01T15:19:05.487627,2,Free-to-Play Powerhouses (2),5.662960480135946
917290,Duck Souls,1.29,1.29,0,Very Positive,310.0,"6 Sep, 2018",Viridino Studios,Action,"Indie, Action, Adventure, Casual, Platformer",Windows,2026-09-01T15:19:05.487627,2,Free-to-Play Powerhouses (2),5.739792912179234
2777230,ALAA-MOGUS MUST DIE,0.9,0.9,0,Very Positive,318.0,"1 Feb, 2024",MonsterAttack,Action,"Third Person, 3D, Souls-like, RPG, Adventure",Windows,2026-09-01T15:19:05.504445,2,Free-to-Play Powerhouses (2),5.765191102784844
2474430,TetherGeist,9.55,9.55,0,Very Positive,297.0,"7 May, 2026",O. and Co. Games,Action,"Action, Precision Platformer, Difficult, Adventure, Pixel Graphics","Windows, Mac",2026-09-01T15:19:05.504445,3,Niche / Emerging Titles,5.697093486505405
1318790,BROK the InvestiGator - Prologue,0.0,0.0,0,Very Positive,306.0,"2 Dec, 2020",COWCAT,Action,"Beat 'em up, RPG, Point & Click, Investigation, Action-Adventure",Windows,2026-09-01T15:19:05.521060,2,Free-to-Play Powerhouses (2),5.726847747587197
3288460,ROLLING STAR,6.19,6.19,0,Very Positive,214.0,"31 Mar, 2025",NUL2 STUDIO,Action,"Action, Platformer, 2D Platformer, Metroidvania, Collectathon",Windows,2026-09-01T15:19:05.521060,3,Niche / Emerging Titles,5.3706380281276624
1953060,Time Thief,0.0,0.0,0,Very Positive,215.0,"24 May, 2022",Matheus Mortatti,Action,"Action-Adventure, Action, Adventure, Exploration, Retro","Windows, Mac, Linux",2026-09-01T15:19:05.536611,2,Free-to-Play Powerhouses (2),5.375278407684165
3384610,Glider Simulator,4.49,4.49,0,Very Positive,235.0,"28 Dec, 2024",HFRK.,Action,"Simulation, Flight, VR, Driving, First-Person",Windows,2026-09-01T15:19:05.541386,3,Niche / Emerging Titles,5.4638318050256105
2812480,MoonWhite,0.9,0.9,0,Very Positive,254.0,"30 Mar, 2024",MoonWhiteStudio,Action,"Pixel Graphics, 2D Fighter, Action, Martial Arts, Swordplay",Windows,2026-09-01T15:19:05.541386,2,Free-to-Play Powerhouses (2),5.541263545158426
3349800,Bone To Gather,0.0,0.0,0,Very Positive,256.0,"16 Dec, 2024",Anyway Games,Action,"Strategy, Action Roguelike, Roguelike Deckbuilder, Creature Collector, Point & Click",Windows,2026-09-01T15:19:05.554300,2,Free-to-Play Powerhouses (2),5.54907608489522
2203210,BURGGEIST,10.0,10.0,0,Very Positive,255.0,"14 Oct, 2024",GHRIAN STUDIO,Action,"Action, Strategy, Action RTS, Singleplayer, Story Rich",Windows,2026-09-01T15:19:05.554300,3,Niche / Emerging Titles,5.545177444479562
2158550,BIRDCAGE,6.79,6.79,0,Very Positive,218.0,"18 Nov, 2025",POLYGON BIRD,Action,"Shoot 'Em Up, Bullet Hell, Top-Down Shooter, Difficult, Shooter",Windows,2026-09-01T15:19:05.570663,3,Niche / Emerging Titles,5.389071729816501
1779560,Donut Dodo,9.99,9.99,0,Very Positive,217.0,"3 Jun, 2022",pixel games SARL-S,Action,"Action, Arcade, 2D Platformer, Score Attack, Funny",Windows,2026-09-01T15:19:05.571915,3,Niche / Emerging Titles,5.384495062789089
1287800,Schwarzerblitz,0.0,0.0,0,Very Positive,228.0,"31 May, 2020",Andrea Demetrio,Action,"Action, Free to Play, Fighting, 3D Fighter, Local Multiplayer",Windows,2026-09-01T15:19:05.571915,2,Free-to-Play Powerhouses (2),5.43372200355424
2844500,My Protogen Engineer ⚙️,2.99,2.99,0,Very Positive,212.0,"24 Oct, 2024",Dirty Fox Games,Action,"Adventure, Casual, Action, Singleplayer, 1990's",Windows,2026-09-01T15:19:05.587678,2,Free-to-Play Powerhouses (2),5.3612921657094255
989790,The Vale: Shadow of the Crown,8.19,8.19,0,Very Positive,326.0,"19 Aug, 2021",Falling Squirrel,Action,"RPG, Action-Adventure, Action RPG, Story Rich, Emotional",Windows,2026-09-01T15:19:05.594186,3,Niche / Emerging Titles,5.7899601708972535
1008860,Repella Fella,3.49,3.49,0,Very Positive,316.0,"5 Jun, 2023",Misadventurous,Action,"Choose Your Own Adventure, Point & Click, Multiple Endings, Dark Comedy, Choices Matter","Windows, Mac, Linux",2026-09-01T15:19:05.604407,2,Free-to-Play Powerhouses (2),5.75890177387728
1901490,東方眠世界 ~ Wonderful Waking World,0.0,0.0,0,Very Positive,319.0,"15 Jun, 2022",Oligarchomp,Action,"Bullet Hell, Action, Singleplayer, Arcade, Shoot 'Em Up",Windows,2026-09-01T15:19:05.604407,2,Free-to-Play Powerhouses (2),5.768320995793772
1096180,Ato,6.99,6.99,0,Very Positive,338.0,"8 May, 2020",Tiny Warrior Games,Action,"Metroidvania, Atmospheric, Indie, 2D Platformer, Exploration","Windows, Mac, Linux",2026-09-01T15:19:05.621051,3,Niche / Emerging Titles,5.82600010738045
4137570,Head's Adventures:chibichibi,4.49,4.49,0,Very Positive,333.0,"28 Dec, 2025",ManaWanderer,Action,"Party, Platformer, Funny, Physics, Co-op",Windows,2026-09-01T15:19:05.621051,3,Niche / Emerging Titles,5.811140992976701
3107590,スペルトナエル,4.99,4.99,0,Very Positive,344.0,"13 Sep, 2024",おまど,Action,"Action Roguelike, Magic, Tactical, Bullet Hell, Difficult",Windows,2026-09-01T15:19:05.637619,3,Niche / Emerging Titles,5.84354441703136
349250,Copy Kitty,7.49,7.49,0,Very Positive,344.0,"19 Apr, 2018",Nuclear Strawberry,Action,"Action, Indie, Platformer, Female Protagonist, Level Editor",Windows,2026-09-01T15:19:05.637619,3,Niche / Emerging Titles,5.84354441703136
3633450,Fingerdance,2.19,2.19,0,Very Positive,372.0,"20 Jun, 2025",zniq,Action,"Typing, Action, Simulation, Difficult, Rhythm",Windows,2026-09-01T15:19:05.655415,2,Free-to-Play Powerhouses (2),5.921578419643816
3689210,HYPERFIST,0.0,0.0,0,Very Positive,367.0,"10 Jul, 2026",CHIRALITY,Action,"Beat 'em up, 3D, Action, Cyberpunk, Linear",Windows,2026-09-01T15:19:05.655415,2,Free-to-Play Powerhouses (2),5.908082938168931
981020,Clea,6.79,6.79,0,Very Positive,370.0,"10 Jul, 2019",InvertMouse,Action,"Anime, Survival Horror, Stealth, Female Protagonist, Cute","Windows, Mac, Linux",2026-09-01T15:19:05.655415,3,Niche / Emerging Titles,5.916202062607435
2266190,finland corruption simulator,0.0,0.0,0,Very Positive,51.0,"13 Apr, 2023",noobius,Action,"Simulation, Indie, Post-apocalyptic, Open World, Singleplayer",Windows,2026-09-01T15:19:06.780644,2,Free-to-Play Powerhouses (2),3.9512437185814275
875610,Loop-Loop DX,0.0,0.0,0,Very Positive,447.0,"20 Apr, 2020",Alex Carpenter,Action,"Free to Play, Indie, Action, Adventure, Great Soundtrack","Windows, Mac, Linux",2026-09-01T15:19:06.787819,2,Free-to-Play Powerhouses (2),6.104793232414985
3509160,BAIONLENJA,6.49,6.49,0,Very Positive,493.0,"20 May, 2025",BAION,Action,"Early Access, First-Person, Precision Platformer, Metroidvania, Boomer Shooter",Windows,2026-09-01T15:19:06.796899,3,Niche / Emerging Titles,6.202535517187923
1973450,Personal Space,0.0,0.0,0,Very Positive,51.0,"24 Jun, 2022",Friendly Fire Software,Action,"2D, Roguelike, Perma Death, Action RPG, Arcade",Windows,2026-09-01T15:19:06.803041,2,Free-to-Play Powerhouses (2),3.9512437185814275
2211730,KILLBUG,0.87,0.87,0,Very Positive,481.0,"3 May, 2023",Samurai Punk,Action,"Arena Shooter, FPS, Action, Difficult, Shooter",Windows,2026-09-01T15:19:06.805345,2,Free-to-Play Powerhouses (2),6.1779441140506
2009720,Mega Serval,0.0,0.0,0,Very Positive,370.0,"30 Nov, 2022",Syaxamaphone,Action,"Action, Singleplayer, Adventure, Female Protagonist, 1980s",Windows,2026-09-01T15:19:06.805345,2,Free-to-Play Powerhouses (2),5.916202062607435
1343810,Fallen Hero: Retribution,6.19,6.19,0,Very Positive,412.0,"2 Feb, 2023",Hosted Games,Action,"Casual, RPG, Text-Based, Adventure, Action","Windows, Mac, Linux",2026-09-01T15:19:06.820958,3,Niche / Emerging Titles,6.023447592961033
2198940,Just Hit The Button,0.0,0.0,0,Very Positive,417.0,"24 Aug, 2023",Jumoh,Action,"Puzzle, Casual, Arcade, 2D, Funny",Windows,2026-09-01T15:19:06.820958,2,Free-to-Play Powerhouses (2),6.035481432524756
2078510,VIVIDLOPE,9.99,9.99,0,Very Positive,447.0,"19 May, 2023",Jaklub,Action,"Arcade, Puzzle, 3D, Top-Down, Cute",Windows,2026-09-01T15:19:06.840245,3,Niche / Emerging Titles,6.104793232414985
4435720,HOLY GRAIL for DUMMIES,3.99,3.99,0,Very Positive,419.0,"8 May, 2026",Контора Оптимистов,Action,"2D Platformer, Platformer, 2D, Singleplayer, Action",Windows,2026-09-01T15:19:06.840245,3,Niche / Emerging Titles,6.040254711277414
3809940,Drill Bird,2.58,2.58,0,Very Positive,375.0,"9 Nov, 2025",Sebastian Larsson,Action,"Exploration, 2D Platformer, PvE, Cute, Strategy",Windows,2026-09-01T15:19:06.855601,2,Free-to-Play Powerhouses (2),5.929589143389895
2788360,カルトに厳しいギャル-CULT VS GAL-,2.99,2.99,0,Very Positive,387.0,"3 May, 2024",Crush-vAdin,Action,"Action, Shooter, Boomer Shooter, 2.5D, 1990's",Windows,2026-09-01T15:19:06.855601,2,Free-to-Play Powerhouses (2),5.961005339623274
730870,Burger Shop 2,1.49,1.49,0,Very Positive,392.0,"1 Dec, 2017",GoBit Games,Action,"Casual, Simulation, Action, Time Management, Cooking","Windows, Mac",2026-09-01T15:19:06.872566,2,Free-to-Play Powerhouses (2),5.973809611869261
2976800,VARYZNEX,3.18,3.18,0,Very Positive,51.0,"22 Jan, 2025",zakichi,Action,"Shoot 'Em Up, 2D, Side Scroller, Space, Pixel Graphics",Windows,2026-09-01T15:19:08.487805,2,Free-to-Play Powerhouses (2),3.9512437185814275
906110,Minotaur Arcade Volume 1,3.99,3.99,0,Very Positive,54.0,"21 Dec, 2018",Llamasoft Ltd.,Action,"Action, VR, Retro, Arcade, Shoot 'Em Up",Windows,2026-09-01T15:19:08.502891,2,Free-to-Play Powerhouses (2),4.007333185232471
2081970,Swirl W@tch,6.99,6.99,0,Very Positive,54.0,"17 Apr, 2023",Sleeper Games,Action,"Stealth, Roguelite, Atmospheric, Sci-fi, Immersive Sim","Windows, Linux",2026-09-01T15:19:08.504220,3,Niche / Emerging Titles,4.007333185232471
1574330,魔法少女は自由に変身できない。,0.9,0.9,0,Very Positive,54.0,"1 Apr, 2021",デジメカ製作所,Action,"Action, Shooter, Third-Person Shooter, 3D, Magic",Windows,2026-09-01T15:19:08.504220,2,Free-to-Play Powerhouses (2),4.007333185232471
3181290,Hell Shooter,5.89,5.89,0,Very Positive,54.0,"7 Jan, 2025",PLAY Mephistowaltz,Action,"Action Roguelike, Hack and Slash, RPG, Dungeon Crawler, Roguelite",Windows,2026-09-01T15:19:08.521114,3,Niche / Emerging Titles,4.007333185232471
701040,CometStriker DX,6.99,6.99,0,Very Positive,53.0,"8 Jun, 2018",Iced Lizard Games,Action,"Shoot 'Em Up, Bullet Hell, Side Scroller, Twin Stick Shooter, 2D","Windows, Mac, Linux",2026-09-01T15:19:08.737680,3,Niche / Emerging Titles,3.9889840465642745
3668430,Abyss Veil,1.03,1.03,0,Very Positive,53.0,"12 Nov, 2025",Zorrio,Action,"Early Access, Psychological Horror, FPS, Visual Novel, Atmospheric",Windows,2026-09-01T15:19:08.737680,2,Free-to-Play Powerhouses (2),3.9889840465642745
2004670,Frebbventure,6.49,6.49,0,Very Positive,53.0,"23 Feb, 2023",AlmyriganHero,Action,"Precision Platformer, Side Scroller, 2D Platformer, Platformer, 2D",Windows,2026-09-01T15:19:08.754301,3,Niche / Emerging Titles,3.9889840465642745
1020940,Owyn's Adventure,1.29,1.29,0,Very Positive,52.0,"3 Apr, 2019",Gazoid,Action,"Indie, Adventure, Action, Platformer, Pixel Graphics","Windows, Mac",2026-09-01T15:19:08.754301,2,Free-to-Play Powerhouses (2),3.970291913552122
566670,Save the Ninja Clan,0.9,0.9,0,Very Positive,52.0,"20 Jan, 2017",Willz,Action,"Indie, Action, Violent, Adventure, Gore","Windows, Mac, Linux",2026-09-01T15:19:08.770913,2,Free-to-Play Powerhouses (2),3.970291913552122
4911380,Hell o’ Halo,0.0,0.0,0,Very Positive,53.0,"31 Jul, 2026",Team Scoville,Action,"First-Person, Deckbuilding, Card Game, Shooter, Roguelike",Windows,2026-09-01T15:19:08.770913,2,Free-to-Play Powerhouses (2),3.9889840465642745
3576690,Last Laugh,1.89,1.89,0,Very Positive,54.0,"26 Mar, 2025",arydk,Action,"Indie, Horror, Psychological Horror, Atmospheric, Multiple Endings",Windows,2026-09-01T15:19:08.786554,2,Free-to-Play Powerhouses (2),4.007333185232471
4280570,SharedScreen Wagons 2,5.49,5.49,0,Very Positive,52.0,"15 Jun, 2026",Anti-Ded GameDev,Action,"Casual, Action, Arcade, Party Game, 2D Platformer",Windows,2026-09-01T15:19:08.787669,3,Niche / Emerging Titles,3.970291913552122
1893020,Nekomew's Nightmares,5.89,5.89,0,Very Positive,51.0,"28 Oct, 2022",Pikewin,Action,"Rhythm, Horror, Story Rich, Thriller, Indie",Windows,2026-09-01T15:19:08.787669,3,Niche / Emerging Titles,3.9512437185814275
1579120,Yupitergrad 🚀: Sneaki Peaki (Virtual Reality Adventure),0.0,0.0,0,Very Positive,52.0,"21 Apr, 2021",Gamedust,Action,"Action, Adventure, Shooter, VR, First-Person",Windows,2026-09-01T15:19:08.805715,2,Free-to-Play Powerhouses (2),3.970291913552122
2671590,WORMHOLE,5.49,5.49,0,Very Positive,51.0,"30 Oct, 2024",Pocket Moon Games,Action,"Arcade, Score Attack, Action Roguelike, Fast-Paced, Grid-Based Movement","Windows, Mac, Linux",2026-09-01T15:19:08.805715,3,Niche / Emerging Titles,3.9512437185814275
4219010,Bird Game 3,0.0,0.0,0,Very Positive,55.0,"3 Apr, 2026",Crashout Games,Action,"Flight, Combat Racing, Hack and Slash, Immersive Sim, Action",Windows,2026-09-01T15:19:08.821205,2,Free-to-Play Powerhouses (2),4.02535169073515
703680,Cursed Deal,4.99,4.99,0,Very Positive,51.0,"30 Mar, 2026",Massive Crystal Studios,Action,"Survival Horror, Online Co-Op, Multiplayer, Thriller, Vampires",Windows,2026-09-01T15:19:08.821205,3,Niche / Emerging Titles,3.9512437185814275
4272720,Pickupbal,1.89,1.89,0,Very Positive,230.0,"15 Jun, 2026",nikulas,Action,"Casual, Singleplayer, 2D, Action, Arcade","Windows, Mac, Linux",2026-09-01T15:19:09.039042,2,Free-to-Play Powerhouses (2),5.442417710521793
2299150,Dusk of the Cage,1.89,1.89,0,Very Positive,56.0,"21 Feb, 2023",Gustav,Action,"Casual, 2D, Action, Dark, Zombies",Windows,2026-09-01T15:19:09.039042,2,Free-to-Play Powerhouses (2),4.04305126783455
2566840,Sands of Skullcreek,0.0,0.0,0,Very Positive,56.0,"14 Aug, 2026",Fallen Sun Arcade,Action,"Action, Casual, Shooter, Hero Shooter, Shoot 'Em Up",Windows,2026-09-01T15:19:09.055475,2,Free-to-Play Powerhouses (2),4.04305126783455
2442820,Ascending Inferno,5.89,5.89,0,Very Positive,55.0,"27 Oct, 2024",Oppolyon Studios,Action,"Precision Platformer, Physics, Difficult, Action, Adventure",Windows,2026-09-01T15:19:09.055475,3,Niche / Emerging Titles,4.02535169073515
2726180,Die Erdnussbutter,0.9,0.9,0,Very Positive,56.0,"12 Jan, 2024",Demented Fish Studios,Action,"Arcade, Action, Side Scroller, Action Roguelike, Top-Down Shooter",Windows,2026-09-01T15:19:09.055475,2,Free-to-Play Powerhouses (2),4.04305126783455
2899670,Sword Trip,3.24,3.24,0,Very Positive,56.0,"25 Sep, 2024",噢必游戏,Action,"Action, VR, Adventure, Action Roguelike, Swordplay",Windows,2026-09-01T15:19:09.072409,2,Free-to-Play Powerhouses (2),4.04305126783455
3554520,cheapskate,2.99,2.99,0,Very Positive,55.0,"1 Apr, 2025",Simple Dev Studio,Action,"Sports, Action, Skateboarding, Arcade, Simulation",Windows,2026-09-01T15:19:09.072409,2,Free-to-Play Powerhouses (2),4.02535169073515
2597180,Whirlwind Magician,1.89,1.89,0,Very Positive,57.0,"7 May, 2025",Santi Ponce,Action,"Metroidvania, 2D Platformer, Cute, Female Protagonist, Action-Adventure",Windows,2026-09-01T15:19:09.089668,2,Free-to-Play Powerhouses (2),4.060443010546419
1125860,Rabisco,1.89,1.89,0,Very Positive,57.0,"10 Sep, 2019",Viridino Studios,Action,"Casual, Action, Indie, Adventure",Windows,2026-09-01T15:19:09.098263,2,Free-to-Play Powerhouses (2),4.060443010546419
2479030,Goliath Depot,3.99,3.99,0,Very Positive,57.0,"18 Dec, 2023",Vidvad Games,Action,"Arcade, Score Attack, 2D Platformer, 1980s, Time Attack",Windows,2026-09-01T15:19:09.105619,2,Free-to-Play Powerhouses (2),4.060443010546419
3204110,Death Frame,6.99,6.99,0,Very Positive,57.0,"24 Oct, 2025",EpiXR Games UG,Action,"Adventure, Action, Horror, Psychological Horror, Simulation",Windows,2026-09-01T15:19:09.105619,3,Niche / Emerging Titles,4.060443010546419
3223000,Roombattle,4.21,4.21,0,Very Positive,57.0,"25 Mar, 2026",Dust Games,Action,"Multiplayer, Funny, Action, Casual, Local Multiplayer","Windows, Linux",2026-09-01T15:19:09.122084,2,Free-to-Play Powerhouses (2),4.060443010546419
917140,Amberial Dreams,1.09,1.09,0,Very Positive,58.0,"5 Dec, 2023",Lumorama,Action,"Precision Platformer, Atmospheric, Level Editor, Physics, Side Scroller",Windows,2026-09-01T15:19:09.122084,2,Free-to-Play Powerhouses (2),4.07753744390572
3264960,Cardburners,6.29,6.29,0,Very Positive,57.0,"28 May, 2026",GrosChevaux,Action,"Card Battler, Deckbuilding, Strategy, PvP, Card Game","Windows, Mac, Linux",2026-09-01T15:19:09.122084,3,Niche / Emerging Titles,4.060443010546419
4380750,Emerald Flower,0.9,0.9,0,Very Positive,58.0,"1 Aug, 2026",Trash Men Studios,Action,"RPG, Action-Adventure, Action RPG, Exploration, 2D","Windows, Mac",2026-09-01T15:19:09.139260,2,Free-to-Play Powerhouses (2),4.07753744390572
3639520,Togainu no Chi: True Blood NITRO ARCHIVE,10.49,10.49,0,Very Positive,57.0,"23 Jul, 2025",NITRO PLUS,Action,"Adventure, Visual Novel, Dating Sim, Choose Your Own Adventure, 2D",Windows,2026-09-01T15:19:09.139260,3,Niche / Emerging Titles,4.060443010546419
1394090,Power of Ten - Demo,0.0,0.0,0,Very Positive,59.0,"23 Sep, 2020",Pew Times Three,Action,"Roguelite, Top-Down Shooter, Free to Play, Pixel Graphics, Action Roguelike",Windows,2026-09-01T15:19:09.155723,2,Free-to-Play Powerhouses (2),4.0943445622221
3094210,Nullstar: Solus,3.99,3.99,0,Very Positive,59.0,"16 Apr, 2026",Smash Attack Aus,Action,"Action, Adventure, Platformer, 2D Platformer, Pixel Graphics",Windows,2026-09-01T15:19:09.172283,2,Free-to-Play Powerhouses (2),4.0943445622221
3589010,B.A.N.K.,2.7,2.7,0,Very Positive,59.0,"21 Aug, 2025",TreekSamrix,Action,"Simulation, Funny, Co-op Campaign, Multiple Endings, Co-op",Windows,2026-09-01T15:19:09.181816,2,Free-to-Play Powerhouses (2),4.0943445622221
3046050,Dagger Froggy,2.99,2.99,0,Very Positive,59.0,"10 Dec, 2024",Solluco,Action,"Action, Casual, Arcade, Roguelike, Bullet Hell",Windows,2026-09-01T15:19:09.188876,2,Free-to-Play Powerhouses (2),4.0943445622221
2148170,Murtop,2.99,2.99,0,Very Positive,59.0,"18 May, 2023",hiulit,Action,"Action, Arcade, Platformer, Puzzle, Rhythm","Windows, Mac, Linux",2026-09-01T15:19:09.188876,2,Free-to-Play Powerhouses (2),4.0943445622221
3400380,Look Mum No Computer,6.99,6.99,0,Very Positive,60.0,"24 Jul, 2025",The Bitfather,Action,"Action, Twin Stick Shooter, Action-Adventure, Arcade, Casual","Windows, Mac, Linux",2026-09-01T15:19:09.205569,3,Niche / Emerging Titles,4.110873864173311
3910410,Blood Facsimile,7.79,7.79,0,Very Positive,59.0,"31 Mar, 2026",Rene McCarthy,Action,"FPS, Immersive Sim, Collectathon, Action, Crime",Windows,2026-09-01T15:19:09.220147,3,Niche / Emerging Titles,4.0943445622221
3648240,DEATH BURGER,3.99,3.99,0,Very Positive,60.0,"5 Aug, 2025",lemorion_1224,Action,"Action, Adventure, Horror, Puzzle, Mystery Dungeon",Windows,2026-09-01T15:19:09.222546,2,Free-to-Play Powerhouses (2),4.110873864173311
3605150,Pub Toilet Simulator 25,2.99,2.99,0,Very Positive,61.0,"8 Apr, 2025",Christopher Bowes,Action,"Exploration, Casual, FPS, PvE, Arcade",Windows,2026-09-01T15:19:09.222546,2,Free-to-Play Powerhouses (2),4.127134385045092
1153200,Wormskull,4.49,4.49,0,Very Positive,61.0,"3 Apr, 2020",Wolfs Moon Studios,Action,"Indie, RPG, Adventure, Strategy, JRPG",Windows,2026-09-01T15:19:09.239682,3,Niche / Emerging Titles,4.127134385045092
1211370,Goonya Fighter,6.99,6.99,0,Very Positive,61.0,"11 Nov, 2021",MUTAN,Action,"Casual, Action, Family Friendly, Multiplayer, Funny",Windows,2026-09-01T15:19:09.244328,3,Niche / Emerging Titles,4.127134385045092
3356480,Stick Tongue,2.99,2.99,0,Very Positive,61.0,"7 Mar, 2025",Hunt Games,Action,"Adventure, Simulation, Platformer, Puzzle Platformer, Action-Adventure",Windows,2026-09-01T15:19:09.254325,2,Free-to-Play Powerhouses (2),4.127134385045092
1995780,Aliens After Ava,0.0,0.0,0,Very Positive,237.0,"13 Jan, 2023",Alejandro Hervella,Action,"Indie, Action, Runner, Aliens, PvE","Windows, Mac",2026-09-01T15:19:11.222978,2,Free-to-Play Powerhouses (2),5.472270673671475
1707400,Larcin Lazer,0.98,0.98,0,Very Positive,241.0,"24 Jan, 2023",Tambouille,Action,"Puzzle, Action, Arcade, Stealth, Heist",Windows,2026-09-01T15:19:13.005816,2,Free-to-Play Powerhouses (2),5.488937726156687
1775960,Contract Rush DX,8.19,8.19,0,Very Positive,244.0,"30 Jul, 2025",Figburn,Action,"Shoot 'Em Up, Hand-drawn, Difficult, Action, Platformer",Windows,2026-09-01T15:19:15.005947,3,Niche / Emerging Titles,5.501258210544727
2812120,Clock Rogue,2.99,2.99,0,Very Positive,113.0,"7 Nov, 2024",MONO ENTERTAINMENT,Action,"Action, Action Roguelike, Roguelike, Turn-Based Tactics, Roguelite",Windows,2026-09-01T15:19:16.891797,2,Free-to-Play Powerhouses (2),4.736198448394496
2191770,Gregory Horror Show: Soul of Roses,7.49,7.49,0,Very Positive,61.0,"14 Nov, 2024",Unframe,Action,"Early Access, Action Roguelike, Roguelite, Cute, Roguelike","Windows, Mac",2026-09-01T15:19:20.056375,3,Niche / Emerging Titles,4.127134385045092
2824580,Terry's Other Games,5.49,5.49,0,Very Positive,61.0,"13 Feb, 2025",Terry Cavanagh,Action,"Experimental, Pixel Graphics, Platformer, Action, Adventure","Windows, Mac, Linux",2026-09-01T15:19:21.822552,3,Niche / Emerging Titles,4.127134385045092
3741640,Pippa and Your Phantasmal Problem,0.0,0.0,0,Very Positive,62.0,"8 Dec, 2025",Konayachi,Action,"Visual Novel, Choices Matter, Cute, Magic, Funny","Windows, Mac, Linux",2026-09-01T15:19:24.005865,2,Free-to-Play Powerhouses (2),4.143134726391533
349100,Notrium,1.89,1.89,0,Very Positive,62.0,"7 Dec, 2015",Ville Mönkkönen,Action,"Action, Top-Down Shooter, Survival, Crafting, Adventure",Windows,2026-09-01T15:19:26.154692,2,Free-to-Play Powerhouses (2),4.143134726391533
2299930,Fiz and the Rainbow Planet,5.49,5.49,0,Very Positive,63.0,"15 Jul, 2024",にじいろドラゴン,Action,"Action, Side Scroller, Pixel Graphics, 2.5D, Cute",Windows,2026-09-01T15:19:26.987955,3,Niche / Emerging Titles,4.1588830833596715
2824730,Yawnoc,2.99,2.99,0,Very Positive,64.0,"13 Nov, 2024",DaFluffyPotato,Action,"Top-Down Shooter, Pixel Graphics, Action Roguelike, Bullet Hell, Top-Down","Windows, Linux",2026-09-01T15:19:28.671085,2,Free-to-Play Powerhouses (2),4.174387269895637
2166690,Savage: Ultimate Boss Fight,2.99,2.99,0,Very Positive,64.0,"6 Jun, 2024",SavageDev,Action,"Action, Action RPG, Tactical RPG, MMORPG, Top-Down",Windows,2026-09-01T15:19:29.973526,2,Free-to-Play Powerhouses (2),4.174387269895637
2527710,TEXNOPLAZM,7.99,7.99,0,Very Positive,64.0,"4 Aug, 2025",Mothership Loudspeakerz,Action,"Early Access, FPS, Spectacle fighter, Arena Shooter, Cyberpunk",Windows,2026-09-01T15:19:32.104383,3,Niche / Emerging Titles,4.174387269895637
2842600,ASTROLANCER,3.49,3.49,0,Very Positive,139.0,"18 Apr, 2024",Studio Hexeye,Action,"Singleplayer, Shoot 'Em Up, Top-Down Shooter, Pixel Graphics, Action",Windows,2026-09-01T15:19:34.171174,2,Free-to-Play Powerhouses (2),4.941642422609304
2778500,Kitty's Last Adventure,2.99,2.99,0,Very Positive,142.0,"27 Aug, 2025",Woum,Action,"Bullet Heaven, Bullet Hell, Cute, Action Roguelike, Arena Shooter","Windows, Mac",2026-09-01T15:19:36.575038,2,Free-to-Play Powerhouses (2),4.962844630259907
1354260,Brave Escape,5.73,5.73,0,Very Positive,144.0,"31 Jan, 2025",Hit Start Studios,Action,"Precision Platformer, Co-op, Difficult, Atmospheric, 2D Platformer","Windows, Mac, Linux",2026-09-01T15:19:38.065064,3,Niche / Emerging Titles,4.976733742420574
2284460,TraumaCore Violence,0.9,0.9,0,Very Positive,151.0,"6 May, 2023",Discade Project,Action,"Action, 2D Fighter, Arcade, 2D Platformer, Spectacle fighter",Windows,2026-09-01T15:19:40.272263,2,Free-to-Play Powerhouses (2),5.0238805208462765
1264920,Endgame: Road To Salvation,6.19,6.19,0,Very Positive,154.0,"16 Apr, 2021",Indie/Anon Games,Action,"Early Access, Third-Person Shooter, Vehicular Combat, Survival Horror, Driving",Windows,2026-09-01T15:19:41.620719,3,Niche / Emerging Titles,5.043425116919247
372960,Robbery Bob: Man of Steal,7.99,7.99,0,Very Positive,156.0,"21 Oct, 2015",Level Eight AB,Action,"Indie, Casual, Action, Stealth, Funny",Windows,2026-09-01T15:19:43.053695,3,Niche / Emerging Titles,5.056245805348308
2978440,PROJEKT GODHAND,3.05,3.05,0,Very Positive,158.0,"28 Feb, 2026",Anarch Entertainment,Action,"Rhythm, LGBTQ+, Action, Visual Novel, Anime","Windows, Mac",2026-09-01T15:19:44.355204,2,Free-to-Play Powerhouses (2),5.0689042022202315
1268860,Raindrops,3.29,3.29,0,Very Positive,163.0,"24 Apr, 2020",Poobool,Action,"Indie, Casual, Action, Rhythm, Music",Windows,2026-09-01T15:19:46.937258,2,Free-to-Play Powerhouses (2),5.099866427824199
4090270,BastionOS,2.06,2.06,0,Very Positive,167.0,"28 Apr, 2026",Feral Paw,Action,"Incremental, Arcade, Action, Casual, Idler","Windows, Mac",2026-09-01T15:19:48.203721,2,Free-to-Play Powerhouses (2),5.123963979403259
2721530,Afterplace,1.74,1.74,0,Very Positive,169.0,"22 Jul, 2024",Evan Kice,Action,"Comedy, Exploration, Story Rich, Choices Matter, RPG","Windows, Mac, Linux",2026-09-01T15:19:50.253909,2,Free-to-Play Powerhouses (2),5.135798437050262
1999940,Hyperhell,0.0,0.0,0,Very Positive,177.0,"21 Apr, 2023",Diency games,Action,"Action Roguelike, Perma Death, Shooter, Arcade, 2D",Windows,2026-09-01T15:19:52.305628,2,Free-to-Play Powerhouses (2),5.181783550292085
2436280,Bung Ball,0.0,0.0,0,Very Positive,177.0,"10 Jun, 2023",Slap Chicken Games,Action,"Action, Casual, 3D Fighter, Arcade, Beat 'em up","Windows, Mac",2026-09-01T15:19:54.340896,2,Free-to-Play Powerhouses (2),5.181783550292085
2058140,Henry Halfhead,6.19,6.19,0,Very Positive,177.0,"16 Sep, 2025",Lululu Entertainment,Action,"Sandbox, Story Rich, Co-op, Adventure, Comedy",Windows,2026-09-01T15:19:56.103991,3,Niche / Emerging Titles,5.181783550292085
2149630,1 Trait Escape,6.29,6.29,0,Very Positive,178.0,"7 Dec, 2024",Andrew Katz,Action,"Action, Action Roguelike, Adventure, Third Person, Singleplayer","Windows, Mac",2026-09-01T15:19:58.104531,3,Niche / Emerging Titles,5.187385805840755
4534000,PROFITS 2167: Planetary Resource Optimization & Freight Infrastructure Technician Simulator,4.69,4.69,0,Very Positive,178.0,"17 Aug, 2026",Simple Software Solutions,Action,"Early Access, Incremental, Resource Management, Arcade, Mining",Windows,2026-09-01T15:19:59.436906,3,Niche / Emerging Titles,5.187385805840755
205830,Luxor Evolved,9.99,9.99,0,Very Positive,183.0,"1 Mar, 2012",MumboJumbo,Action,"Casual, Action, Indie, Match 3, Arcade",Windows,2026-09-01T15:20:01.321502,3,Niche / Emerging Titles,5.214935757608986
1414020,Mixolumia,5.49,5.49,0,Very Positive,187.0,"30 Nov, 2020",davemakes,Action,"Puzzle, Arcade, Falling Blocks, Colorful, Music","Windows, Mac",2026-09-01T15:20:03.438230,3,Niche / Emerging Titles,5.236441962829949
690420,Quickscoper Doge: The Dank Illuminati Memes,2.49,2.49,0,Very Positive,192.0,"6 Jun, 2020",xTyler73,Action,"FPS, Memes, Action-Adventure, Funny, Dogs",Windows,2026-09-01T15:20:05.140592,2,Free-to-Play Powerhouses (2),5.262690188904886
1173940,Barrage Musical ~ Basic Danmaku Tutorial ~ / 弹幕音乐绘 ~ 基础教学篇 ~,1.29,1.29,0,Very Positive,191.0,"13 Dec, 2019",SlimeSmile,Action,"Action, Indie, Bullet Hell, Shoot 'Em Up, Anime",Windows,2026-09-01T15:20:06.753683,2,Free-to-Play Powerhouses (2),5.2574953720277815
1064950,Fluid Lander - フリュードランダー,0.0,0.0,0,Very Positive,201.0,"10 May, 2019",toropippi,Action,"Free to Play, Action, Anime, 2D, Physics",Windows,2026-09-01T15:20:08.914158,2,Free-to-Play Powerhouses (2),5.308267697401205
2278790,Grapple Dogs: Cosmic Canines,3.89,3.89,0,Very Positive,199.0,"12 Sep, 2024",Medallion Games,Action,"2D Platformer, Pixel Graphics, Colorful, Dogs, Collectathon",Windows,2026-09-01T15:20:11.022249,2,Free-to-Play Powerhouses (2),5.298317366548036
762610,Russian Subway Dogs,6.99,6.99,0,Very Positive,204.0,"2 Aug, 2018",Spooky Squid Games Inc.,Action,"Dogs, Cats, Cute, Score Attack, 2D","Windows, Mac, Linux",2026-09-01T15:20:12.903191,3,Niche / Emerging Titles,5.3230099791384085
2851700,Nasty Zombies,6.19,6.19,0,Very Positive,205.0,"4 Apr, 2024",Con No 1,Action,"Action, Shooter, Boomer Shooter, FPS, Online Co-Op",Windows,2026-09-01T15:20:14.903368,3,Niche / Emerging Titles,5.327876168789581
2054520,Gawr Gura: Quest for Bread,4.49,4.49,0,Very Positive,205.0,"27 Aug, 2026",Kenny Park,Action,"Cute, Funny, Short, Action, 3D Platformer",Windows,2026-09-01T15:20:16.669913,3,Niche / Emerging Titles,5.327876168789581
1271090,Let's Cook Together,7.29,7.29,0,Very Positive,210.0,"26 Nov, 2020",Yellow Dot,Action,"Co-op Campaign, Family Friendly, Cooking, Local Co-Op, Dialogue Heavy",Windows,2026-09-01T15:20:18.672800,3,Niche / Emerging Titles,5.351858133476067
1252410,Alien Scumbags,3.49,3.49,0,Very Positive,65.0,"17 Jun, 2020",Monster Finger Games,Action,"Action, Pixel Graphics, Gore, 2D Platformer, Side Scroller",Windows,2026-09-01T15:20:20.769830,2,Free-to-Play Powerhouses (2),4.189654742026425
3583530,Vampire's Best Friend,5.49,5.49,0,Very Positive,71.0,"6 Oct, 2025",SinksAdventure,Action,"Precision Platformer, Cute, Metroidvania, Platformer, Action",Windows,2026-09-01T15:20:20.803476,3,Niche / Emerging Titles,4.276666119016055
3567760,Twig's Adventure 64,1.89,1.89,0,Very Positive,67.0,"8 May, 2025",kurigamedev,Action,"3D Platformer, 1990's, Adventure, Exploration, Collectathon","Windows, Linux",2026-09-01T15:20:24.369817,2,Free-to-Play Powerhouses (2),4.219507705176107
1228430,Pair-a-Site,0.0,0.0,0,Very Positive,68.0,"6 Feb, 2020",Elliott Strait,Action,"2D Platformer, Bullet Hell, Visual Novel, Platformer, Shooter",Windows,2026-09-01T15:20:26.369843,2,Free-to-Play Powerhouses (2),4.23410650459726
1581500,Dragon Drop,1.99,1.99,0,Very Positive,68.0,"10 Jun, 2022",Cloudy Games LLC,Action,"Early Access, Party Game, 4 Player Local, PvP, Action","Windows, Mac, Linux",2026-09-01T15:20:27.836286,2,Free-to-Play Powerhouses (2),4.23410650459726
899270,BlamBox,0.0,0.0,0,Very Positive,69.0,"2 Oct, 2018",Heavenward Games,Action,"Action, Indie, Casual, Voxel, Arcade",Windows,2026-09-01T15:20:30.286415,2,Free-to-Play Powerhouses (2),4.248495242049359
2566020,Raindrop Sprinters,5.49,5.49,0,Very Positive,69.0,"19 Dec, 2023",room_909,Action,"Action, Old School, Arcade, Score Attack, 1980s",Windows,2026-09-01T15:20:34.256356,3,Niche / Emerging Titles,4.248495242049359
3982130,Hijong Park's Defender Patrol,3.29,3.29,0,Very Positive,71.0,"24 Oct, 2025",Hijong Park,Action,"Flight, Wargame, Cold War, Military, Simulation",Windows,2026-09-01T15:20:35.658556,2,Free-to-Play Powerhouses (2),4.276666119016055
2135990,Ringlorn Saga,4.49,4.49,0,Very Positive,72.0,"7 Nov, 2022",Graverobber Foundation,Action,"Exploration, Action RPG, Action-Adventure, RPG, 2D","Windows, Linux",2026-09-01T15:20:37.744539,3,Niche / Emerging Titles,4.290459441148391
2412110,Rogue Labyrinth,4.19,4.19,0,Very Positive,74.0,"1 Sep, 2025",Tea Witch Games,Action,"Roguelike, Combat, Action RPG, Roguelite, Nature","Windows, Linux",2026-09-01T15:20:39.747489,3,Niche / Emerging Titles,4.31748811353631
1704730,Vacant Kingdom,5.0,5.0,0,Very Positive,76.0,"6 Oct, 2022",shru,Action,"Bullet Hell, Shoot 'Em Up, Funny, Action RPG, Pixel Graphics","Windows, Mac",2026-09-01T15:20:41.869539,3,Niche / Emerging Titles,4.343805421853684
2150700,Magic Axolotl,1.89,1.89,0,Very Positive,77.0,"28 Oct, 2022",Gato Alebrije,Action,"Casual, Action, Singleplayer, Arcade, Action-Adventure","Windows, Linux",2026-09-01T15:20:43.502875,2,Free-to-Play Powerhouses (2),4.356708826689592
3021850,Monster Meals,3.99,3.99,0,Very Positive,77.0,"17 Jan, 2025",Giant Warrior Studio,Action,"Singleplayer, Multiplayer, Cooking, Local Co-Op, Simulation",Windows,2026-09-01T15:20:44.754258,2,Free-to-Play Powerhouses (2),4.356708826689592
3001200,Tails Noir: Rebel Rush,2.97,2.97,0,Very Positive,78.0,"16 Sep, 2024",Soup with Friends,Action,"Driving, Precision Platformer, Puzzle, Exploration, 3D Platformer","Windows, Mac, Linux",2026-09-01T15:20:46.791096,2,Free-to-Play Powerhouses (2),4.3694478524670215
1462420,TWWWR,2.49,2.49,0,Very Positive,79.0,"24 Nov, 2020",Emlise,Action,"Adventure, Pixel Graphics, Colorful, Top-Down, Action-Adventure",Windows,2026-09-01T15:20:48.757659,2,Free-to-Play Powerhouses (2),4.382026634673881
4049320,ESC/APE,0.0,0.0,0,Very Positive,79.0,"8 Oct, 2025",Vancouver Film School,Action,"Action, Arcade, Platformer, 3D, First-Person",Windows,2026-09-01T15:20:50.852499,2,Free-to-Play Powerhouses (2),4.382026634673881
3383040,Beatdown City Survivors,4.71,4.71,0,Very Positive,79.0,"10 Jun, 2026",NuChallenger,Action,"Action Roguelike, Bullet Hell, Roguelite, Sandbox, Martial Arts",Windows,2026-09-01T15:20:52.935843,3,Niche / Emerging Titles,4.382026634673881
3160160,Six-Ear Macaque: Awakening,3.73,3.73,0,Very Positive,80.0,"24 Mar, 2025",红景天娱乐,Action,"Casual, Fantasy, 3D, Singleplayer, Strategy RPG",Windows,2026-09-01T15:20:54.936011,2,Free-to-Play Powerhouses (2),4.394449154672439
2547330,Dr. Lunatic Supreme With Steam,5.49,5.49,0,Very Positive,80.0,"18 Sep, 2023","Hamumu Games, Inc.",Action,"Action-Adventure, Puzzle, Exploration, Level Editor, 2D","Windows, Linux",2026-09-01T15:20:56.452567,3,Niche / Emerging Titles,4.394449154672439
3153190,Ink Inside - First Page,0.0,0.0,0,Very Positive,81.0,"23 Oct, 2024",Blackfield Entertainment LLC,Action,"Beat 'em up, Adventure, Bullet Hell, Dungeon Crawler, Action-Adventure",Windows,2026-09-01T15:20:58.436176,2,Free-to-Play Powerhouses (2),4.406719247264253
4234170,CPU Invaders - 3i Atlas,4.5,4.5,0,Very Positive,81.0,"22 Dec, 2025",Microblast Games,Action,"Funny, Casual, 2.5D, Action, Hero Shooter",Windows,2026-09-01T15:21:00.809165,3,Niche / Emerging Titles,4.406719247264253
3438840,Kill Ralph,2.99,2.99,0,Very Positive,81.0,"21 Oct, 2025",Andrii Tuzenko,Action,"Visual Novel, Choices Matter, Adventure, Interactive Fiction, Point & Click","Windows, Mac, Linux",2026-09-01T15:21:02.780256,2,Free-to-Play Powerhouses (2),4.406719247264253
2075160,BOSSGAME: The Final Boss Is My Heart,5.49,5.49,0,Very Positive,83.0,"20 Jul, 2023",Lilycore Games,Action,"Boss Rush, Female Protagonist, LGBTQ+, Action, Pixel Graphics","Windows, Mac",2026-09-01T15:21:04.852463,3,Niche / Emerging Titles,4.430816798843313
1204930,Hop Step Sing! Astral Piece,4.99,4.99,0,Very Positive,85.0,"12 Dec, 2019",Kodansha,Action,"Casual, VR, Anime, Singleplayer, Female Protagonist",Windows,2026-09-01T15:21:06.602857,3,Niche / Emerging Titles,4.454347296253507
234510,Rising Storm Game of the Year Edition,19.99,19.99,0,Very Positive,86.0,"30 May, 2013",Tripwire Interactive,Action,"Realistic, World War II, FPS, Action, Multiplayer",Windows,2026-09-01T15:21:08.571309,4,Premium / AAA,4.465908118654584
948100,ニンジャスレイヤー : AREA 4643,5.89,5.89,0,Very Positive,88.0,"21 Dec, 2018",DeathMofuMofu,Action,"Action, Indie, Top-Down Shooter, Ninja, Cyberpunk","Windows, Mac",2026-09-01T15:21:09.924385,3,Niche / Emerging Titles,4.48863636973214
3069340,Blasterbug: Last Bug Standing!,0.0,0.0,0,Very Positive,89.0,"24 Aug, 2026",Dotemu,Action,"Action, Puzzle, Party, Casual, Party Game",Windows,2026-09-01T15:21:12.005607,2,Free-to-Play Powerhouses (2),4.499809670330265
1257860,Clea 2,6.79,6.79,0,Very Positive,93.0,"25 Mar, 2021",InvertMouse,Action,"Anime, Survival Horror, Stealth, Cute, Female Protagonist","Windows, Mac, Linux",2026-09-01T15:21:14.158926,3,Niche / Emerging Titles,4.543294782270004
3257310,10S FOREVER,4.49,4.49,0,Very Positive,93.0,"18 Jun, 2025",owch,Action,"Bullet Hell, Sports, Tennis, Surreal, Arcade",Windows,2026-09-01T15:21:16.001869,3,Niche / Emerging Titles,4.543294782270004
2184010,Star Leaping Story,3.99,3.99,0,Very Positive,97.0,"6 May, 2024",ZerovHao,Action,"Precision Platformer, Story Rich, Pixel Graphics, 2D Platformer, Side Scroller",Windows,2026-09-01T15:21:20.185439,2,Free-to-Play Powerhouses (2),4.584967478670572
2542350,Masks of the Void: Origins,6.99,6.99,0,Very Positive,108.0,"6 Mar, 2026",ROLLDBOX GAMES,Action,"Action Roguelike, Roguelike, Isometric, Roguelite, Hack and Slash",Windows,2026-09-01T15:21:38.683057,3,Niche / Emerging Titles,4.6913478822291435
1376960,Dead World,2.69,2.69,0,Very Positive,85.0,"4 May, 2024",Milanesa Studio,Action,"Early Access, Post-apocalyptic, Action, Atmospheric, Adventure",Windows,2026-09-01T15:21:40.634089,2,Free-to-Play Powerhouses (2),4.454347296253507
358350,Secret Agent,4.99,4.99,0,Very Positive,68.0,"5 May, 2014",Apogee Entertainment,Action,"Action, Platformer, Classic, 2D, 1990's","Windows, Mac",2026-09-01T15:21:42.350054,3,Niche / Emerging Titles,4.23410650459726
2224790,PIEN & PAON plus,2.49,2.49,0,Very Positive,69.0,"6 Dec, 2022",くそいサイト,Action,"Action, Adventure, Action-Adventure, 3D Platformer, Horror",Windows,2026-09-01T15:21:44.086249,2,Free-to-Play Powerhouses (2),4.248495242049359
1771990,Nyaaaanvy,5.49,5.49,0,Very Positive,69.0,"21 Feb, 2024",Team DigitalMind,Action,"Action, Multiplayer, PvP, Cute, Cats",Windows,2026-09-01T15:21:45.873141,3,Niche / Emerging Titles,4.248495242049359
3367410,What The Hack!,0.0,0.0,0,Very Positive,72.0,"22 Aug, 2025",Nigel Huens,Action,"Casual, Strategy, Platformer, Puzzle, 3D Platformer",Windows,2026-09-01T15:21:47.776672,2,Free-to-Play Powerhouses (2),4.290459441148391
3261500,Pamina VS Slimes,0.0,0.0,0,Very Positive,72.0,"24 Oct, 2024",Rune Game Dev,Action,"Arcade, Casual, Anime, Shoot 'Em Up, Pixel Graphics",Windows,2026-09-01T15:21:49.320240,2,Free-to-Play Powerhouses (2),4.290459441148391
1425380,10mg :),1.89,1.89,0,Very Positive,72.0,"15 Oct, 2020",torcado,Action,"Experimental, Puzzle, Action-Adventure, 2D, Cute","Windows, Mac, Linux",2026-09-01T15:21:51.460764,2,Free-to-Play Powerhouses (2),4.290459441148391
2922990,Slaughter Me Street: 1999,3.29,3.29,0,Very Positive,72.0,"31 Oct, 2024",GlitchedLizard,Action,"Action, Adventure, Strategy, Arcade, 3D",Windows,2026-09-01T15:21:53.744616,2,Free-to-Play Powerhouses (2),4.290459441148391
3892030,5 nights at Timokha 5: Island,2.19,2.19,0,Very Positive,72.0,"16 Apr, 2026","Team GZ, VADIM CHURILOV",Action,"Adventure, Action, Action-Adventure, Shooter, Hidden Object",Windows,2026-09-01T15:21:54.801390,2,Free-to-Play Powerhouses (2),4.290459441148391
1028300,Katana Soul,1.29,1.29,0,Very Positive,73.0,"25 Mar, 2019",SEEP,Action,"Action, Indie, Violent, Gore, Adventure",Windows,2026-09-01T15:21:56.791949,2,Free-to-Play Powerhouses (2),4.30406509320417
1996600,Byte Lynx,1.7,1.7,0,Very Positive,74.0,"12 Oct, 2022",Artful Games,Action,"Base Building, RTS, Strategy, Action RTS, Puzzle",Windows,2026-09-01T15:21:58.612179,2,Free-to-Play Powerhouses (2),4.31748811353631
888990,雨上がりのハナビィ Ameagari no Hanaby,6.79,6.79,0,Very Positive,74.0,"22 Sep, 2018",Enigmatic Network,Action,"Side Scroller, Exploration, 2D Platformer, Action-Adventure, Female Protagonist","Windows, Mac",2026-09-01T15:22:00.185090,3,Niche / Emerging Titles,4.31748811353631
311930,Tinertia,6.99,6.99,0,Very Positive,74.0,"3 Sep, 2015",Candescent Games,Action,"Action, Indie, Twin Stick Shooter, VR, Platformer","Windows, Mac, Linux",2026-09-01T15:22:02.187978,3,Niche / Emerging Titles,4.31748811353631
2138410,Turnip Mountain,4.99,4.99,0,Very Positive,74.0,"30 Jul, 2026",Luke Sanderson,Action,"Precision Platformer, Parkour, Nonlinear, Physics, Controller",Windows,2026-09-01T15:22:04.237634,3,Niche / Emerging Titles,4.31748811353631
1257910,DethKarz,3.99,3.99,0,Very Positive,76.0,"21 Aug, 2020",Beam Software,Action,"Racing, Action, Futuristic, Cyberpunk, Shooter",Windows,2026-09-01T15:22:06.349538,2,Free-to-Play Powerhouses (2),4.343805421853684
684530,Lance A Lot: Enhanced Edition,4.49,4.49,0,Very Positive,77.0,"28 Sep, 2017",Brimstone,Action,"Action, Indie, Casual, 4 Player Local, Local Multiplayer","Windows, Mac, Linux",2026-09-01T15:22:08.614446,3,Niche / Emerging Titles,4.356708826689592
3355150,Stellarion,0.0,0.0,0,Very Positive,78.0,"3 Jan, 2025",Zana Domán,Action,"Action, Casual, Arcade, Bullet Hell, Exploration",Windows,2026-09-01T15:22:10.453248,2,Free-to-Play Powerhouses (2),4.3694478524670215
2525300,Bahamut and the Waqwaq Tree,6.99,6.99,0,Very Positive,79.0,"8 May, 2025",Starvania Studio,Action,"Adventure, Atmospheric, Narrative, Indie, Story Rich",Windows,2026-09-01T15:22:12.309906,3,Niche / Emerging Titles,4.382026634673881
2672520,Versebound,3.99,3.99,0,Very Positive,81.0,"30 Apr, 2025",Conifer Digital,Action,"Action Roguelike, Roguelite, Bullet Hell, Dark Fantasy, Roguelike",Windows,2026-09-01T15:22:14.748769,2,Free-to-Play Powerhouses (2),4.406719247264253
771070,Infinos Gaiden,5.89,5.89,0,Very Positive,81.0,"19 Jan, 2018",Picorinne Soft,Action,"Action, Indie, Shoot 'Em Up, Pixel Graphics, 2D",Windows,2026-09-01T15:22:16.188841,3,Niche / Emerging Titles,4.406719247264253
2859870,Duel of games,0.0,0.0,0,Very Positive,82.0,"28 Mar, 2024",理工互助会,Action,"Spectacle fighter, PvP, 2D Fighter, Arcade, 2D",Windows,2026-09-01T15:22:18.443611,2,Free-to-Play Powerhouses (2),4.418840607796598
1750350,Sebil Engineering,4.19,4.19,0,Very Positive,82.0,"9 Nov, 2023",FrogStore,Action,"3D Platformer, Education, Puzzle, City Builder, Building","Windows, Mac",2026-09-01T15:22:20.792721,3,Niche / Emerging Titles,4.418840607796598
358260,Crystal Caves,4.99,4.99,0,Very Positive,83.0,"5 May, 2014",Apogee Software,Action,"Action, Platformer, Classic, Retro, 2D","Windows, Mac",2026-09-01T15:22:21.752055,3,Niche / Emerging Titles,4.430816798843313
4235410,Future Knight,8.55,8.55,0,Very Positive,84.0,"13 Aug, 2026",Studio Koba,Action,"Action, Arcade, Adventure, Shoot 'Em Up, Pixel Graphics",Windows,2026-09-01T15:22:23.423196,3,Niche / Emerging Titles,4.442651256490317
1304420,Super Cable Boy,7.29,7.29,0,Very Positive,85.0,"20 Nov, 2020",Sørb,Action,"Precision Platformer, 2D Platformer, Platformer, Indie, Retro","Windows, Mac, Linux",2026-09-01T15:22:24.965912,3,Niche / Emerging Titles,4.454347296253507
1291370,Lotion samurai,0.64,0.64,0,Very Positive,85.0,"3 Jun, 2020",Retsu Teikoku,Action,"Action, Casual, Ninja, 2D, Time Attack",Windows,2026-09-01T15:22:26.962972,2,Free-to-Play Powerhouses (2),4.454347296253507
3206010,Attack Core,3.49,3.49,0,Very Positive,86.0,"6 Nov, 2024",ArtsMoons,Action,"Action Roguelike, Bullet Hell, 3D, Action, Arcade",Windows,2026-09-01T15:22:29.031227,2,Free-to-Play Powerhouses (2),4.465908118654584
2051130,Ghostland Yard,5.49,5.49,0,Very Positive,87.0,"31 Oct, 2023",Obelisk Studio,Action,"Indie, Precision Platformer, Fast-Paced, 2D Platformer, Difficult",Windows,2026-09-01T15:22:31.228421,3,Niche / Emerging Titles,4.477336814478207
1043860,Glad Valakas: Cyberban,1.89,1.89,0,Very Positive,87.0,"29 Jun, 2019",Nozhin games studio,Action,"Action, Indie, Casual, Gore, Nudity",Windows,2026-09-01T15:22:33.414377,2,Free-to-Play Powerhouses (2),4.477336814478207
3708660,DOCTOR VISCERA,4.49,4.49,0,Very Positive,87.0,"29 Oct, 2025",Liminal Road,Action,"Multiple Endings, Survival Horror, Puzzle, Stealth, Survival",Windows,2026-09-01T15:22:35.103192,3,Niche / Emerging Titles,4.477336814478207
2297960,Relic Odyssey : Ruins Of Xantao,5.49,5.49,0,Very Positive,88.0,"27 Jan, 2024",Honour Bound Game Studios Inc.,Action,"Early Access, Controller, FPS, 3D, Exploration",Windows,2026-09-01T15:22:38.190468,3,Niche / Emerging Titles,4.48863636973214
3298150,Flip Flop XL,1.29,1.29,0,Very Positive,89.0,"10 Dec, 2024",Adamvision Studios,Action,"Casual, Arcade, Score Attack, Cute, Family Friendly","Windows, Mac, Linux",2026-09-01T15:22:39.498484,2,Free-to-Play Powerhouses (2),4.499809670330265
2598190,SomnaBuster,6.99,6.99,0,Very Positive,89.0,"24 Sep, 2024",PD_CGT,Action,"Precision Platformer, Cartoon, Colorful, Comedy, Cute","Windows, Linux",2026-09-01T15:22:40.670322,3,Niche / Emerging Titles,4.499809670330265
3521300,tuna hake's underwater,1.89,1.89,0,Very Positive,89.0,"24 Apr, 2025",osuika,Action,"Underwater, Action, Physics, Sandbox, 3D","Windows, Linux",2026-09-01T15:22:42.336822,2,Free-to-Play Powerhouses (2),4.499809670330265
1489120,sunny-place,3.99,3.99,0,Very Positive,91.0,"21 Dec, 2021",tjern,Action,"Driving, 3D Platformer, Multiplayer, Singleplayer, Racing","Windows, Mac, Linux",2026-09-01T15:22:43.901455,2,Free-to-Play Powerhouses (2),4.5217885770490405
2517770,SWORDCAR,2.99,2.99,0,Very Positive,91.0,"2 Nov, 2023",SpaceMicroscope Studios,Action,"Action, Vehicular Combat, Singleplayer, Driving, Hack and Slash","Windows, Mac",2026-09-01T15:22:45.411969,2,Free-to-Play Powerhouses (2),4.5217885770490405
1342740,Moose Life,3.99,3.99,0,Very Positive,91.0,"13 Aug, 2020",Llamasoft Ltd.,Action,"Shoot 'Em Up, Action, Arcade, Psychedelic, Colorful",Windows,2026-09-01T15:22:46.747804,2,Free-to-Play Powerhouses (2),4.5217885770490405
4861510,Sill Sticks,0.0,0.0,0,Very Positive,92.0,"19 Jul, 2026",SQOOL,Action,"Casual, 2D, Free to Play, Cute, Hand-drawn",Windows,2026-09-01T15:22:48.491979,2,Free-to-Play Powerhouses (2),4.532599493153256
1025240,GLAD VALAKAS TOWER DEFENCE 2,0.45,0.45,0,Very Positive,93.0,"7 Mar, 2019",Snkl Studio,Action,"Casual, Action, Indie, Memes, Relaxing",Windows,2026-09-01T15:22:50.522893,2,Free-to-Play Powerhouses (2),4.543294782270004
522490,Carrie's Order Up!,1.89,1.89,0,Very Positive,94.0,"12 Sep, 2016",Ink Dragon Works,Action,"Casual, Indie, Action, Cute, Arcade",Windows,2026-09-01T15:22:52.275986,2,Free-to-Play Powerhouses (2),4.553876891600541
1490590,We are Eva,6.99,6.99,0,Very Positive,94.0,"16 Jun, 2023",Totally Normal Creature,Action,"Precision Platformer, Difficult, Platformer, 2D Platformer, Female Protagonist",Windows,2026-09-01T15:22:53.913856,3,Niche / Emerging Titles,4.553876891600541
1448840,Very Very Valet,6.99,6.99,0,Very Positive,94.0,"25 May, 2022",Toyful LLC,Action,"Co-op, Multiplayer, Casual, Driving, Physics","Windows, Mac",2026-09-01T15:22:55.441989,3,Niche / Emerging Titles,4.553876891600541
4008720,Not Raised By Wolves,0.0,0.0,0,Very Positive,95.0,"1 Oct, 2025",Vancouver Film School,Action,"Action, Shooter, 3D, Third Person, Futuristic",Windows,2026-09-01T15:22:57.566500,2,Free-to-Play Powerhouses (2),4.564348191467836
2933910,CatboyZOOM,5.49,5.49,0,Very Positive,95.0,"7 Jan, 2025",Ethan Vuong,Action,"Early Access, First-Person, Parkour, 3D Platformer, Action",Windows,2026-09-01T15:22:58.968958,3,Niche / Emerging Titles,4.564348191467836
2882930,GRUEL,5.49,5.49,0,Very Positive,95.0,"5 Mar, 2025",Mick Sengers,Action,"Boomer Shooter, Arcade, Action Roguelike, Retro, Hero Shooter",Windows,2026-09-01T15:23:00.489154,3,Niche / Emerging Titles,4.564348191467836
3531970,Railway Chai Wala,0.0,0.0,0,Very Positive,100.0,"7 Mar, 2025",DRCOCKTAIL GAMES LLP,Action,"Psychological Horror, Thriller, Dark, Interactive Fiction, Casual",Windows,2026-09-01T15:23:02.369839,2,Free-to-Play Powerhouses (2),4.61512051684126
1198210,Dogworld,6.99,6.99,0,Very Positive,105.0,"18 Mar, 2021",Lateralis Heavy Industries,Action,"2D Platformer, Action, Adventure, Platformer, Indie",Windows,2026-09-01T15:23:04.495562,3,Niche / Emerging Titles,4.663439094112067
1940410,Starri,7.79,7.79,0,Very Positive,105.0,"1 Oct, 2023",Nex,Action,"Action, Casual, Rhythm, Sports, Artificial Intelligence","Windows, Mac",2026-09-01T15:23:06.429824,3,Niche / Emerging Titles,4.663439094112067
1492720,GunBlocks - Prologue,0.0,0.0,0,Very Positive,106.0,"1 Jan, 2021",Steve Welz,Action,"Action, Puzzle, Experimental, Puzzle Platformer, 2D",Windows,2026-09-01T15:23:08.358433,2,Free-to-Play Powerhouses (2),4.672828834461906
1849310,天天地下城,2.99,2.99,0,Very Positive,107.0,"12 Jan, 2022",BIFROST CLOUD PTE. LTD.,Action,"Adventure, Action, RPG, 2D Fighter, Action Roguelike",Windows,2026-09-01T15:23:10.536986,2,Free-to-Play Powerhouses (2),4.68213122712422
2318810,HAZAMA_QUEEN,2.99,2.99,0,Very Positive,111.0,"20 Apr, 2023",Crush-vAdin,Action,"Boomer Shooter, Dark Comedy, Action, Action Roguelike, Roguelite",Windows,2026-09-01T15:23:12.487853,2,Free-to-Play Powerhouses (2),4.718498871295094
2093760,Nekomancy,0.0,0.0,0,Very Positive,112.0,"31 Aug, 2022",The Fetus Den,Action,"Action, Magic, Strategy, Loot, Roguelike","Windows, Mac, Linux",2026-09-01T15:23:14.001288,2,Free-to-Play Powerhouses (2),4.727387818712341
2227150,Gwen The Hen 64,1.89,1.89,0,Very Positive,112.0,"10 Apr, 2023",kurigamedev,Action,"3D Platformer, Collectathon, Cute, Platformer, Exploration",Windows,2026-09-01T15:23:15.855740,2,Free-to-Play Powerhouses (2),4.727387818712341
1429350,MH-Zombie,1.89,1.89,0,Very Positive,113.0,"27 Mar, 2022",Raulworks,Action,"Flight, Simulation, Arcade, First-Person, Zombies","Windows, Mac, Linux",2026-09-01T15:23:18.035864,2,Free-to-Play Powerhouses (2),4.736198448394496
2397840,Owinka Shooter 2,2.99,2.99,0,Very Positive,114.0,"10 May, 2024",Owinka,Action,"Singleplayer, Arena Shooter, FPS, Shoot 'Em Up, PvE",Windows,2026-09-01T15:23:20.290658,2,Free-to-Play Powerhouses (2),4.74493212836325
1420650,Touhou Bunkachou ～ Shoot the Bullet.,5.89,5.89,0,Very Positive,114.0,"18 Jun, 2021",上海アリス幻樂団,Action,"Action, Shoot 'Em Up, Shooter, 2D, Score Attack",Windows,2026-09-01T15:23:21.632737,3,Niche / Emerging Titles,4.74493212836325
1974610,Panzer Arena: Prologue,0.0,0.0,0,Very Positive,116.0,"16 Sep, 2022",Osman Tsjardiwal,Action,"Arena Shooter, Third-Person Shooter, Parkour, PvP, Competitive",Windows,2026-09-01T15:23:24.007177,2,Free-to-Play Powerhouses (2),4.762173934797756
2413620,Pogo3D,4.49,4.49,0,Very Positive,116.0,"11 Dec, 2023",HEDGEWIZARDS,Action,"Precision Platformer, 3D Platformer, Asynchronous Multiplayer, Parkour, Racing","Windows, Linux",2026-09-01T15:23:26.074385,3,Niche / Emerging Titles,4.762173934797756
2474690,Hazelnut Hex,4.49,4.49,0,Very Positive,123.0,"29 Nov, 2023",Chunderfins,Action,"Action, Shoot 'Em Up, Bullet Hell, Arcade, Cute",Windows,2026-09-01T15:23:27.499259,3,Niche / Emerging Titles,4.820281565605037
435970,RefRain - prism memories -,7.49,7.49,0,Very Positive,123.0,"12 May, 2016",RebRank,Action,"Indie, Action, Shoot 'Em Up, Bullet Hell, Great Soundtrack",Windows,2026-09-01T15:23:29.061859,3,Niche / Emerging Titles,4.820281565605037
1667920,SUPERゆきおんなちゃん,0.0,0.0,0,Very Positive,127.0,"6 Jul, 2021",SUPERゆきおんなちゃん製作委員会,Action,"Action, Side Scroller, Action-Adventure, 2D, Singleplayer","Windows, Mac",2026-09-01T15:23:31.130508,2,Free-to-Play Powerhouses (2),4.852030263919617
2960500,Sparedevil,6.19,6.19,0,Very Positive,128.0,"18 Jul, 2024",Sludge Pipe Games LTD,Action,"FPS, Action Roguelike, Arcade, Action, First-Person",Windows,2026-09-01T15:23:32.871556,3,Niche / Emerging Titles,4.859812404361672
3564090,Smoke Break!,0.0,0.0,0,Very Positive,130.0,"18 May, 2025",Applewood Studios,Action,"Stealth, Casual, Funny, 3D, Puzzle",Windows,2026-09-01T15:23:34.381862,2,Free-to-Play Powerhouses (2),4.875197323201151
3027160,Lost Girl Platformer,0.0,0.0,0,Very Positive,130.0,"15 Jun, 2024",Teamey,Action,"Side Scroller, Casual, Action, Precision Platformer, 2D Platformer",Windows,2026-09-01T15:23:35.914110,2,Free-to-Play Powerhouses (2),4.875197323201151
2651350,Slip & Skid,7.49,7.49,0,Very Positive,130.0,"3 Jun, 2026",NHOGS Interactive,Action,"Multiplayer, Funny, Party Game, PvP, Local Multiplayer","Windows, Linux",2026-09-01T15:23:37.608983,3,Niche / Emerging Titles,4.875197323201151
2089490,雛ちゃんブレイカー2ndBreak,0.0,0.0,0,Very Positive,135.0,"29 Jul, 2022",ISY,Action,"Casual, Multiplayer, PvP, Comedy, Character Customization",Windows,2026-09-01T15:23:39.426601,2,Free-to-Play Powerhouses (2),4.912654885736052
738470,God Of Thunder,0.0,0.0,0,Very Positive,133.0,"14 Nov, 2017",RDavis,Action,"Action, Adventure, Indie, Free to Play, Retro",Windows,2026-09-01T15:23:41.708985,2,Free-to-Play Powerhouses (2),4.897839799950911
2927510,KilaFlow,8.19,8.19,0,Very Positive,133.0,"24 Apr, 2026",Chao Kompany LLC,Action,"3D Platformer, Platformer, Precision Platformer, 3D, Stylized","Windows, Linux",2026-09-01T15:23:43.394551,3,Niche / Emerging Titles,4.897839799950911
2087610,UFO: Unidentified Falling Objects,6.99,6.99,0,Very Positive,137.0,"9 Aug, 2023",Andrew Morrish,Action,"2D Platformer, Puzzle Platformer, Puzzle, PvP, Platformer",Windows,2026-09-01T15:23:45.408949,3,Niche / Emerging Titles,4.927253685157205
1482340,Battle Bears -1,1.89,1.89,0,Very Positive,137.0,"23 Dec, 2020",SkyVu,Action,"Action, Casual, Shooter, Survival, Adventure",Windows,2026-09-01T15:23:47.724783,2,Free-to-Play Powerhouses (2),4.927253685157205
4029740,Puppergeist,3.24,3.24,0,Very Positive,136.0,"20 Aug, 2026",Serenity Forge,Action,"Dogs, Rhythm, Music, Score Attack, Minigames",Windows,2026-09-01T15:23:49.521802,2,Free-to-Play Powerhouses (2),4.919980925828125
1647740,1f y0u're a gh0st ca11 me here! 幽铃热线,3.99,3.99,0,Very Positive,138.0,"1 Nov, 2021",Furoshiki Lab.,Action,"Adventure, Female Protagonist, Choose Your Own Adventure, Story Rich, Point & Click",Windows,2026-09-01T15:23:51.299074,2,Free-to-Play Powerhouses (2),4.9344739331306915
2379230,Blessed Burden,3.99,3.99,0,Very Positive,140.0,"18 Jun, 2025",Podoba Interactive,Action,"Parkour, First-Person, 3D Platformer, Horror, Action-Adventure","Windows, Mac, Linux",2026-09-01T15:23:53.246191,2,Free-to-Play Powerhouses (2),4.948759890378168
3356340,The Original Moorhuhn Hunt,1.59,1.59,0,Very Positive,138.0,"19 Jun, 2025",Higgs Games GmbH,Action,"Action, Casual, Simulation, Arcade, Shooter",Windows,2026-09-01T15:23:55.279226,2,Free-to-Play Powerhouses (2),4.9344739331306915
1275670,Outcore: Desktop Adventure,0.0,0.0,0,Overwhelmingly Positive,6021.0,"26 Sep, 2022",Doctor Shinobi,RPG,"Desktop Companion, Psychological Horror, Story Rich, Adventure, Comedy",Windows,2026-09-01T15:25:18.869240,0,Free-to-Play Powerhouses,8.70317470904168
3447040,Sora no Kiseki the 1st,20.69299999999982,20.69299999999982,0,Overwhelmingly Positive,5129.0,"19 Sep, 2025",Nihon Falcom,RPG,"RPG, JRPG, Action RPG, Interactive Fiction, Party-Based RPG",Windows,2026-09-01T15:25:21.329323,5,Premium Blockbusters,8.542860938164814
3734680,我只是想让她们都幸福,4.0,4.0,0,Overwhelmingly Positive,1990.0,"8 Nov, 2025",心宿影视,RPG,"FMV, Dating Sim, First-Person, Simulation, Immersive Sim",Windows,2026-09-01T15:25:22.831860,0,Free-to-Play Powerhouses,7.596392304064196
1673190,Bahamut2-dragon's bride,5.49,5.49,0,Overwhelmingly Positive,584.0,"30 Sep, 2021",王韋,RPG,"RPG, Dragons, Combat, Story Rich, JRPG","Windows, Mac",2026-09-01T15:25:24.314602,3,Niche / Emerging Titles,6.371611847231857
2133760,Tiny Bookshop,7.99,7.99,0,Overwhelmingly Positive,4942.0,"7 Aug, 2025",neoludic games,RPG,"Cozy, Management, Life Sim, Relaxing, Casual","Windows, Mac, Linux",2026-09-01T15:25:26.302915,1,Popular Mid-Range,8.505727713306959
397350,Lords of the Realm II,1.89,1.89,0,Overwhelmingly Positive,1631.0,"3 Dec, 2015",Impressions Games,RPG,"Strategy, RPG, Medieval, Turn-Based, Classic",Windows,2026-09-01T15:25:28.315727,0,Free-to-Play Powerhouses,7.397561535524052
1109130,逝去的回忆3：四叶草之梦,5.49,5.49,0,Overwhelmingly Positive,610.0,"16 Aug, 2019",神族宝,RPG,"Indie, RPG, Adventure",Windows,2026-09-01T15:25:30.450217,3,Niche / Emerging Titles,6.415096959171596
1984350,打工吧！天使酱 ~天使在魔界的劳改生活~,0.0,0.0,0,Overwhelmingly Positive,630.0,"21 Jul, 2022",莓莓动物园,RPG,"JRPG, Life Sim, Fantasy, Funny, Time Management",Windows,2026-09-01T15:25:31.812721,2,Free-to-Play Powerhouses (2),6.447305862541213
3447410,The Test: Reality Check,2.99,2.99,0,Overwhelmingly Positive,646.0,"24 Feb, 2025",Randumb Studios,RPG,"Simulation, RPG, Choices Matter, Visual Novel, Psychological Horror",Windows,2026-09-01T15:25:33.938608,2,Free-to-Play Powerhouses (2),6.472346294500901
4740420,A Love Letter in Snowfall,6.29,6.29,0,Overwhelmingly Positive,687.0,"23 Jul, 2026",Mountain&Sea Studio,RPG,"RPG, Dating Sim, FMV, First-Person, Romance",Windows,2026-09-01T15:25:36.020009,3,Niche / Emerging Titles,6.5337888379333435
1921900,The Testing Chamber,2.99,2.99,0,Overwhelmingly Positive,697.0,"28 Mar, 2022",Randumb Studios,RPG,"Simulation, Choices Matter, Multiple Endings, Visual Novel, RPG",Windows,2026-09-01T15:25:38.066203,0,Free-to-Play Powerhouses,6.548219102762372
2473980,Draw,0.0,0.0,0,Overwhelmingly Positive,831.0,"6 Oct, 2023",Draw Games Developers,RPG,"RPG, Action RPG, Action-Adventure, Interactive Fiction, Platformer","Windows, Mac",2026-09-01T15:25:39.971936,0,Free-to-Play Powerhouses,6.723832440821209
4258390,Enjoy Amoy&Sisters,2.99,2.99,0,Overwhelmingly Positive,920.0,"2 Apr, 2026",Choice Studio,RPG,"Dating Sim, RPG, Interactive Fiction, FMV, Visual Novel",Windows,2026-09-01T15:25:41.851986,0,Free-to-Play Powerhouses,6.825460036255307
2814910,The Aquarium does not dance,0.0,0.0,0,Overwhelmingly Positive,1134.0,"14 Feb, 2024",橙々,RPG,"RPG, Adventure, Horror, 2D, Free to Play",Windows,2026-09-01T15:25:44.111943,0,Free-to-Play Powerhouses,7.034387929915503
2248430,Touhou Artificial Dream in Arcadia,5.49,5.49,0,Overwhelmingly Positive,1151.0,"22 Sep, 2023",Bar Holographic Otaku,RPG,"Dungeon Crawler, Turn-Based Combat, First-Person, Adventure, Female Protagonist",Windows,2026-09-01T15:25:45.944807,1,Popular Mid-Range,7.049254841255837
1783360,Meg's Monster,6.99,6.99,0,Overwhelmingly Positive,1170.0,"2 Mar, 2023",Odencat,RPG,"Indie, Pixel Graphics, Linear, JRPG, Adventure","Windows, Mac, Linux",2026-09-01T15:25:47.920112,1,Popular Mid-Range,7.065613363597717
2088270,My Sticker Book,0.0,0.0,0,Overwhelmingly Positive,1411.0,"24 Aug, 2022",ElementSu,RPG,"Puzzle, Psychological Horror, Cute, Female Protagonist, Atmospheric",Windows,2026-09-01T15:25:50.150779,0,Free-to-Play Powerhouses,7.252762418053187
4855450,不心动才有鬼,6.99,6.99,0,Overwhelmingly Positive,1440.0,"13 Aug, 2026",SP Studio,RPG,"FMV, Visual Novel, Interactive Fiction, Dating Sim, Romance",Windows,2026-09-01T15:25:51.294858,1,Popular Mid-Range,7.273092595999522
1151440,Utawarerumono: Mask of Truth,12.99,12.99,0,Overwhelmingly Positive,1460.0,"23 Jan, 2020",AQUAPLUS,RPG,"RPG, Strategy, Adventure, Visual Novel, Simulation",Windows,2026-09-01T15:25:53.690461,1,Popular Mid-Range,7.2868764117507
1986840,POPGOES Arcade,2.99,2.99,0,Overwhelmingly Positive,1454.0,"1 Jul, 2022",Kane Carter,RPG,"RPG, Horror, Singleplayer, Pixel Graphics, Action RPG",Windows,2026-09-01T15:25:55.991668,0,Free-to-Play Powerhouses,7.282761179605593
3998800,恋爱吗？我家猫会后空翻,5.49,5.49,0,Overwhelmingly Positive,1528.0,"28 Nov, 2025",光循花火工作室,RPG,"Immersive Sim, Visual Novel, Incremental, Interactive Fiction, Romance",Windows,2026-09-01T15:25:57.048763,1,Popular Mid-Range,7.332369205929062
1996390,Escape from Ever After,8.49,8.49,0,Overwhelmingly Positive,1521.0,"23 Jan, 2026",Sleepy Castle Studio,RPG,"Story Rich, Turn-Based Tactics, Funny, RPG, Singleplayer",Windows,2026-09-01T15:25:58.621369,1,Popular Mid-Range,7.3277805384216315
571880,Angels with Scaly Wings™ / 鱗羽の天使,5.49,5.49,0,Overwhelmingly Positive,1533.0,"31 Jan, 2017",Radical Phi,RPG,"Dragons, Visual Novel, Dating Sim, Story Rich, Choices Matter","Windows, Mac, Linux",2026-09-01T15:26:00.830322,1,Popular Mid-Range,7.335633981927201
4018950,Lost Wiki: Kozlovka,2.99,2.99,0,Overwhelmingly Positive,1581.0,"20 Mar, 2026",yattytheman,RPG,"Mystery, Detective, Investigation, Conspiracy, Story Rich","Windows, Linux",2026-09-01T15:26:02.834642,0,Free-to-Play Powerhouses,7.366445148327599
2607060,From Glory To Goo,6.19,6.19,0,Overwhelmingly Positive,1775.0,"2 Apr, 2024",Stratagem Blue,RPG,"Base Building, RTS, Tower Defense, Real-Time with Pause, Action RTS",Windows,2026-09-01T15:26:04.898745,1,Popular Mid-Range,7.4821189235521155
3103780,DRAPLINE,5.49,5.49,0,Overwhelmingly Positive,1776.0,"29 Jun, 2025",KANAWO,RPG,"RPG, Simulation, Roguelite, Pixel Graphics, Multiple Endings",Windows,2026-09-01T15:26:06.594805,1,Popular Mid-Range,7.482681828154651
3112010,Gumballs & Dungeons,0.0,0.0,0,Overwhelmingly Positive,1864.0,"4 Mar, 2025",Qcplay,RPG,"RPG, Adventure, Roguelike, Mystery Dungeon, Strategy",Windows,2026-09-01T15:26:07.822688,0,Free-to-Play Powerhouses,7.5310163320779155
339350,Choice of Robots,3.99,3.99,0,Overwhelmingly Positive,1893.0,"19 Dec, 2014",Choice of Games,RPG,"Choose Your Own Adventure, Text-Based, Choices Matter, Interactive Fiction, Indie","Windows, Mac, Linux",2026-09-01T15:26:10.010729,0,Free-to-Play Powerhouses,7.546446273746024
659540,Warsim: The Realm of Aslona,5.99,5.99,0,Overwhelmingly Positive,1995.0,"20 Dec, 2022",Huw Millward,RPG,"Text-Based, Simulation, RPG, Strategy, Procedural Generation",Windows,2026-09-01T15:26:11.703534,1,Popular Mid-Range,7.59890045687141
1460090,The Life and Suffering of Sir Brante — Chapter 1&2,0.0,0.0,0,Overwhelmingly Positive,633.0,"1 Dec, 2020",Sever,RPG,"Interactive Fiction, Choose Your Own Adventure, Diplomacy, Visual Novel, Medieval",Windows,2026-09-01T15:26:13.626246,2,Free-to-Play Powerhouses (2),6.452048954437226
3731020,Five Hearts Under One Roof season2,7.82,7.82,0,Overwhelmingly Positive,878.0,"18 Nov, 2025",Storytaco,RPG,"Choose Your Own Adventure, Immersive Sim, Visual Novel, Interactive Fiction, FMV","Windows, Mac, Linux",2026-09-01T15:26:15.861307,1,Popular Mid-Range,6.778784897685177
318130,Doom & Destiny,6.29,6.29,0,Overwhelmingly Positive,1148.0,"18 Mar, 2015",Heartbit Interactive,RPG,"RPG, Indie, Turn-Based Combat, Comedy, Fantasy","Windows, Mac",2026-09-01T15:26:17.601642,1,Popular Mid-Range,7.046647277848756
497640,Trick & Treat,0.0,0.0,0,Overwhelmingly Positive,993.0,"26 Sep, 2016",Rabbiton,RPG,"Free to Play, Pixel Graphics, Horror, Adventure, Indie",Windows,2026-09-01T15:26:19.461295,0,Free-to-Play Powerhouses,6.901737206656574
1775490,Slice & Dice,4.99,4.99,0,Overwhelmingly Positive,1921.0,"20 Mar, 2024",Tann,RPG,"Turn-Based Strategy, Roguelike, Dungeon Crawler, Dragons, Casual","Windows, Mac, Linux",2026-09-01T15:26:21.168421,1,Popular Mid-Range,7.561121589530238
3399960,Fish to Dish: Idle Sushi,3.49,3.49,0,Overwhelmingly Positive,752.0,"16 Jun, 2025",Kygua Tech,RPG,"Desktop Companion, Idler, Fishing, Creature Collector, Casual",Windows,2026-09-01T15:26:23.313940,0,Free-to-Play Powerhouses,6.6240652277998935
2585830,Promise Mascot Agency,8.49,8.49,0,Overwhelmingly Positive,1941.0,"10 Apr, 2025",Kaizen Game Works,RPG,"Story Rich, RPG, Indie, Open World, Adventure",Windows,2026-09-01T15:26:25.503874,1,Popular Mid-Range,7.571473648851271
4225940,SIFU Kidnapped! Adventure in the Women's Kingdom,5.49,5.49,0,Overwhelmingly Positive,2731.0,"4 Feb, 2026",次元边界,RPG,"FMV, Immersive Sim, Sexual Content, RPG, Cinematic",Windows,2026-09-01T15:26:27.418936,1,Popular Mid-Range,7.912789220690681
373770,LiEat,1.89,1.89,0,Overwhelmingly Positive,1921.0,"25 Feb, 2016",△○□× (Miwashiba),RPG,"Story Rich, Indie, Pixel Graphics, RPG, Hand-drawn",Windows,2026-09-01T15:26:29.188986,0,Free-to-Play Powerhouses,7.561121589530238
992310,Tails Noir: Prologue,0.0,0.0,0,Overwhelmingly Positive,2958.0,"24 Apr, 2019",EggNut,RPG,"Free to Play, Indie, Adventure, RPG, Pixel Graphics",Windows,2026-09-01T15:26:31.197445,0,Free-to-Play Powerhouses,7.99260665240021
1148760,I Was a Teenage Exocolonist,8.49,8.49,0,Overwhelmingly Positive,3961.0,"25 Aug, 2022",Northway Games,RPG,"Choices Matter, Life Sim, Dating Sim, Deckbuilding, Visual Novel","Windows, Mac, Linux",2026-09-01T15:26:32.273765,1,Popular Mid-Range,8.284504227258497
559210,Rakuen,6.99,6.99,0,Overwhelmingly Positive,2919.0,"10 May, 2017",Laura Shigihara,RPG,"Story Rich, Emotional, Puzzle, Cute, Pixel Graphics","Windows, Mac, Linux",2026-09-01T15:26:34.339956,1,Popular Mid-Range,7.979338895262328
1610440,Minds Beneath Us,8.19,8.19,0,Very Positive,917.0,"31 Jul, 2024",BearBoneStudio,RPG,"Cinematic, Atmospheric, Story Rich, Cyberpunk, Choices Matter",Windows,2026-09-01T15:26:36.596157,1,Popular Mid-Range,6.822197390620491
3562120,Magical Princess,8.55,8.55,0,Overwhelmingly Positive,1066.0,"27 Apr, 2026",Neotro Inc.,RPG,"Life Sim, Multiple Endings, Choices Matter, RPG, Anime","Windows, Mac",2026-09-01T15:26:38.664458,1,Popular Mid-Range,6.9726062513017535
3372980,Tower Wizard,1.89,1.89,0,Overwhelmingly Positive,7117.0,"19 Jun, 2025",Barribob,RPG,"Incremental, Idler, Resource Management, Strategy, Fantasy",Windows,2026-09-01T15:26:40.887095,0,Free-to-Play Powerhouses,8.870382066070137
2088570,Tiny Rogues,4.99,4.99,0,Overwhelmingly Positive,7646.0,"23 Sep, 2022",RubyDev,RPG,"Action Roguelike, Bullet Hell, Replay Value, Top-Down Shooter, Difficult",Windows,2026-09-01T15:26:41.677022,1,Popular Mid-Range,8.942068693044225
589590,Kindergarten,2.99,2.99,0,Overwhelmingly Positive,7742.0,"15 Jun, 2017",Con Man Games,RPG,"Funny, Gore, Pixel Graphics, Dark Humor, Violent","Windows, Mac, Linux",2026-09-01T15:26:43.465055,0,Free-to-Play Powerhouses,8.954544488386723
874260,The Forgotten City,1.69,1.69,0,Overwhelmingly Positive,7331.0,"28 Jul, 2021",Modern Storyteller,RPG,"Adventure, Time Travel, Mystery, Exploration, Choices Matter",Windows,2026-09-01T15:26:45.519596,0,Free-to-Play Powerhouses,8.900003608959596
1746030,Murders on the Yangtze River,6.99,6.99,0,Overwhelmingly Positive,1036.0,"30 Jan, 2024",OMEGAMES STUDIO,RPG,"Detective, Puzzle, Adventure, Story Rich, Indie","Windows, Mac",2026-09-01T15:26:47.312301,1,Popular Mid-Range,6.9440872082295275
1241510,The Test,1.29,1.29,0,Overwhelmingly Positive,18091.0,"24 Feb, 2020",Randumb Studios,RPG,"Choose Your Own Adventure, Simulation, Multiple Endings, Story Rich, Pixel Graphics",Windows,2026-09-01T15:26:48.991038,0,Free-to-Play Powerhouses,9.803225130597733
1989270,Slay the Princess — The Pristine Cut,8.49,8.49,0,Overwhelmingly Positive,23537.0,"23 Oct, 2023",Black Tabby Games,RPG,"Visual Novel, Choices Matter, Psychological Horror, Story Rich, Horror","Windows, Mac, Linux",2026-09-01T15:26:51.042173,1,Popular Mid-Range,10.066371415437608
1687950,Persona 5 Royal,20.69299999999982,20.69299999999982,0,Overwhelmingly Positive,35551.0,"20 Oct, 2022",ATLUS,RPG,"JRPG, Story Rich, Turn-Based Combat, Anime, Singleplayer",Windows,2026-09-01T15:26:52.679378,5,Premium Blockbusters,10.478751692439356
391540,Undertale,9.99,9.99,0,Overwhelmingly Positive,40274.09999999998,"15 Sep, 2015",tobyfox,RPG,"Great Soundtrack, Story Rich, Choices Matter, Multiple Endings, Pixel Graphics","Windows, Mac, Linux",2026-09-01T15:26:53.972868,1,Popular Mid-Range,10.603488690971949
1086940,Baldur's Gate 3,20.69299999999982,20.69299999999982,0,Overwhelmingly Positive,40274.09999999998,"3 Aug, 2023",Larian Studios,RPG,"RPG, Character Customization, Choices Matter, Turn-Based Combat, Story Rich","Windows, Mac",2026-09-01T15:26:55.393566,5,Premium Blockbusters,10.603488690971949
1885750,Betrayal At Club Low,6.29,6.29,0,Overwhelmingly Positive,538.0,"9 Sep, 2022",Cosmo D Studios,RPG,"Point & Click, Exploration, RPG, Tabletop, Roguelite","Windows, Mac, Linux",2026-09-01T15:26:56.958670,3,Niche / Emerging Titles,6.289715570908998
3904990,Love Love Mystery Club,8.19,8.19,0,Overwhelmingly Positive,609.0,"9 Jan, 2026",LuminDrive,RPG,"Immersive Sim, Dating Sim, Visual Novel, FMV, Interactive Fiction","Windows, Mac",2026-09-01T15:26:59.048219,3,Niche / Emerging Titles,6.413458957167357
2316330,Shogun Showdown: Prologue,0.0,0.0,0,Overwhelmingly Positive,681.0,"4 Apr, 2023",Roboatino,RPG,"Turn-Based Tactics, Roguelite, Martial Arts, Difficult, Card Game","Windows, Mac, Linux",2026-09-01T15:27:00.974705,0,Free-to-Play Powerhouses,6.525029657843462
2349550,The Test: Secrets of the Soul 2,0.0,0.0,0,Overwhelmingly Positive,692.0,"10 Apr, 2023",Randumb Studios,RPG,"Simulation, Choices Matter, Multiple Endings, Visual Novel, Psychological Horror",Windows,2026-09-01T15:27:03.030749,0,Free-to-Play Powerhouses,6.541029999189903
1423370,NOeSIS02_羽化,0.0,0.0,0,Overwhelmingly Positive,774.0,"8 Nov, 2021",Classic Chocolat,RPG,"RPG, Anime, 2D, Cute, Casual",Windows,2026-09-01T15:27:04.944037,0,Free-to-Play Powerhouses,6.652863029353347
4513880,Could You Be a Gal Master?,1.69,1.69,0,Overwhelmingly Positive,916.0,"7 Aug, 2026",GAL高手制作组,RPG,"Visual Novel, Anime, RPG, Dating Sim, Cartoony",Windows,2026-09-01T15:27:06.992332,0,Free-to-Play Powerhouses,6.821107472256465
965820,沉睡的法则 Things as They Are,3.49,3.49,0,Overwhelmingly Positive,1079.0,"17 Jun, 2019",四块二茶会,RPG,"JRPG, RPG, Story Rich, Funny, Adventure",Windows,2026-09-01T15:27:08.977037,0,Free-to-Play Powerhouses,6.984716320118266
4234260,主角,7.17,7.17,0,Overwhelmingly Positive,1096.0,"15 Jul, 2026",顶顶阳光,RPG,"RPG, Immersive Sim, Visual Novel, Dating Sim, Cinematic",Windows,2026-09-01T15:27:10.361716,1,Popular Mid-Range,7.00033446027523
976940,永冻之壳 The Shell of Permafrost,0.0,0.0,0,Overwhelmingly Positive,1214.0,"9 Dec, 2018",YUMMI Studio,RPG,"Free to Play, RPG, Anime, Indie, Casual",Windows,2026-09-01T15:27:12.409335,0,Free-to-Play Powerhouses,7.102499355774649
2403320,冬日树下的回忆,0.0,0.0,0,Overwhelmingly Positive,1295.0,"1 Jun, 2023",午后零时,RPG,"2D Platformer, Visual Novel, Interactive Fiction, Word Game, RPG","Windows, Mac, Linux",2026-09-01T15:27:14.386436,0,Free-to-Play Powerhouses,7.16703787691222
1668510,The Legend of Heroes: Trails from Zero,20.69299999999982,20.69299999999982,0,Overwhelmingly Positive,1326.0,"27 Sep, 2022",Nihon Falcom,RPG,"RPG, JRPG, Story Rich, Turn-Based Combat, Anime",Windows,2026-09-01T15:27:16.696901,5,Premium Blockbusters,7.190676034332207
1882500,Cattails: Wildwood Story,8.19,8.19,0,Overwhelmingly Positive,1477.0,"20 Oct, 2023",Falcon Development,RPG,"Cats, Life Sim, Farming Sim, Wholesome, RPG","Windows, Mac",2026-09-01T15:27:18.304514,1,Popular Mid-Range,7.298445101508147
2883280,Dog Brew,2.19,2.19,0,Overwhelmingly Positive,1519.0,"30 Apr, 2024",Yuliy Oneshko,RPG,"Time Management, Crafting, Management, Economy, Trading","Windows, Linux",2026-09-01T15:27:21.647446,0,Free-to-Play Powerhouses,7.326465613840322
1246020,NOeSIS01_诉说谎言记忆物语,0.0,0.0,0,Overwhelmingly Positive,1548.0,"19 Mar, 2020",Classic Chocolat,RPG,"Visual Novel, Mystery, RPG, Psychological Horror, Horror",Windows,2026-09-01T15:27:23.746473,0,Free-to-Play Powerhouses,7.3453648404168685
2231890,The Test: Secrets of the Soul,0.0,0.0,0,Overwhelmingly Positive,1567.0,"20 Feb, 2023",Randumb Studios,RPG,"Simulation, Visual Novel, Choices Matter, Multiple Endings, Choose Your Own Adventure",Windows,2026-09-01T15:27:25.819177,0,Free-to-Play Powerhouses,7.357556200910353
4005300,Dating 4 Girls,6.99,6.99,0,Overwhelmingly Positive,1700.0,"30 Apr, 2026",RainbowGame,RPG,"Dating Sim, Sexual Content, FMV, Immersive Sim, First-Person","Windows, Mac",2026-09-01T15:27:27.792711,1,Popular Mid-Range,7.438971592395862
3446680,Heartbeat in Thailand,9.99,9.99,0,Overwhelmingly Positive,1835.0,"18 Sep, 2025",RainbowGame,RPG,"FMV, Dating Sim, Visual Novel, Sexual Content, Romance","Windows, Mac",2026-09-01T15:27:29.535945,1,Popular Mid-Range,7.515344571180436
1734320,Brutal Orchestra,8.19,8.19,0,Overwhelmingly Positive,1888.0,"17 Dec, 2021",Talia bob Mair,RPG,"Strategy, RPG, Roguelite, Roguelike, Turn-Based Tactics","Windows, Linux",2026-09-01T15:27:31.661768,1,Popular Mid-Range,7.543802867501509
4643090,The NOexistenceN of Lilith,1.39,1.39,0,Overwhelmingly Positive,1941.0,"16 Jul, 2026",Nino Games,RPG,"Casual, Cute, Anime, Simulation, Emotional","Windows, Mac",2026-09-01T15:27:33.639022,0,Free-to-Play Powerhouses,7.571473648851271
2678640,Journey of Realm：Dawn Dew,5.89,5.89,0,Overwhelmingly Positive,2179.0,"13 Aug, 2025",葱色兔兔/Scallion Rabbit,RPG,"Turn-Based Tactics, RPG, Fantasy, Female Protagonist, 2D Platformer",Windows,2026-09-01T15:27:34.865947,1,Popular Mid-Range,7.687080155783135
557630,Hello Charlotte EP2: Requiem Aeternam Deo,0.0,0.0,0,Overwhelmingly Positive,833.0,"21 Nov, 2016",etherane,RPG,"Psychological Horror, 2D, RPG, Horror, Visual Novel",Windows,2026-09-01T15:27:36.971883,0,Free-to-Play Powerhouses,6.726233402358747
3378000,Nicotine VS Fulanwang,0.0,0.0,0,Overwhelmingly Positive,2557.0,"31 Dec, 2024",理塘时报游戏制作组,RPG,"Free to Play, RPG, Abstract, Interactive Fiction, Comedy",Windows,2026-09-01T15:27:38.556635,0,Free-to-Play Powerhouses,7.846980982138788
4368350,Silly Linguine Cat Simulator Deluxe Online,0.0,0.0,0,Overwhelmingly Positive,2352.0,"27 Mar, 2026",Brody Seyranian,RPG,"Cats, Gambling, Creature Collector, Funny, Incremental","Windows, Mac",2026-09-01T15:27:40.077823,0,Free-to-Play Powerhouses,7.763446388727362
2207540,Pages of Time: Prologue,0.0,0.0,0,Overwhelmingly Positive,2964.0,"23 Nov, 2022",Starbeings Studio,RPG,"Adventure, Indie, Puzzle, 2D Platformer, RPG",Windows,2026-09-01T15:27:42.125934,0,Free-to-Play Powerhouses,7.994632311431825
1269640,Beacon Pines,2.45,2.45,0,Overwhelmingly Positive,2532.0,"22 Sep, 2022",Hiding Spot,RPG,"Visual Novel, Story Rich, Emotional, Cozy, Colorful",Windows,2026-09-01T15:27:44.113867,0,Free-to-Play Powerhouses,7.837159650001675
1286710,Hylics 2,6.99,6.99,0,Overwhelmingly Positive,2508.0,"22 Jun, 2020",Mason Lindroth,RPG,"RPG, Surreal, Psychedelic, Turn-Based Combat, Adventure","Windows, Mac",2026-09-01T15:27:45.802589,1,Popular Mid-Range,7.827639546366422
760890,Hello Charlotte EP3: Childhood's End,2.49,2.49,0,Overwhelmingly Positive,1130.0,"4 Jan, 2018",etherane,RPG,"Psychological Horror, Story Rich, Gore, Indie, Violent",Windows,2026-09-01T15:27:47.411609,0,Free-to-Play Powerhouses,7.030857476116121
2238470,Grimshire,5.59,5.59,0,Overwhelmingly Positive,2662.0,"22 Jul, 2025",Acute Owl Studio,RPG,"Dark, Farming Sim, Pixel Graphics, Survival, Cozy",Windows,2026-09-01T15:27:49.388126,1,Popular Mid-Range,7.887208585813932
2135690,Ticy Adventure Club,0.0,0.0,0,Overwhelmingly Positive,3265.0,"2 Dec, 2022",YEZHI studio,RPG,"RPG, Cute, Story Rich, Psychological Horror, Pixel Graphics",Windows,2026-09-01T15:27:51.188069,0,Free-to-Play Powerhouses,8.09132127353041
1808680,Snufkin: Melody of Moominvalley,8.19,8.19,0,Overwhelmingly Positive,1822.0,"7 Mar, 2024",Hyper Games,RPG,"Colorful, Puzzle, Funny, RPG, Stylized","Windows, Mac",2026-09-01T15:27:53.659871,1,Popular Mid-Range,7.508238774678663
1123450,Chicory: A Colorful Tale,8.19,8.19,0,Overwhelmingly Positive,2236.0,"10 Jun, 2021",Wishes Ultd.,RPG,"Indie, Adventure, RPG, Great Soundtrack, Cute","Windows, Mac",2026-09-01T15:27:55.636507,1,Popular Mid-Range,7.71289096149013
1754720,英雄黄昏-文字三国志&曹贼模拟器,0.0,0.0,0,Overwhelmingly Positive,3550.0,"29 Sep, 2021",三国迷.隐隐狗,RPG,"Word Game, Indie, Simulation, Singleplayer, Free to Play",Windows,2026-09-01T15:27:57.163577,0,Free-to-Play Powerhouses,8.174984532943087
1122750,异化之恶〇Abnormal Treatment,0.0,0.0,0,Overwhelmingly Positive,3609.0,"2 Aug, 2019",Eternal Dream,RPG,"RPG, Cute, Adventure, Anime, Psychological Horror",Windows,2026-09-01T15:27:59.503753,0,Free-to-Play Powerhouses,8.191463051326927
1546570,Sword and Fairy,2.99,2.99,0,Overwhelmingly Positive,3934.0,"14 Apr, 2021",SOFTSTAR ENTERTAINMENT,RPG,"RPG, Story Rich, Turn-Based Combat, Singleplayer, Fantasy",Windows,2026-09-01T15:28:01.532964,0,Free-to-Play Powerhouses,8.277666160851503
2318310,Class of '09: The Re-Up,14.99,14.99,0,Overwhelmingly Positive,4141.0,"1 Jun, 2023",SBN3,RPG,"Visual Novel, Dark Humor, Comedy, Female Protagonist, Anime","Windows, Mac",2026-09-01T15:28:02.827733,5,Premium Blockbusters,8.328934041955529
1609230,Scarlet Hollow,13.99,13.99,0,Overwhelmingly Positive,4127.0,"11 Jun, 2021",Black Tabby Games,RPG,"Early Access, Choices Matter, Visual Novel, Horror, Psychological Horror","Windows, Mac, Linux",2026-09-01T15:28:04.018867,5,Premium Blockbusters,8.325548307161398
"3447040,3965850,3944980,3944990,3945000,3945010,3945020,3945030,3945040,3945050,3945060,3945070,3945080,3945090,3945100,3945110,3945120,3945130,3945140,3945150,3945160,3945170,3945180,3945190,3945200,3945210,3945220,3945230",Sora no Kiseki the 1st Digital Deluxe Edition,20.69299999999982,20.69299999999982,0,Overwhelmingly Positive,5144.0,,Nihon Falcom,RPG,"RPG, JRPG, Action RPG, Interactive Fiction, Party-Based RPG",Windows,2026-09-01T15:28:05.827840,5,Premium Blockbusters,8.545780648268149
3855540,BLACK SOULS II,6.79,6.79,0,Overwhelmingly Positive,931.0,"28 Nov, 2025","Eeny, meeny, miny, moe?",RPG,"Cute, Funny, Sexual Content, Psychological Horror, Story Rich",Windows,2026-09-01T15:28:07.338452,3,Niche / Emerging Titles,6.837332814685591
1082710,Bug Fables: The Everlasting Sapling,8.19,8.19,0,Overwhelmingly Positive,4496.0,"21 Nov, 2019",Moonsprout Games,RPG,"Party-Based RPG, Exploration, Turn-Based, RPG, JRPG",Windows,2026-09-01T15:28:09.552539,1,Popular Mid-Range,8.411165786770708
1428310,The Test: Final Revelation,1.29,1.29,0,Overwhelmingly Positive,4927.0,"12 Oct, 2020",Randumb Studios,RPG,"Simulation, Choose Your Own Adventure, Choices Matter, Multiple Endings, Visual Novel",Windows,2026-09-01T15:28:11.742643,0,Free-to-Play Powerhouses,8.502688505213357
1282200,The Test: Hypothesis Rising,1.29,1.29,0,Overwhelmingly Positive,5387.0,"27 Apr, 2020",Randumb Studios,RPG,"Simulation, Multiple Endings, Choices Matter, Horror, Visual Novel",Windows,2026-09-01T15:28:13.781165,0,Free-to-Play Powerhouses,8.591929537530255
1708870,第七号列车 - Train No. 7,0.0,0.0,0,Overwhelmingly Positive,7018.0,"13 Aug, 2021",水野的四叶草,RPG,"Casual, Detective, Visual Novel, Trains, Relaxing",Windows,2026-09-01T15:28:15.192339,0,Free-to-Play Powerhouses,8.856376036730422
2796340,Illusion Carnival,0.0,0.0,0,Overwhelmingly Positive,2097.0,"11 Jul, 2024",KiZ,RPG,"Psychological Horror, 2.5D, Cute, Stylized, Puzzle","Windows, Mac",2026-09-01T15:28:17.002541,0,Free-to-Play Powerhouses,7.6487397889562425
1677310,In Stars And Time,8.19,8.19,0,Overwhelmingly Positive,7001.0,"20 Nov, 2023",insertdisc5,RPG,"Story Rich, RPG, LGBTQ+, Emotional, Psychological Horror",Windows,2026-09-01T15:28:19.144751,1,Popular Mid-Range,8.85395110151461
1740100,At Home Alone Final,0.0,0.0,0,Very Positive,1342.0,"31 Dec, 2021",阿正不经,RPG,"Free to Play, Pixel Graphics, Psychological Horror, RPG, Horror",Windows,2026-09-01T15:28:20.585105,0,Free-to-Play Powerhouses,7.202661196523238
2704110,Aliya: Timelink,2.99,2.99,0,Very Positive,343.0,"25 Apr, 2024",TDGame Studio,RPG,"RPG, Interactive Fiction, Visual Novel, Word Game, Multiple Endings",Windows,2026-09-01T15:28:22.856150,2,Free-to-Play Powerhouses (2),5.840641657373398
597220,West of Loathing,2.0,2.0,0,Overwhelmingly Positive,8657.0,"10 Aug, 2017",Asymmetric,RPG,"RPG, Comedy, Funny, Western, Adventure","Windows, Mac, Linux",2026-09-01T15:28:24.837045,0,Free-to-Play Powerhouses,9.066239028001926
2495450,Winter Memories,8.19,8.19,0,Overwhelmingly Positive,540.0,"5 Jan, 2024",Dojin Otome,RPG,"Sexual Content, Hentai, Nudity, Pixel Graphics, FPS",Windows,2026-09-01T15:28:26.549589,3,Niche / Emerging Titles,6.293419278846481
926990,WolfQuest: Anniversary Edition,10.49,10.49,0,Overwhelmingly Positive,10079.0,"22 Jul, 2025",eduweb,RPG,"Wolves, Animals, Survival, Life Sim, Open World","Windows, Mac",2026-09-01T15:28:28.382471,1,Popular Mid-Range,9.21830854162536
1043810,Tactical Breach Wizards,8.19,8.19,0,Overwhelmingly Positive,10435.0,"22 Aug, 2024",Suspicious Developments,RPG,"Puzzle, Turn-Based Tactics, Story Rich, Turn-Based Strategy, Turn-Based",Windows,2026-09-01T15:28:30.636778,1,Popular Mid-Range,9.253016646256619
2121360,东北之夏,0.0,0.0,0,Overwhelmingly Positive,12163.0,"9 Jan, 2023",庄不纯工作室,RPG,"FPS, Sexual Content, Abstract, Memes, Visual Novel",Windows,2026-09-01T15:28:31.658536,0,Free-to-Play Powerhouses,9.406236048797256
1093910,Tales of the Black Forest,2.49,2.49,0,Overwhelmingly Positive,1073.0,"25 Sep, 2019",拾英工作室,RPG,"Pixel Graphics, RPG, Horror, Indie, Adventure",Windows,2026-09-01T15:28:33.713432,0,Free-to-Play Powerhouses,6.97914527506881
337340,Finding Paradise,5.49,5.49,0,Overwhelmingly Positive,5068.0,"14 Dec, 2017",Freebird Games,RPG,"Emotional, Story Rich, Pixel Graphics, Adventure, 2D","Windows, Mac, Linux",2026-09-01T15:28:36.153694,1,Popular Mid-Range,8.53089883847235
2142790,Fields of Mistria,6.79,6.79,0,Overwhelmingly Positive,24320.0,"5 Aug, 2026",NPC Studio,RPG,"Farming Sim, Dating Sim, RPG, Life Sim, Pixel Graphics","Windows, Linux",2026-09-01T15:28:37.462366,1,Popular Mid-Range,10.099095453655817
1288310,Firework,5.49,5.49,0,Very Positive,569.0,"3 Feb, 2021",Shiying Studio,RPG,"Horror, Indie, Puzzle, 2D, Mystery",Windows,2026-09-01T15:28:39.665504,3,Niche / Emerging Titles,6.345636360828596
1150690,OMORI,8.19,8.19,0,Overwhelmingly Positive,40274.09999999998,"25 Dec, 2020","OMOCAT, LLC",RPG,"Psychological Horror, Story Rich, Indie, Pixel Graphics, Great Soundtrack","Windows, Mac",2026-09-01T15:28:45.468401,1,Popular Mid-Range,10.603488690971949
2527500,MiSide,6.99,6.99,0,Overwhelmingly Positive,25876.0,"10 Dec, 2024",AIHASTO,RPG,"Psychological Horror, Cute, Story Rich, Sexual Content, Horror",Windows,2026-09-01T15:28:47.793423,1,Popular Mid-Range,10.16110982226658
3048500,Mr. Rightaway,0.0,0.0,0,Overwhelmingly Positive,519.0,"11 Dec, 2024",开水工作室,RPG,"Otome, Story Rich, Choose Your Own Adventure, Interactive Fiction, Visual Novel",Windows,2026-09-01T15:28:51.424650,2,Free-to-Play Powerhouses (2),6.253828811575473
2269860,风与鸟 - Wind and Bird,0.0,0.0,0,Overwhelmingly Positive,527.0,"22 Jan, 2024",许愿铃工作室,RPG,"Emotional, Fantasy, Story Rich, RPG, Exploration",Windows,2026-09-01T15:28:52.956731,2,Free-to-Play Powerhouses (2),6.269096283706261
3575980,Fantasy Maiden Wars - DREAM OF THE STRAY DREAMER -,11.99,11.99,0,Overwhelmingly Positive,575.0,"20 Oct, 2025",さんぼん堂,RPG,"RPG, Simulation, JRPG, Strategy RPG, Turn-Based Strategy",Windows,2026-09-01T15:28:54.047457,1,Popular Mid-Range,6.3561076606958915
3764940,暴杀残雨之夜,3.99,3.99,0,Overwhelmingly Positive,723.0,"29 May, 2026",茶斩刀制作组,RPG,"Visual Novel, Dating Sim, Interactive Fiction, RPG, Female Protagonist","Windows, Mac",2026-09-01T15:28:57.107165,3,Niche / Emerging Titles,6.584791392385716
1888010,Towards Future,0.0,0.0,0,Overwhelmingly Positive,776.0,"18 Feb, 2022",拾伍司工坊,RPG,"RPG, Atmospheric, Pixel Graphics, Emotional, Underground",Windows,2026-09-01T15:28:59.147521,0,Free-to-Play Powerhouses,6.655440350367647
1532510,Purrfect Apawcalypse: Love at Furst Bite,2.99,2.99,0,Overwhelmingly Positive,824.0,"16 Feb, 2021",Denny Truong,RPG,"Choose Your Own Adventure, Dogs, Visual Novel, LGBTQ+, Cats","Windows, Mac, Linux",2026-09-01T15:29:01.175327,0,Free-to-Play Powerhouses,6.715383386334681
2448980,Ticy Adventure Club : Queen of the Spring,0.0,0.0,0,Overwhelmingly Positive,884.0,"30 Apr, 2025",YEZHI studio,RPG,"RPG, Story Rich, Psychological Horror, Horror, Puzzle",Windows,2026-09-01T15:29:02.090775,0,Free-to-Play Powerhouses,6.785587645007929
3749320,Hua Manlou,5.95,5.95,0,Overwhelmingly Positive,1574.0,"20 Aug, 2026",初域游戏,RPG,"Casual, Simulation, RPG, Interactive Fiction, Dating Sim",Windows,2026-09-01T15:29:19.652680,1,Popular Mid-Range,7.362010551259734
1102190,Monster Train,8.49,8.49,0,Overwhelmingly Positive,12243.0,"21 May, 2020",Shiny Shoe,RPG,"Card Battler, Roguelite, Card Game, Deckbuilding, Turn-Based Tactics",Windows,2026-09-01T15:30:33.736820,1,Popular Mid-Range,9.412791300065303
2106840,PARANORMASIGHT: The Seven Mysteries of Honjo,19.99,19.99,0,Overwhelmingly Positive,1814.0,"8 Mar, 2023",Square Enix,RPG,"Visual Novel, Adventure, Horror, Anime, Simulation",Windows,2026-09-01T15:30:35.221812,5,Premium Blockbusters,7.503840746698951
691450,Misao - 2024 HD Remaster,5.49,5.49,0,Very Positive,1365.0,"25 Oct, 2017",sen,RPG,"Horror, Puzzle, Exploration, 2D, Female Protagonist",Windows,2026-09-01T15:30:37.326083,1,Popular Mid-Range,7.2196420401307355
1065100,Golden Treasure: The Great Green,8.19,8.19,0,Overwhelmingly Positive,905.0,"17 Jun, 2019",Dreaming Door Studios,RPG,"Dragons, Indie, Adventure, RPG, Choices Matter","Windows, Mac",2026-09-01T15:30:39.175512,1,Popular Mid-Range,6.80903930604298
2778210,Moves Of The Diamond Hand,10.99,10.99,0,Very Positive,103.0,"13 Apr, 2026",Cosmo D Studios,RPG,"Early Access, RPG, Adventure, CRPG, Dice","Windows, Mac, Linux",2026-09-01T15:30:41.481357,3,Niche / Emerging Titles,4.6443908991413725
1863540,月出之时,1.29,1.29,0,Very Positive,50.0,"19 Apr, 2022",月出之时,RPG,"JRPG, Cute, Casual, Female Protagonist, Fantasy",Windows,2026-09-01T15:30:42.891994,2,Free-to-Play Powerhouses (2),3.9318256327243257
2546970,冬日树下的回忆AFTER,0.0,0.0,0,Very Positive,489.0,"19 Dec, 2023",午后零时,RPG,"RPG, Dating Sim, Visual Novel, 2D Platformer, 2D",Windows,2026-09-01T15:30:44.676565,2,Free-to-Play Powerhouses (2),6.194405391104672
3392490,Moon River,0.0,0.0,0,Very Positive,209.0,"19 Jun, 2026",BadAlias,RPG,"Free to Play, Indie, Pixel Graphics, Atmospheric, RPG",Windows,2026-09-01T15:30:46.836150,2,Free-to-Play Powerhouses (2),5.3471075307174685
4281770,Take Care Of It.,0.0,0.0,0,Very Positive,77.0,"26 Jan, 2026",Zealli,RPG,"RPG, Simulation, Visual Novel, Horror, Multiple Endings",Windows,2026-09-01T15:30:48.962116,2,Free-to-Play Powerhouses (2),4.356708826689592
1003600,NashBored,1.29,1.29,0,Very Positive,81.0,"2 Jan, 2019",Fading Club,RPG,"Adventure, Indie, RPG, Horror, Great Soundtrack",Windows,2026-09-01T15:30:50.700738,2,Free-to-Play Powerhouses (2),4.406719247264253
3247640,7 Days,2.99,2.99,0,Very Positive,82.0,"29 Aug, 2025",Daver The Dave,RPG,"Surreal, Dark, Choices Matter, Hand-drawn, Multiple Endings",Windows,2026-09-01T15:30:53.241652,2,Free-to-Play Powerhouses (2),4.418840607796598
3589940,The Neverending Summer,1.89,1.89,0,Very Positive,88.0,"28 Apr, 2025",LSAusa,RPG,"Visual Novel, LGBTQ+, RPG, Female Protagonist, Casual",Windows,2026-09-01T15:30:54.930987,2,Free-to-Play Powerhouses (2),4.48863636973214
2686940,Tower of the Dragon,0.0,0.0,0,Very Positive,93.0,"26 Jul, 2024",ZeroHP,RPG,"RPG, Turn-Based Strategy, Turn-Based Tactics, 2D, Anime",Windows,2026-09-01T15:30:56.642312,2,Free-to-Play Powerhouses (2),4.543294782270004
1629940,A Walk With Yiayia,4.49,4.49,0,Very Positive,94.0,"3 Nov, 2022",Trent Garlipp,RPG,"Adventure, Walking Simulator, Casual, Visual Novel, RPG","Windows, Linux",2026-09-01T15:30:58.093354,3,Niche / Emerging Titles,4.553876891600541
2231900,Fateweaver: The Alchemist's Quandary,1.89,1.89,0,Very Positive,100.0,"27 Feb, 2023",Randumb Studios,RPG,"Choices Matter, Simulation, Visual Novel, Horror, Multiple Endings",Windows,2026-09-01T15:30:59.181311,2,Free-to-Play Powerhouses (2),4.61512051684126
2835690,The Demons Told Me to Make This Game,6.49,6.49,0,Very Positive,100.0,"21 Jul, 2025",Haunted Dude,RPG,"Early Access, Choices Matter, Lovecraftian, Indie, Demons","Windows, Mac",2026-09-01T15:31:00.820357,3,Niche / Emerging Titles,4.61512051684126
2437000,Astra Hunter Zosma,0.0,0.0,0,Very Positive,105.0,"5 Jan, 2024",Torch60,RPG,"RPG, JRPG, Free to Play, Puzzle, Exploration",Windows,2026-09-01T15:31:02.749711,2,Free-to-Play Powerhouses (2),4.663439094112067
3016090,Eternal Escape: castle of shadows,2.49,2.49,0,Very Positive,105.0,"11 Jul, 2024",Robot,RPG,"Gore, Puzzle, Exploration, Immersive Sim, RPG",Windows,2026-09-01T15:31:04.941594,2,Free-to-Play Powerhouses (2),4.663439094112067
1386710,The HeartBeat,0.9,0.9,0,Very Positive,109.0,"5 Oct, 2020",猫柚工作室,RPG,"Cyberpunk, Text-Based, Rhythm, Word Game, Visual Novel",Windows,2026-09-01T15:31:06.171047,2,Free-to-Play Powerhouses (2),4.700480365792417
2571400,Kitten's Wardrobe,0.9,0.9,0,Very Positive,112.0,"15 Jul, 2024",crobatspr,RPG,"Cartoon, Design & Illustration, Hand-drawn, Cute, Idler",Windows,2026-09-01T15:31:08.574442,2,Free-to-Play Powerhouses (2),4.727387818712341
4323800,Guardian of the Sacred Seal,19.0,19.0,0,Very Positive,118.0,"14 Jul, 2026",STUDIO SPUTNIK,RPG,"Anime, Otome, Female Protagonist, Hentai, Psychological Horror",Windows,2026-09-01T15:31:10.627672,4,Premium / AAA,4.77912349311153
2480560,Geneforge 2 - Infestation,8.19,8.19,0,Very Positive,124.0,"27 Mar, 2024",Spiderweb Software,RPG,"Adventure, RPG, Strategy, Party-Based RPG, Strategy RPG","Windows, Mac",2026-09-01T15:31:12.273833,3,Niche / Emerging Titles,4.8283137373023015
2959120,公主×观众,0.0,0.0,0,Very Positive,147.0,"22 May, 2024",Nyamoli@,RPG,"Casual, Interactive Fiction, 2D Platformer, Anime, Cartoon",Windows,2026-09-01T15:31:13.693951,2,Free-to-Play Powerhouses (2),4.997212273764115
1323000,Space Court,1.89,1.89,0,Very Positive,152.0,"25 Jun, 2020",Uphill Promise,RPG,"Story Rich, Choices Matter, Multiple Endings, Replay Value, Funny",Windows,2026-09-01T15:31:15.530257,2,Free-to-Play Powerhouses (2),5.030437921392435
3362040,Cell Command,3.89,3.89,0,Very Positive,157.0,"19 Jun, 2025",Alpherior,RPG,"Singleplayer, Grid-Based Movement, Turn-Based Tactics, Turn-Based Combat, Roguelike",Windows,2026-09-01T15:31:17.594738,2,Free-to-Play Powerhouses (2),5.062595033026967
2098870,Gods of Savvarah | Part I,0.0,0.0,0,Very Positive,169.0,"16 May, 2023",ST Sinovar,RPG,"Visual Novel, Choose Your Own Adventure, RPG, Choices Matter, Interactive Fiction",Windows,2026-09-01T15:31:19.833895,2,Free-to-Play Powerhouses (2),5.135798437050262
2408350,Hermit and Pig,6.99,6.99,0,Very Positive,172.0,"5 Feb, 2026",Heavy Lunch Studio LLC,RPG,"RPG, Adventure, Turn-Based Combat, Story Rich, Pixel Graphics","Windows, Mac",2026-09-01T15:31:22.094610,3,Niche / Emerging Titles,5.153291594497779
1286330,WhiteLily 2：梦醒少女,2.99,2.99,0,Very Positive,176.0,"6 Nov, 2020",游学者狐狸,RPG,"JRPG, Casual, Story Rich, Puzzle, RPG",Windows,2026-09-01T15:31:23.501944,2,Free-to-Play Powerhouses (2),5.176149732573829
1233950,Wayhaven Chronicles: Book Two,4.99,4.99,0,Very Positive,214.0,"7 May, 2020",Hosted Games,RPG,"Indie, Casual, Adventure, RPG, Text-Based","Windows, Mac, Linux",2026-09-01T15:31:25.463517,3,Niche / Emerging Titles,5.3706380281276624
2769210,Scarmonde,6.79,6.79,0,Very Positive,213.0,"7 Oct, 2024",Ephiam,RPG,"Adventure, RPG, JRPG, Party-Based RPG, Dungeon Crawler",Windows,2026-09-01T15:31:26.471510,3,Niche / Emerging Titles,5.365976015021851
1397030,Survive or Thrive,0.77,0.77,0,Very Positive,233.0,"7 Sep, 2020",Randumb Studios,RPG,"Choices Matter, Multiple Endings, Simulation, RPG, Visual Novel",Windows,2026-09-01T15:31:28.608292,2,Free-to-Play Powerhouses (2),5.455321115357702
1029650,יום פתוח (Open Day),5.99,5.99,0,Very Positive,254.0,"22 Jun, 2022",Rafael Ben-Ari,RPG,"Singleplayer, Top-Down, Turn-Based Combat, Short, Funny",Windows,2026-09-01T15:31:30.691620,3,Niche / Emerging Titles,5.541263545158426
2921890,业火 Hellfire,0.0,0.0,0,Very Positive,256.0,"3 May, 2024",Aki,RPG,"Atmospheric, Mystery, Puzzle, Indie, Free to Play",Windows,2026-09-01T15:31:32.335690,2,Free-to-Play Powerhouses (2),5.54907608489522
1114950,Learn Japanese RPG: Hiragana Forbidden Speech,8.19,8.19,0,Very Positive,254.0,"14 Dec, 2023",Study Bunny Games LLC,RPG,"RPG, Education, Comedy, Anime, Funny",Windows,2026-09-01T15:31:34.329224,3,Niche / Emerging Titles,5.541263545158426
1209770,子夜之章:历史的终局～MidNights of Desperado～,2.99,2.99,0,Very Positive,267.0,"12 Mar, 2021",银阼,RPG,"Story Rich, Lore-Rich, Dystopian, Choices Matter, Cold War",Windows,2026-09-01T15:31:36.440748,2,Free-to-Play Powerhouses (2),5.5909869805108565
1512710,TunTown,2.69,2.69,0,Very Positive,278.0,"13 Aug, 2024",SOFTSTAR ENTERTAINMENT,RPG,"RPG, Cats, Dogs, Story Rich, Cute",Windows,2026-09-01T15:31:37.767149,2,Free-to-Play Powerhouses (2),5.631211781821365
3470170,Queens Casino,5.49,5.49,0,Very Positive,309.0,"8 Aug, 2025",sartahouse,RPG,"Sexual Content, Casual, Strategy, Nudity, RPG",Windows,2026-09-01T15:31:39.910125,3,Niche / Emerging Titles,5.736572297479192
585180,Open Sorcery,3.99,3.99,0,Very Positive,310.0,"22 Feb, 2017",Abigail Corfman,RPG,"Indie, RPG, Adventure, Text-Based, Interactive Fiction","Windows, Mac, Linux",2026-09-01T15:31:41.953786,3,Niche / Emerging Titles,5.739792912179234
2381160,Quest for the Golden Candelabra,0.0,0.0,0,Very Positive,327.0,"12 May, 2023",Dawnsbury Studios,RPG,"Tactical RPG, CRPG, Team-Based, Party-Based RPG, 2D",Windows,2026-09-01T15:31:43.541744,2,Free-to-Play Powerhouses (2),5.793013608384144
3591360,Bad Bitch Blasters,1.89,1.89,0,Very Positive,349.0,"26 Oct, 2025",Goiaba Megas Xellox,RPG,"RPG, Adventure, Satire, Mystery, Female Protagonist",Windows,2026-09-01T15:31:44.833990,2,Free-to-Play Powerhouses (2),5.857933154483459
2391870,MareQuest: An Interactive Tail,2.99,2.99,0,Very Positive,354.0,"14 Sep, 2023",ElectroKaplosion LLC,RPG,"Visual Novel, RPG, Cute, Adventure, Procedural Generation",Windows,2026-09-01T15:31:46.839881,2,Free-to-Play Powerhouses (2),5.872117789475416
1668310,24 Killers,8.19,8.19,0,Very Positive,401.0,"9 Mar, 2023",Happy Shabby Games,RPG,"Story Rich, Adventure, Exploration, Life Sim, 2D",Windows,2026-09-01T15:31:50.955205,3,Niche / Emerging Titles,5.996452088619021
1083790,Deathbulge: Battle of the Bands,8.19,8.19,0,Very Positive,437.0,"8 Aug, 2023",Deathbulge,RPG,"Party-Based RPG, RPG, 2D, Funny, Story Rich","Windows, Mac, Linux",2026-09-01T15:31:53.075339,3,Niche / Emerging Titles,6.082218910376446
2936180,茜色,2.99,2.99,0,Very Positive,454.0,"13 Sep, 2024",忘雪社,RPG,"Casual, Visual Novel, Word Game, LGBTQ+, 2D","Windows, Linux",2026-09-01T15:31:54.464708,2,Free-to-Play Powerhouses (2),6.12029741895095
4833450,Money for Girls: Amortized,8.16,8.16,0,Very Positive,460.0,"24 Aug, 2026",Porpentine,RPG,"Visual Novel, Horror, LGBTQ+, Romance, Dating Sim","Windows, Mac, Linux",2026-09-01T15:31:56.646532,3,Niche / Emerging Titles,6.133398042996649
4045190,饲养染的30 DAYS,0.0,0.0,0,Very Positive,470.0,"27 Mar, 2026",繁星相位制作组,RPG,"RPG, Visual Novel, Free to Play, 2D Platformer, 2D","Windows, Mac, Linux",2026-09-01T15:31:58.842492,2,Free-to-Play Powerhouses (2),6.154858094016418
3583800,海与鱼Ocean and Fish,0.0,0.0,0,Very Positive,105.0,"2 Apr, 2025",神经传达室,RPG,"RPG, JRPG, Puzzle, Mystery, Puzzle Platformer",Windows,2026-09-01T15:32:00.875757,2,Free-to-Play Powerhouses (2),4.663439094112067
3201240,Dig Night,2.49,2.49,0,Very Positive,109.0,"19 Dec, 2024",INUSHIT,RPG,"RPG, Pixel Graphics, Adventure, Exploration, Investigation",Windows,2026-09-01T15:32:03.090938,2,Free-to-Play Powerhouses (2),4.700480365792417
3567040,Lovely Lady RPG,7.29,7.29,0,Very Positive,118.0,"18 Jul, 2025",DAS POPPY UND MIA KUNSTKOLLEKTIV,RPG,"RPG, Visual Novel, Text-Based, Indie, Alternate History","Windows, Mac, Linux",2026-09-01T15:32:05.236519,3,Niche / Emerging Titles,4.77912349311153
2152190,Zombie Apocalypse Survival Simulator,0.77,0.77,0,Very Positive,119.0,"17 Oct, 2022",Randumb Studios,RPG,"Simulation, Choices Matter, Multiple Endings, Visual Novel, RPG",Windows,2026-09-01T15:32:06.851755,2,Free-to-Play Powerhouses (2),4.787491742782046
1067350,Sophie's Dice,2.99,2.99,0,Very Positive,121.0,"17 Jun, 2019",Sophie Houlden,RPG,"Software, Tabletop, Board Game, Physics, Simulation","Windows, Mac, Linux",2026-09-01T15:32:08.664852,2,Free-to-Play Powerhouses (2),4.804021044733257
2466130,Bonnie Bear Saves Frogtime,7.49,7.49,0,Very Positive,139.0,"16 Mar, 2026",Bonte Avond,RPG,"Interactive Fiction, Strategy RPG, Turn-Based Strategy, Creature Collector, RPG",Windows,2026-09-01T15:32:10.849953,3,Niche / Emerging Titles,4.941642422609304
2263250,A Song Of Sunlight,0.0,0.0,0,Very Positive,154.0,"16 Jan, 2026",RageForDragons,RPG,"RPG, Visual Novel, Sci-fi, Psychological Horror, Souls-like",Windows,2026-09-01T15:32:12.591950,2,Free-to-Play Powerhouses (2),5.043425116919247
2333930,Kitchen Sync: Aloha!,8.19,8.19,0,Very Positive,159.0,"7 Apr, 2025",Lemonpepper Games,RPG,"Time Management, Visual Novel, Crafting, Romance, Management","Windows, Mac",2026-09-01T15:32:14.487221,3,Niche / Emerging Titles,5.075173815233827
1924070,Arcadia Fallen II,10.49,10.49,0,Very Positive,160.0,"9 Apr, 2026",Galdra Studios,RPG,"Choose Your Own Adventure, Visual Novel, Dating Sim, Otome, Immersive Sim","Windows, Mac, Linux",2026-09-01T15:32:16.661162,3,Niche / Emerging Titles,5.081404364984463
2677040,真夜的居所 - Chanye's Home,3.99,3.99,0,Very Positive,175.0,"25 Dec, 2023",柚原堂,RPG,"Indie, RPG, Female Protagonist, LGBTQ+, Interactive Fiction","Windows, Mac",2026-09-01T15:32:18.820875,2,Free-to-Play Powerhouses (2),5.170483995038151
2535670,Frog's Adventure,1.49,1.49,0,Very Positive,197.0,"2 Aug, 2023",Sokpop Collective,RPG,"Adventure, Casual, Point & Click, Hand-drawn, Exploration","Windows, Mac",2026-09-01T15:32:20.888307,2,Free-to-Play Powerhouses (2),5.288267030694535
1176050,秘封旅行 ~ Secret Sealing Travel,3.49,3.49,0,Very Positive,198.0,"17 Oct, 2020",鸽屋谷,RPG,"Indie, Early Access, Casual, Simulation, RPG",Windows,2026-09-01T15:32:22.634941,2,Free-to-Play Powerhouses (2),5.293304824724492
1114650,HorrorVale,7.29,7.29,0,Very Positive,210.0,"1 Oct, 2024",BatWorks Software,RPG,"RPG, Indie, Adventure, Horror, Cute",Windows,2026-09-01T15:32:24.221125,3,Niche / Emerging Titles,5.351858133476067
3953050,广式双马尾的报恩,1.29,1.29,0,Very Positive,224.0,"12 Feb, 2026",lamb of game,RPG,"Casual, Simulation, Visual Novel, RPG, Dating Sim",Windows,2026-09-01T15:32:25.859068,2,Free-to-Play Powerhouses (2),5.41610040220442
2857730,Bakahazard 1+2,2.49,2.49,0,Very Positive,231.0,"1 Oct, 2024",流比奈梦工厂,RPG,"Adventure, Memes, Comedy, Turn-Based Combat, Pixel Graphics",Windows,2026-09-01T15:32:28.265604,2,Free-to-Play Powerhouses (2),5.44673737166631
1302990,MARDEK,5.49,5.49,0,Very Positive,261.0,"3 Jun, 2020",Tobias Cornwall,RPG,"RPG, Indie, Turn-Based Combat, Funny, Story Rich",Windows,2026-09-01T15:32:29.417035,3,Niche / Emerging Titles,5.568344503761097
2205290,流光易逝的夏末 - Fleeting Summer's End,1.79,1.79,0,Very Positive,285.0,"6 Jan, 2023",柚原堂,RPG,"RPG, Casual, Visual Novel, Interactive Fiction, LGBTQ+","Windows, Mac",2026-09-01T15:32:31.109958,2,Free-to-Play Powerhouses (2),5.655991810819852
3902830,How I Flex with AI,0.72,0.72,0,Very Positive,286.0,"27 Nov, 2025",Pandaren,RPG,"Casual, RPG, Visual Novel, 2D Platformer, 2D",Windows,2026-09-01T15:32:32.734382,2,Free-to-Play Powerhouses (2),5.659482215759621
1828650,The Silent Kingdom,7.79,7.79,0,Very Positive,284.0,"18 Feb, 2025",Lucky Cat,RPG,"JRPG, Otome, Story Rich, Turn-Based Combat, Choices Matter",Windows,2026-09-01T15:32:34.673762,3,Niche / Emerging Titles,5.652489180268651
1559430,Purrfect Apawcalypse: Purrgatory Furever,3.49,3.49,0,Very Positive,368.0,"1 Apr, 2021",Denny Truong,RPG,"Choose Your Own Adventure, Visual Novel, LGBTQ+, Cats, Dogs","Windows, Mac, Linux",2026-09-01T15:32:36.447056,2,Free-to-Play Powerhouses (2),5.910796644040527
3639010,Jackpot Crash Course,0.0,0.0,0,Very Positive,391.0,"8 May, 2026",RachelDrawsThis,RPG,"Visual Novel, Story Rich, Choices Matter, Multiple Endings, Interactive Fiction","Windows, Mac",2026-09-01T15:32:38.219828,2,Free-to-Play Powerhouses (2),5.971261839790462
1599470,Purrfect Apawcalypse: Patches' Infurno,3.99,3.99,0,Very Positive,435.0,"13 May, 2021",Denny Truong,RPG,"Choose Your Own Adventure, Visual Novel, LGBTQ+, Point & Click, Puzzle","Windows, Mac, Linux",2026-09-01T15:32:40.460494,3,Niche / Emerging Titles,6.077642243349034
3495110,A Killer Chat! Christmas,5.49,5.49,0,Very Positive,50.0,"22 Dec, 2025",rosesrot,RPG,"RPG, Casual, Simulation, Dating Sim, Interactive Fiction","Windows, Mac, Linux",2026-09-01T15:32:42.556540,3,Niche / Emerging Titles,3.9318256327243257
3293990,がんばれ！受付嬢2 ～Stardust Liberate～,2.49,2.49,0,Very Positive,52.0,"31 Dec, 2024",OBTcompany,RPG,"RPG, Adventure, Simulation, Strategy, Interactive Fiction","Windows, Mac",2026-09-01T15:32:43.749899,2,Free-to-Play Powerhouses (2),3.970291913552122
840610,Fortune-499,2.99,2.99,0,Very Positive,54.0,"10 May, 2018",AP Thomson,RPG,"Pixel Graphics, RPG, Indie, Strategy, Puzzle","Windows, Mac",2026-09-01T15:32:45.813604,2,Free-to-Play Powerhouses (2),4.007333185232471
3169000,RECORD_DrowsyVortex,5.49,5.49,0,Very Positive,54.0,"19 Sep, 2024",LunarHillz,RPG,"RPG, Post-apocalyptic, Psychological Horror, Sci-fi, Exploration",Windows,2026-09-01T15:32:47.876589,3,Niche / Emerging Titles,4.007333185232471
4412960,光与影之恋 Chiaroscuro Lovers,4.69,4.69,0,Very Positive,54.0,"17 Aug, 2026",琉璃花糖制作组,RPG,"Visual Novel, Emotional, Story Rich, Casual, Interactive Fiction",Windows,2026-09-01T15:32:49.735582,3,Niche / Emerging Titles,4.007333185232471
611710,Kaiju Big Battel: Fighto Fantasy,5.49,5.49,0,Very Positive,57.0,"30 Oct, 2018",Super Walrus Games,RPG,"JRPG, Wrestling, Turn-Based, Party-Based RPG, RPG","Windows, Linux",2026-09-01T15:32:51.497551,3,Niche / Emerging Titles,4.060443010546419
3664160,Who's Hungry?,2.99,2.99,0,Very Positive,57.0,"4 Dec, 2025",Daniel Fernández,RPG,"Sci-fi, Story Rich, Surreal, RPG, Psychological Horror",Windows,2026-09-01T15:32:53.645416,2,Free-to-Play Powerhouses (2),4.060443010546419
2121450,Bangkok Story: A Stray Dog,5.49,5.49,0,Very Positive,58.0,"27 Apr, 2026",Shameful Guys Development,RPG,"Story Rich, Pixel Graphics, Emotional, Adventure, Psychological","Windows, Mac",2026-09-01T15:32:55.515281,3,Niche / Emerging Titles,4.07753744390572
1387650,Ekorella Vol 1,3.99,3.99,0,Very Positive,58.0,"22 Jan, 2025",Rockmaker Team,RPG,"2D, RPG, Party-Based RPG, Pixel Graphics, Sci-fi",Windows,2026-09-01T15:32:57.789050,2,Free-to-Play Powerhouses (2),4.07753744390572
3808010,Non-violent Hero 非暴力系勇者！,0.0,0.0,0,Very Positive,60.0,"9 Dec, 2025",Wito,RPG,"Adventure, RPG, Indie, Casual, Cute",Windows,2026-09-01T15:32:59.721318,2,Free-to-Play Powerhouses (2),4.110873864173311
4052860,Myth Monkey Card,3.99,3.99,0,Very Positive,62.0,"27 Mar, 2026",Myth Card Studio,RPG,"Casual, Strategy, RPG, Card Game, Turn-Based Strategy",Windows,2026-09-01T15:33:01.764818,2,Free-to-Play Powerhouses (2),4.143134726391533
3757980,Street Dog Legend,2.49,2.49,0,Very Positive,63.0,"9 Jun, 2025",monthbug,RPG,"Job Simulator, Multiple Endings, Choices Matter, Satire, 2D","Windows, Mac, Linux",2026-09-01T15:33:03.414423,2,Free-to-Play Powerhouses (2),4.1588830833596715
4608380,Joy Malignant,5.79,5.79,0,Very Positive,64.0,"29 Jul, 2026",Petros Anastasiadis,RPG,"RPG, Story Rich, Tabletop, Multiple Endings, Exploration",Windows,2026-09-01T15:33:05.671591,3,Niche / Emerging Titles,4.174387269895637
3213800,MultiEnding Heroes,5.49,5.49,0,Very Positive,80.0,"11 Mar, 2026",NicoDiti,RPG,"RPG, Roguelite, Adventure, Action-Adventure, Puzzle",Windows,2026-09-01T15:33:07.802478,3,Niche / Emerging Titles,4.394449154672439
3946750,Syrup 2: Candy Alchemy RPG,6.19,6.19,0,Very Positive,83.0,"31 Oct, 2025",NomnomNami,RPG,"RPG, Visual Novel, JRPG, Crafting, LGBTQ+","Windows, Mac, Linux",2026-09-01T15:33:09.763649,3,Niche / Emerging Titles,4.430816798843313
4672200,捉迷藏 - Hide and Seek,0.0,0.0,0,Very Positive,83.0,"27 Aug, 2026",Snow Hermit Library,RPG,"RPG, Female Protagonist, Mystery, Horror, Adventure",Windows,2026-09-01T15:33:12.118368,2,Free-to-Play Powerhouses (2),4.430816798843313
3488200,SuperQuest,5.49,5.49,0,Very Positive,91.0,"9 May, 2025",HyperShrimp,RPG,"Comedy, Turn-Based, Adventure, Story Rich, RPG",Windows,2026-09-01T15:33:14.063680,3,Niche / Emerging Titles,4.5217885770490405
3070390,Master Lemon: The Quest for Iceland,6.29,6.29,0,Very Positive,106.0,"4 Nov, 2025",Pepita Digital,RPG,"Story Rich, Pixel Graphics, Adventure, Emotional, Soundtrack",Windows,2026-09-01T15:33:16.111107,3,Niche / Emerging Titles,4.672828834461906
3894950,Bakahazard 3,4.69,4.69,0,Very Positive,110.0,"1 Oct, 2025",流比奈梦工厂,RPG,"RPG, Adventure, Turn-Based Combat, Singleplayer, Comedy","Windows, Mac, Linux",2026-09-01T15:33:18.358572,3,Niche / Emerging Titles,4.709530201312334
1264350,夜弦之音 - Echoes of Nocturnal Chords,1.29,1.29,0,Very Positive,112.0,"10 Apr, 2020",秋之忧郁,RPG,"RPG, Adventure, Horror, Indie, Romance",Windows,2026-09-01T15:33:19.600218,2,Free-to-Play Powerhouses (2),4.727387818712341
2980050,机械恋心,0.0,0.0,0,Very Positive,115.0,"30 May, 2024",Lunatic Works,RPG,"Early Access, Visual Novel, Word Game, Dating Sim, Romance","Windows, Mac, Linux",2026-09-01T15:33:21.430779,2,Free-to-Play Powerhouses (2),4.7535901911063645
1667320,PRODUCER 2021,5.49,5.49,0,Very Positive,164.0,"14 Nov, 2022",Stuffed Wombat,RPG,"Adventure, RPG, Interactive Fiction, Point & Click, Visual Novel",Windows,2026-09-01T15:33:23.190302,3,Niche / Emerging Titles,5.10594547390058
3010290,Heroes of the Seven Islands,6.19,6.19,0,Very Positive,185.0,"9 Sep, 2025",Rap2h,RPG,"Party-Based RPG, Point & Click, CRPG, Hand-drawn, Animals","Windows, Mac, Linux",2026-09-01T15:33:25.129298,3,Niche / Emerging Titles,5.225746673713202
3090080,Killed by Love 99 Times,6.49,6.49,0,Overwhelmingly Positive,512.0,"11 Mar, 2025",CineGame Interactive,RPG,"Comedy, Mystery, Puzzle, RPG, Thriller","Windows, Mac",2026-09-01T15:33:26.894865,3,Niche / Emerging Titles,6.240275845170769
1705140,Final Profit: A Shop RPG,6.99,6.99,0,Overwhelmingly Positive,514.0,"6 Mar, 2023",Brent Arnold,RPG,"Incremental, RPG, Capitalism, Shop Keeper, Choices Matter",Windows,2026-09-01T15:33:29.218065,3,Niche / Emerging Titles,6.244166900663736
2081460,Breeze,0.0,0.0,0,Overwhelmingly Positive,517.0,"4 Aug, 2022",FOF Game,RPG,"2D, Story Rich, RPG, Puzzle, Emotional",Windows,2026-09-01T15:33:31.155247,2,Free-to-Play Powerhouses (2),6.249975242259483
1306750,黑色花与红山羊 / Black Datura & Red Goat,6.49,6.49,0,Overwhelmingly Positive,519.0,"20 Aug, 2020",Angels Blue Digital Entertainment,RPG,"RPG, Adventure, Horror, Thriller, Mystery",Windows,2026-09-01T15:33:33.244525,3,Niche / Emerging Titles,6.253828811575473
1996210,Sakura Hime 3,2.69,2.69,0,Overwhelmingly Positive,530.0,"16 Dec, 2022",GirlGames,RPG,"Casual, Simulation, RPG, Hentai, Visual Novel",Windows,2026-09-01T15:33:35.148952,2,Free-to-Play Powerhouses (2),6.274762021241939
1164100,A Random Maze 某个迷宫,0.0,0.0,0,Overwhelmingly Positive,539.0,"10 Mar, 2021",幻想博物馆（Utopia Museum）,RPG,"Adventure, Detective, Atmospheric, RPG, Multiple Endings",Windows,2026-09-01T15:33:37.088142,2,Free-to-Play Powerhouses (2),6.29156913955832
594130,Winds of Change,8.19,8.19,0,Overwhelmingly Positive,552.0,"21 Aug, 2019",Klace,RPG,"Visual Novel, LGBTQ+, Story Rich, Romance, Choices Matter","Windows, Mac, Linux",2026-09-01T15:33:39.273318,3,Niche / Emerging Titles,6.315358001522335
1681840,Abalon: Roguelike Tactics CCG,8.19,8.19,0,Overwhelmingly Positive,588.0,"11 May, 2023",D20Studios,RPG,"Turn-Based Tactics, Dungeon Crawler, Roguelike, Grid-Based Movement, Board Game","Windows, Mac, Linux",2026-09-01T15:33:41.294615,3,Niche / Emerging Titles,6.3784261836515865
2113540,梦魇：无归 Nightmare without return,3.99,3.99,0,Overwhelmingly Positive,606.0,"30 Sep, 2022",青衣工作室,RPG,"RPG, Adventure, Singleplayer, Turn-Based Combat, Lore-Rich",Windows,2026-09-01T15:33:43.447373,3,Niche / Emerging Titles,6.408528791059498
1691420,START AGAIN: a prologue,5.89,5.89,0,Overwhelmingly Positive,617.0,"18 Aug, 2021",insertdisc5,RPG,"Time Travel, Story Rich, Exploration, Party-Based RPG, RPG",Windows,2026-09-01T15:33:44.988613,3,Niche / Emerging Titles,6.42648845745769
1601280,Potato Flowers in Full Bloom,7.79,7.79,0,Overwhelmingly Positive,652.0,"10 Mar, 2022",Pon Pon Games,RPG,"RPG, Dungeon Crawler, Party-Based RPG, Turn-Based Combat, Cartoony",Windows,2026-09-01T15:33:46.530579,3,Niche / Emerging Titles,6.481577129276431
1591570,Mondealy: Day One,0.0,0.0,0,Overwhelmingly Positive,655.0,"13 Sep, 2021",uglycoal,RPG,"Adventure, Pixel Graphics, Exploration, Walking Simulator, Story Rich","Windows, Linux",2026-09-01T15:33:48.364349,0,Free-to-Play Powerhouses,6.486160788944089
1768470,The Heroes Around Me,3.99,3.99,0,Overwhelmingly Positive,690.0,"14 Jun, 2024",OKJOY,RPG,"Dogs, Visual Novel, Story Rich, Pixel Graphics, Interactive Fiction",Windows,2026-09-01T15:33:49.709591,3,Niche / Emerging Titles,6.53813982376767
551620,Approaching Infinity,7.79,7.79,0,Overwhelmingly Positive,722.0,"29 Apr, 2025",IBOL,RPG,"Sci-fi, Exploration, Open World, Replay Value, Traditional Roguelike",Windows,2026-09-01T15:33:51.425577,3,Niche / Emerging Titles,6.583409222158765
3332830,Mr Right Simulator,7.49,7.49,0,Overwhelmingly Positive,805.0,"16 May, 2026",男神模拟器工作室,RPG,"Casual, FMV, Dating Sim, Cinematic, Multiple Endings","Windows, Mac",2026-09-01T15:33:52.775315,3,Niche / Emerging Titles,6.692083742506628
1558510,MECHANICA: A Ballad of the Rabbit and Mercury,8.19,8.19,0,Overwhelmingly Positive,827.0,"17 Sep, 2021",Loser/s,RPG,"Sexual Content, Nudity, Cyberpunk, Time Management, Visual Novel",Windows,2026-09-01T15:33:54.088438,1,Popular Mid-Range,6.71901315438526
2098790,群侠传，启动！,0.0,0.0,0,Overwhelmingly Positive,1031.0,"15 Sep, 2022",Xia Start,RPG,"RPG, Martial Arts, Turn-Based Strategy, Crafting, Turn-Based Tactics",Windows,2026-09-01T15:33:56.459796,0,Free-to-Play Powerhouses,6.939253946041508
1441840,FALL IN LABYRINTH,8.19,8.19,0,Overwhelmingly Positive,1071.0,"16 Apr, 2021",JUKKAKU GAMES,RPG,"Nudity, Sexual Content, Adventure, JRPG, Anime",Windows,2026-09-01T15:33:58.602544,1,Popular Mid-Range,6.977281341630747
3185890,我打不过漂亮的她们,5.89,5.89,0,Overwhelmingly Positive,1152.0,"25 Sep, 2025",想象颗粒,RPG,"RPG, Strategy, Interactive Fiction, Story Rich, FMV",Windows,2026-09-01T15:34:00.253115,1,Popular Mid-Range,7.050122520269059
843260,The Bard's Tale Trilogy,6.99,6.99,0,Overwhelmingly Positive,1215.0,"14 Aug, 2018",Krome Studios,RPG,"RPG, Dungeon Crawler, Classic, Grid-Based Movement, Fantasy","Windows, Mac",2026-09-01T15:34:02.290316,1,Popular Mid-Range,7.103322062526113
3011030,NO-SKIN,3.99,3.99,0,Overwhelmingly Positive,1208.0,"16 Feb, 2025",NoEye-Soft,RPG,"Horror, RPG, Roguelite, Pixel Graphics, Mystery",Windows,2026-09-01T15:34:03.943054,0,Free-to-Play Powerhouses,7.097548850614793
926340,Roman's Christmas / 罗曼圣诞探案集,5.89,5.89,0,Overwhelmingly Positive,1394.0,"19 Feb, 2020",SelfCrop Studio,RPG,"LGBTQ+, Visual Novel, Detective, Point & Click, Noir","Windows, Mac",2026-09-01T15:34:05.893385,1,Popular Mid-Range,7.240649694255466
2305640,Bladesong,6.14,6.14,0,Overwhelmingly Positive,1432.0,"22 Jan, 2026",SUN AND SERPENT creations,RPG,"Early Access, Shop Keeper, Crafting, Medieval, RPG",Windows,2026-09-01T15:34:08.245359,1,Popular Mid-Range,7.267525427828172
3864530,FLAM EVAW,9.99,9.99,0,Overwhelmingly Positive,1443.0,"17 Oct, 2025",北京万合瑞晟文化传媒有限公司,RPG,"FMV, First-Person, Detective, Story Rich, Multiple Endings",Windows,2026-09-01T15:34:10.182099,1,Popular Mid-Range,7.275172319452771
2238040,Tiny Terry's Turbo Trip,3.89,3.89,0,Overwhelmingly Positive,1441.0,"30 May, 2024",snekflat,RPG,"Funny, Adventure, Open World, Exploration, Indie",Windows,2026-09-01T15:34:11.713190,0,Free-to-Play Powerhouses,7.273786317844895
722730,Cogmind,8.19,8.19,0,Overwhelmingly Positive,1558.0,"16 Oct, 2017",Grid Sage Games,RPG,"Early Access, Traditional Roguelike, Atmospheric, Roguelike, Turn-Based",Windows,2026-09-01T15:34:13.857182,1,Popular Mid-Range,7.351799869057777
2523120,King of the Bridge,1.89,1.89,0,Overwhelmingly Positive,1662.0,"8 Mar, 2024",Finn Schuuring,RPG,"Puzzle, Chess, Strategy, Comedy, Board Game","Windows, Mac",2026-09-01T15:34:15.301397,0,Free-to-Play Powerhouses,7.416378479192928
4634490,Master Healer Kale with useless party,2.69,2.69,0,Overwhelmingly Positive,1787.0,"2 Jul, 2026",Evrac Studio,RPG,"Incremental, Party-Based RPG, Short, Magic, Auto Battler","Windows, Mac",2026-09-01T15:34:17.439101,0,Free-to-Play Powerhouses,7.488852955733459
1320140,Small Saga,8.19,8.19,0,Overwhelmingly Positive,1816.0,"16 Nov, 2023",Darya Noghani,RPG,"RPG, Indie, Turn-Based Combat, JRPG, Fantasy",Windows,2026-09-01T15:34:18.974877,1,Popular Mid-Range,7.504942068396171
346560,Hero of the Kingdom II,4.99,4.99,0,Overwhelmingly Positive,1898.0,"20 Feb, 2015",Lonely Troops,RPG,"Casual, Adventure, RPG, Point & Click, Isometric","Windows, Mac, Linux",2026-09-01T15:34:21.138380,1,Popular Mid-Range,7.549082710812286
4164580,Rebooted Fate,6.99,6.99,0,Overwhelmingly Positive,1983.0,"25 Feb, 2026",Jilin miaomiao,RPG,"RPG, Interactive Fiction, Immersive Sim, First-Person, Multiple Endings",Windows,2026-09-01T15:34:22.904348,1,Popular Mid-Range,7.592870287844818
1769170,Shattered Pixel Dungeon,5.49,5.49,0,Very Positive,840.0,"23 Mar, 2022",Shattered Pixel,RPG,"Traditional Roguelike, Dungeon Crawler, Roguelike, Turn-Based, RPG","Windows, Mac, Linux",2026-09-01T15:34:25.131986,3,Niche / Emerging Titles,6.734591659972948
2701440,PARANORMASIGHT: The Mermaid's Curse,20.69299999999982,20.69299999999982,0,Very Positive,465.0,"19 Feb, 2026",Square Enix,RPG,"Adventure, RPG, Visual Novel, Simulation, Mystery",Windows,2026-09-01T15:34:26.573974,5,Premium Blockbusters,6.144185634125646
1812370,Little Goody Two Shoes,15.99,15.99,0,Overwhelmingly Positive,1595.0,"7 Nov, 2023",AstralShift,RPG,"Adventure, Horror, RPG, LGBTQ+, Dating Sim",Windows,2026-09-01T15:34:28.615109,5,Premium Blockbusters,7.3752557780097545
2366970,Arco,9.99,9.99,0,Overwhelmingly Positive,1618.0,"15 Aug, 2024",Franek,RPG,"RPG, Turn-Based Strategy, Pixel Graphics, Story Rich, Action-Adventure","Windows, Mac",2026-09-01T15:34:30.506121,1,Popular Mid-Range,7.389563953677635
634160,Cattails | Become a Cat!,14.99,14.99,0,Overwhelmingly Positive,2164.0,"1 Dec, 2017",Falcon Development,RPG,"Cats, Life Sim, Romance, Pixel Graphics, RPG","Windows, Mac",2026-09-01T15:34:32.562638,5,Premium Blockbusters,7.68017564043659
2373630,Moonring,0.0,0.0,0,Overwhelmingly Positive,2092.0,"28 Sep, 2023","Fluttermind, LLC",RPG,"RPG, Retro, Dark Fantasy, Medieval, Old School","Windows, Mac",2026-09-01T15:34:34.155942,0,Free-to-Play Powerhouses,7.646353722445999
1047440,DATE A LIVE: Rio Reincarnation,12.99,12.99,0,Overwhelmingly Positive,620.0,"23 Jul, 2019",Idea Factory,RPG,"Anime, Visual Novel, Dating Sim, Sexual Content, Romance",Windows,2026-09-01T15:34:36.409919,1,Popular Mid-Range,6.431331081933479
251130,Chroma Squad,6.99,6.99,0,Very Positive,1466.0,"30 Apr, 2015",Behold Studios,RPG,"RPG, Strategy, Tactical RPG, Pixel Graphics, Indie","Windows, Mac, Linux",2026-09-01T15:34:38.243435,1,Popular Mid-Range,7.2909747781429814
3339880,OFF,6.99,6.99,0,Overwhelmingly Positive,2262.0,"15 Aug, 2025",Mortis Ghost,RPG,"RPG, Pixel Graphics, Story Rich, 2D, Psychological Horror","Windows, Mac, Linux",2026-09-01T15:34:39.968306,1,Popular Mid-Range,7.724446645633537
1786790,Magical Girl Celesphonia,8.19,8.19,0,Very Positive,288.0,"6 May, 2022",Shimobashira Workshop,RPG,"Sexual Content, Hentai, Nudity, Female Protagonist, RPG",Windows,2026-09-01T15:34:42.859421,3,Niche / Emerging Titles,5.666426688112432
1939160,Shadows Over Loathing,7.69,7.69,0,Overwhelmingly Positive,2908.0,"11 Nov, 2022",Asymmetric,RPG,"Adventure, RPG, Point & Click, Puzzle, Turn-Based Strategy","Windows, Mac",2026-09-01T15:34:43.656028,1,Popular Mid-Range,7.975564658495202
3069120,Love Curse: Find Your Soulmate,6.49,6.49,0,Overwhelmingly Positive,1090.0,"19 Apr, 2025",Xso,RPG,"LGBTQ+, Female Protagonist, Visual Novel, Dating Sim, Romance","Windows, Mac",2026-09-01T15:34:45.911745,1,Popular Mid-Range,6.994849985833071
2026000,Our Adventurer Guild,6.99,6.99,0,Overwhelmingly Positive,1794.0,"12 Apr, 2024",GreenGuy,RPG,"Party-Based RPG, Turn-Based Tactics, Management, Character Customization, RPG",Windows,2026-09-01T15:34:47.197554,1,Popular Mid-Range,7.492760300922379
1578860,Billionaire Lovers,1.89,1.89,0,Overwhelmingly Positive,3644.0,"2 Jul, 2021",Ayacat Games,RPG,"Visual Novel, RPG, Psychological Horror, Education, Anime","Windows, Mac, Linux",2026-09-01T15:34:48.788771,0,Free-to-Play Powerhouses,8.201111644442758
885810,The Witch's House MV,6.99,6.99,0,Very Positive,997.0,"30 Oct, 2018",Fummy,RPG,"Horror, Pixel Graphics, 2D, Indie, RPG","Windows, Mac",2026-09-01T15:34:50.727383,1,Popular Mid-Range,6.905753276311464
4147820,Your Mom,0.72,0.72,0,Very Positive,431.0,"25 Dec, 2025",Mom Game,RPG,"Nudity, Hentai, Sexual Content, Simulation, Casual","Windows, Mac",2026-09-01T15:34:52.789527,2,Free-to-Play Powerhouses (2),6.068425588244111
537110,Angels of Death,5.49,5.49,0,Overwhelmingly Positive,1179.0,"19 Dec, 2016",Vaka Game Magazine,RPG,"Pixel Graphics, Horror, Puzzle, 2D, RPG",Windows,2026-09-01T15:34:54.713918,1,Popular Mid-Range,7.07326971745971
2084000,Shogun Showdown,6.99,6.99,0,Overwhelmingly Positive,3501.0,"5 Sep, 2024",Roboatino,RPG,"Replay Value, Strategy RPG, Turn-Based, Roguelike, Pixel Graphics","Windows, Mac, Linux",2026-09-01T15:34:56.362891,1,Popular Mid-Range,8.161089512845797
1506980,Lay a Beauty to Rest: The Darkness Peach Blossom Spring,6.79,6.79,0,Overwhelmingly Positive,6303.0,"21 Oct, 2021",零创游戏(ZerocreationGame),RPG,"Visual Novel, Adventure, Mystery, Multiple Endings, Interactive Fiction",Windows,2026-09-01T15:34:57.479622,1,Popular Mid-Range,8.748939631537715
1958220,WitchSpring R,20.0,20.0,0,Overwhelmingly Positive,2273.0,"25 Sep, 2023",KIWIWALKS,RPG,"Cute, RPG, Funny, Female Protagonist, JRPG",Windows,2026-09-01T15:34:59.641075,5,Premium Blockbusters,7.729295674310482
3755860,BLACK SOULS,6.79,6.79,0,Very Positive,1678.0,"15 Aug, 2025","Eeny, meeny, miny, moe?",RPG,"Cute, Funny, Sexual Content, Souls-like, Story Rich",Windows,2026-09-01T15:35:00.978073,1,Popular Mid-Range,7.425953657077541
1173770,FINAL FANTASY,9.99,9.99,0,Overwhelmingly Positive,5682.0,"12 Aug, 2021",Square Enix,RPG,"JRPG, RPG, Turn-Based Combat, Pixel Graphics, Party-Based RPG",Windows,2026-09-01T15:35:02.801334,1,Popular Mid-Range,8.645234541297121
2786680,"Knowledge, or know Lady",4.99,4.99,0,Overwhelmingly Positive,1118.0,"28 Mar, 2024",蒸汽满满工作室,RPG,"Sexual Content, Dating Sim, FMV, Visual Novel, Romance",Windows,2026-09-01T15:35:04.648536,3,Niche / Emerging Titles,7.020190708311925
2057760,Esoteric Ebb,8.49,8.49,0,Overwhelmingly Positive,6794.0,"3 Mar, 2026",Christoffer Bodegård,RPG,"Story Rich, Choices Matter, RPG, CRPG, Isometric",Windows,2026-09-01T15:35:06.919091,1,Popular Mid-Range,8.823942326585245
3079280,Saihate Station,0.0,0.0,0,Overwhelmingly Positive,3073.0,"7 Mar, 2025",びぶ/viv,RPG,"Psychological Horror, Visual Novel, LGBTQ+, Horror, 2D","Windows, Mac",2026-09-01T15:35:08.225860,0,Free-to-Play Powerhouses,8.03073492409854
1182620,Impostor Factory,5.49,5.49,0,Very Positive,3463.0,"30 Sep, 2021",Freebird Games,RPG,"Story Rich, Emotional, Pixel Graphics, Adventure, 2D","Windows, Mac, Linux",2026-09-01T15:35:10.398101,1,Popular Mid-Range,8.150179269682326
1147690,NGU IDLE,0.0,0.0,0,Overwhelmingly Positive,10865.0,"1 Oct, 2019",4G,RPG,"Free to Play, Incremental, Idler, Indie, Adventure",Windows,2026-09-01T15:35:12.433039,0,Free-to-Play Powerhouses,9.293393927111468
335670,LISA: The Painful,12.99,12.99,0,Overwhelmingly Positive,10028.0,"15 Dec, 2014",Dingaling Productions,RPG,"Dark Humor, RPG, Story Rich, Psychological Horror, Post-apocalyptic","Windows, Mac, Linux",2026-09-01T15:35:14.581614,1,Popular Mid-Range,9.213236175088209
"335670,336370,379310",LISA: Complete Edition,20.69299999999982,20.69299999999982,0,Overwhelmingly Positive,13996.0,,Dingaling Productions,RPG,"Dark Humor, RPG, Story Rich, Psychological Horror, Post-apocalyptic","Windows, Mac, Linux",2026-09-01T15:35:16.844564,5,Premium Blockbusters,9.546598299920646
38400,Fallout: A Post Nuclear Role Playing Game,9.99,9.99,0,Overwhelmingly Positive,11715.0,"1 Nov, 2015",Interplay Inc.,RPG,"RPG, Post-apocalyptic, Classic, Open World, Isometric",Windows,2026-09-01T15:35:18.987764,1,Popular Mid-Range,9.368710707947624
942970,Unheard - Voices of Crime,3.99,3.99,0,Very Positive,2809.0,"28 Mar, 2019",NEXT Studios,RPG,"Thriller, Mystery, Detective, Crime, Short","Windows, Mac",2026-09-01T15:35:20.841291,0,Free-to-Play Powerhouses,7.940939762327791
2161700,Persona 3 Reload,20.69299999999982,20.69299999999982,0,Overwhelmingly Positive,23190.0,"1 Feb, 2024",ATLUS,RPG,"JRPG, Anime, RPG, Party-Based RPG, Turn-Based Strategy",Windows,2026-09-01T15:35:22.689602,5,Premium Blockbusters,10.05151955135521
286160,Tabletop Simulator,8.19,8.19,0,Overwhelmingly Positive,31842.0,"5 Jun, 2015",Berserk Games,RPG,"Tabletop, Board Game, Simulation, Multiplayer, Sandbox","Windows, Mac, Linux",2026-09-01T15:35:23.706362,1,Popular Mid-Range,10.368572856625317
1562430,DREDGE,4.19,4.19,0,Overwhelmingly Positive,32418.0,"30 Mar, 2023",Black Salt Games,RPG,"Exploration, Fishing, Lovecraftian, Open World, Adventure","Windows, Mac",2026-09-01T15:35:25.862110,1,Popular Mid-Range,10.386499949656635
206440,To the Moon,5.49,5.49,0,Overwhelmingly Positive,19414.0,"7 Sep, 2012",Freebird Games,RPG,"Story Rich, Great Soundtrack, Indie, Emotional, Pixel Graphics","Windows, Mac, Linux",2026-09-01T15:35:28.004071,1,Popular Mid-Range,9.873801242165767
"206440,206450",To The Moon Game and Soundtrack Bundle,6.25,6.25,0,Overwhelmingly Positive,40274.09999999998,"7 Sep, 2012",Freebird Games,RPG,"Story Rich, Great Soundtrack, Indie, Emotional, Pixel Graphics","Windows, Mac, Linux",2026-09-01T15:35:29.741116,1,Popular Mid-Range,10.603488690971949
233860,Kenshi,4.19,4.19,0,Overwhelmingly Positive,40274.09999999998,"6 Dec, 2018",Lo-Fi Games,RPG,"Open World, Sandbox, Survival, RPG, Strategy RPG",Windows,2026-09-01T15:35:31.280901,1,Popular Mid-Range,10.603488690971949
435150,Divinity: Original Sin 2 - Definitive Edition,20.69299999999982,20.69299999999982,0,Overwhelmingly Positive,40274.09999999998,"14 Sep, 2017",Larian Studios,RPG,"RPG, Tactical RPG, Turn-Based Strategy, Story Rich, Fantasy","Windows, Mac",2026-09-01T15:35:33.329067,5,Premium Blockbusters,10.603488690971949
1560060,封神外传,3.49,3.49,0,Overwhelmingly Positive,522.0,"3 Nov, 2021",BETA,RPG,"RPG, 1990's, Romance, Story Rich, Turn-Based Combat",Windows,2026-09-01T15:35:35.575576,2,Free-to-Play Powerhouses (2),6.259581464064923
1820740,Sucker for Love: Prelude,0.0,0.0,0,Overwhelmingly Positive,530.0,"15 Dec, 2021",Akabaka,RPG,"Dating Sim, Lovecraftian, Horror, Cute, Multiple Endings",Windows,2026-09-01T15:35:37.827171,2,Free-to-Play Powerhouses (2),6.274762021241939
1601680,The Advisor - Episode 1: Royal Pain,1.89,1.89,0,Overwhelmingly Positive,597.0,"31 May, 2021",Randumb Studios,RPG,"Choose Your Own Adventure, RPG, Choices Matter, Villain Protagonist, Visual Novel",Windows,2026-09-01T15:35:39.789215,2,Free-to-Play Powerhouses (2),6.393590753950631
2850150,G-MODEアーカイブス+ ペルソナ3 アイギス THE FIRST MISSION,7.29,7.29,0,Very Positive,52.0,"5 Jun, 2024",G-MODE,RPG,"RPG, Action RPG, 3D, Anime, Pixel Graphics",Windows,2026-09-01T15:35:58.422951,3,Niche / Emerging Titles,3.970291913552122
2274410,Weird and Unfortunate Things Are Happening,0.0,0.0,0,Very Positive,183.0,"6 Feb, 2023",Sapphire Dream Games,RPG,"RPG, Female Protagonist, Horror, JRPG, Turn-Based Combat",Windows,2026-09-01T15:35:59.946730,2,Free-to-Play Powerhouses (2),5.214935757608986
1577880,LUNAR LICH/月球巫妖,1.03,1.03,0,Very Positive,84.0,"28 Sep, 2021",Unknown sol3 worker,RPG,"Puzzle, Exploration, Adventure, Thriller, Horror",Windows,2026-09-01T15:36:01.685736,2,Free-to-Play Powerhouses (2),4.442651256490317
1348180,From Frontier,7.29,7.29,0,Very Positive,358.0,"24 Jul, 2020",Doubles Core,RPG,"Sexual Content, Nudity, JRPG, Romance, Mystery Dungeon",Windows,2026-09-01T15:36:03.854277,3,Niche / Emerging Titles,5.883322388488279
2278010,Six Ages 2: Lights Going Out,12.49,12.49,0,Very Positive,164.0,"21 Aug, 2023",A Sharp,RPG,"Choices Matter, Story Rich, Turn-Based Tactics, Procedural Generation, Lore-Rich","Windows, Mac",2026-09-01T15:36:05.892840,3,Niche / Emerging Titles,5.10594547390058
1412960,Metroplex Zero: Sci-Fi Card Battler,8.19,8.19,0,Very Positive,90.0,"28 Aug, 2023",Enigma Dragons LLC,RPG,"Roguelike Deckbuilder, Turn-Based, Card Battler, Cyberpunk, Strategy","Windows, Linux",2026-09-01T15:36:07.931826,3,Niche / Emerging Titles,4.51085950651685
1539750,Realms of Antiquity: The Shattered Crown,8.2,8.2,0,Very Positive,55.0,"22 Mar, 2021",Adam Haase,RPG,"RPG, CRPG, Retro, Old School, Pixel Graphics",Windows,2026-09-01T15:36:09.773449,3,Niche / Emerging Titles,4.02535169073515
3608510,狂想！夏日盛宴,3.99,3.99,0,Very Positive,382.0,"12 Nov, 2025",Tenth Art Studio,RPG,"FMV, Dating Sim, Comedy, Casual, Emotional",Windows,2026-09-01T15:36:11.212403,3,Niche / Emerging Titles,5.948034989180646
1889890,Shinehill,4.59,4.59,0,Very Positive,257.0,"6 Mar, 2026",Peach Bite,RPG,"RPG, Pixel Graphics, Dating Sim, Story Rich, Life Sim",Windows,2026-09-01T15:36:13.359497,3,Niche / Emerging Titles,5.552959584921617
1541830,Biphase,0.0,0.0,0,Very Positive,271.0,"29 Mar, 2021",Seasun Seed,RPG,"Free to Play, Casual, Indie, Minimalist, 2D Platformer",Windows,2026-09-01T15:36:15.408774,2,Free-to-Play Powerhouses (2),5.605802066295998
2365500,不被忘记的你,0.0,0.0,0,Very Positive,272.0,"28 Apr, 2023",箱崎奈绪(Hakozaki Nao),RPG,"Free to Play, Visual Novel, Word Game, Psychological, Emotional",Windows,2026-09-01T15:36:17.186179,2,Free-to-Play Powerhouses (2),5.60947179518496
4005090,Dungeon Antiqua 2,4.99,4.99,0,Very Positive,277.0,"7 Jan, 2026",Shiromofu Factory,RPG,"RPG, JRPG, Dungeon Crawler, CRPG, Indie","Windows, Mac",2026-09-01T15:36:19.404849,3,Niche / Emerging Titles,5.627621113690637
733110,8-Bit Adventures 2,8.19,8.19,0,Very Positive,282.0,"31 Jan, 2023",Critical Games,RPG,"JRPG, Story Rich, Turn-Based, Party-Based RPG, RPG",Windows,2026-09-01T15:36:21.469222,3,Niche / Emerging Titles,5.645446897643238
1147500,A Gay's Life,2.99,2.99,0,Very Positive,285.0,"20 Nov, 2019",橙光游戏,RPG,"LGBTQ+, Indie, Casual, RPG, Strategy",Windows,2026-09-01T15:36:23.601763,2,Free-to-Play Powerhouses (2),5.655991810819852
1932680,LunarLux,3.27,3.27,0,Very Positive,293.0,"25 Sep, 2023",CosmicNobab Games,RPG,"RPG, Female Protagonist, Anime, Pixel Graphics, Sci-fi",Windows,2026-09-01T15:36:25.063332,2,Free-to-Play Powerhouses (2),5.683579767338681
3632890,Content King,6.19,6.19,0,Very Positive,293.0,"19 Mar, 2026",Usurper Studios,RPG,"Adventure, Simulation, Interactive Fiction, Sandbox, Choose Your Own Adventure",Windows,2026-09-01T15:36:26.078715,3,Niche / Emerging Titles,5.683579767338681
375130,Tin Star,6.19,6.19,0,Very Positive,298.0,"5 Jun, 2015",Hosted Games,RPG,"Indie, RPG, Choose Your Own Adventure, Western, Text-Based","Windows, Mac, Linux",2026-09-01T15:36:28.320748,3,Niche / Emerging Titles,5.700443573390687
2348650,Nine-Tailed Okitsune Tale,9.99,9.99,0,Very Positive,294.0,"21 May, 2023",ChaoGames,RPG,"RPG, Cute, Singleplayer, Action, Action RPG","Windows, Mac",2026-09-01T15:36:30.094883,3,Niche / Emerging Titles,5.68697535633982
2521400,愚人船 NARRENSCHIFF,6.0,6.0,0,Very Positive,304.0,"28 Oct, 2025",Anonymous,RPG,"RPG, Puzzle, 2D, LGBTQ+, Psychological Horror",Windows,2026-09-01T15:36:31.687327,3,Niche / Emerging Titles,5.720311776607412
1508750,Xuan-Yuan Sword: Dance of the Maple Leaves,2.99,2.99,0,Very Positive,321.0,"7 Feb, 2021",DOMO Studio,RPG,"RPG, CRPG, JRPG, Party-Based RPG, 2D Platformer",Windows,2026-09-01T15:36:33.780369,2,Free-to-Play Powerhouses (2),5.7745515455444085
573770,RED,0.0,0.0,0,Very Positive,327.0,"14 Jan, 2017",storyk21674,RPG,"Free to Play, Action, Adventure, RPG, Female Protagonist",Windows,2026-09-01T15:36:35.070966,2,Free-to-Play Powerhouses (2),5.793013608384144
1307960,Quartet,8.19,8.19,0,Very Positive,328.0,"26 Aug, 2025",Something Classic Games LLC,RPG,"Indie, JRPG, Turn-Based Combat, Linear, Lore-Rich","Windows, Mac, Linux",2026-09-01T15:36:37.115186,3,Niche / Emerging Titles,5.796057750765372
3189440,Swords & Souls Legacy Collection,5.49,5.49,0,Very Positive,328.0,"22 Jul, 2025",SoulGame Studio,RPG,"Singleplayer, Adventure, 2D, Casual, Funny","Windows, Mac",2026-09-01T15:36:38.861735,3,Niche / Emerging Titles,5.796057750765372
936190,Atelier Meruru ~The Apprentice of Arland~ DX,12.99,12.99,0,Very Positive,333.0,"3 Dec, 2018","KOEI TECMO GAMES CO., LTD.",RPG,"RPG, Anime, JRPG, Female Protagonist, Great Soundtrack",Windows,2026-09-01T15:36:40.617523,3,Niche / Emerging Titles,5.811140992976701
3027780,A Work of Art,0.0,0.0,0,Very Positive,348.0,"14 Oct, 2024",Randumb Studios,RPG,"Simulation, Visual Novel, Dark Comedy, Psychological Horror, JRPG",Windows,2026-09-01T15:36:42.750705,2,Free-to-Play Powerhouses (2),5.855071922202427
2736690,Void Sols,6.99,6.99,0,Very Positive,344.0,"12 Nov, 2024",Finite Reflection Studios,RPG,"Exploration, Difficult, Souls-like, Action RPG, Action-Adventure","Windows, Mac",2026-09-01T15:36:44.896159,3,Niche / Emerging Titles,5.84354441703136
1469620,Epic Battle Fantasy Collection,4.49,4.49,0,Very Positive,347.0,"30 May, 2022",Matt Roszak,RPG,"Singleplayer, Retro, JRPG, Action, 2D Platformer",Windows,2026-09-01T15:36:47.059686,3,Niche / Emerging Titles,5.8522024797744745
1262190,Without a Voice,0.0,0.0,0,Very Positive,352.0,"20 Mar, 2020",L³,RPG,"Free to Play, Indie, Casual, LGBTQ+, Visual Novel","Windows, Mac, Linux",2026-09-01T15:36:49.322588,2,Free-to-Play Powerhouses (2),5.8664680569332965
1929360,Tumbleweed Destiny,1.89,1.89,0,Very Positive,352.0,"31 Mar, 2022",KIMIDORI SOFT,RPG,"Incremental, Roguelite, Idler, Action-Adventure, RPG",Windows,2026-09-01T15:36:50.938696,2,Free-to-Play Powerhouses (2),5.8664680569332965
2918410,Tower of Mask,5.89,5.89,0,Very Positive,354.0,"7 Dec, 2024",Papertip Studio,RPG,"Dungeon Crawler, Survival Horror, Grid-Based Movement, Dark Fantasy, First-Person",Windows,2026-09-01T15:36:52.859657,3,Niche / Emerging Titles,5.872117789475416
2803490,Atomcraft,5.59,5.59,0,Very Positive,364.0,"22 Jul, 2026",Triplejump,RPG,"Sandbox, Crafting, Science, Simulation, Survival",Windows,2026-09-01T15:36:53.705566,3,Niche / Emerging Titles,5.8998973535824915
949600,Intergalactic Fishing,6.99,6.99,0,Very Positive,379.0,"21 Apr, 2020",Boat Anchor Games,RPG,"Fishing, RPG, Simulation, Procedural Generation, Relaxing",Windows,2026-09-01T15:36:55.549405,3,Niche / Emerging Titles,5.940171252720432
1461920,The Legend of Heroes: Ao no Kiseki KAI,20.69299999999982,20.69299999999982,0,Very Positive,380.0,"12 Jan, 2022",Nihon Falcom,RPG,"RPG, Singleplayer, JRPG, Story Rich, Turn-Based Combat",Windows,2026-09-01T15:36:57.253745,5,Premium Blockbusters,5.942799375126701
2645580,Free Stars: The Ur-Quan Masters,0.0,0.0,0,Very Positive,393.0,"19 Feb, 2024",Pistol Shrimp,RPG,"Exploration, RPG, Top-Down Shooter, Action RPG, Action-Adventure","Windows, Mac",2026-09-01T15:36:59.135380,2,Free-to-Play Powerhouses (2),5.976350909297934
502750,Quest for Glory 1-5,9.99,9.99,0,Very Positive,397.0,"29 Aug, 2016",Sierra,RPG,"Adventure, 1990's, Point & Click, Classic, Great Soundtrack",Windows,2026-09-01T15:37:01.298291,3,Niche / Emerging Titles,5.986452005284438
959750,A Book of Beasts and Buddies,0.0,0.0,0,Very Positive,409.0,"14 Nov, 2018",Squiddershins,RPG,"Free to Play, Casual, Adventure, Indie, RPG",Windows,2026-09-01T15:37:02.510975,2,Free-to-Play Powerhouses (2),6.016157159698354
2393770,"Bang Average Football – Play, Manage, Create",6.19,6.19,0,Very Positive,411.0,"10 May, 2024",ruairi dx,RPG,"Football (Soccer), Sports, RPG, Arcade, Indie","Windows, Mac, Linux",2026-09-01T15:37:04.862587,3,Niche / Emerging Titles,6.021023349349527
4240090,KunKunNest,2.49,2.49,0,Very Positive,430.0,"4 Mar, 2026",JNTM,RPG,"Horror, Thriller, Abstract, Memes, Singleplayer",Windows,2026-09-01T15:37:06.270145,2,Free-to-Play Powerhouses (2),6.066108090103747
1055760,Prince Maker美少年梦工厂3：重生,0.0,0.0,0,Very Positive,431.0,"9 May, 2019",ALFAGAME,RPG,"RPG, Indie, Simulation, Free to Play, Anime",Windows,2026-09-01T15:37:08.249802,2,Free-to-Play Powerhouses (2),6.068425588244111
2964280,Penguin Helper,1.99,1.99,0,Very Positive,460.0,"3 Sep, 2024",ArtDock,RPG,"Cute, Relaxing, Atmospheric, Open World, Nature",Windows,2026-09-01T15:37:10.415742,2,Free-to-Play Powerhouses (2),6.133398042996649
628740,Mr. Saitou,6.19,6.19,0,Very Positive,460.0,"23 Mar, 2023",Laura Shigihara,RPG,"Story Rich, Fantasy, Adventure, RPG, Pixel Graphics","Windows, Mac, Linux",2026-09-01T15:37:11.934687,3,Niche / Emerging Titles,6.133398042996649
923910,Eve of Souls: Static Pod,1.89,1.89,0,Very Positive,468.0,"4 Jun, 2019",LighTea Fish Studio,RPG,"RPG, Adventure, Indie, Horror, Early Access",Windows,2026-09-01T15:37:13.889868,2,Free-to-Play Powerhouses (2),6.150602768446279
725330,Zelle,5.39,5.39,0,Very Positive,471.0,"4 Oct, 2019",Fuming,RPG,"Adventure, Indie, RPG, Gore, Violent","Windows, Mac",2026-09-01T15:37:15.936846,3,Niche / Emerging Titles,6.156978985585555
4021870,Under the River,5.0,5.0,0,Very Positive,473.0,"5 Mar, 2026",夜火游戏（Night Fire Game）,RPG,"RPG, Visual Novel, Interactive Fiction, Word Game, JRPG",Windows,2026-09-01T15:37:17.769874,3,Niche / Emerging Titles,6.161207321695077
3687630,Such a guy,8.99,8.99,0,Very Positive,472.0,"14 Oct, 2025",SUCH ONE STUDIO,RPG,"Dating Sim, Romance, FMV, Cinematic, RPG",Windows,2026-09-01T15:37:19.929579,3,Niche / Emerging Titles,6.159095388491933
725410,𝄞Gaia's Melody: ECHOED MELODIES,3.49,3.49,0,Very Positive,50.0,"20 Oct, 2017",Echo607,RPG,"Adventure, RPG, Indie, Female Protagonist","Windows, Mac, Linux",2026-09-01T15:37:22.174438,2,Free-to-Play Powerhouses (2),3.9318256327243257
3083990,Imaginary Friend Institution,2.99,2.99,0,Very Positive,50.0,"18 Nov, 2025",Nightmare Emporium,RPG,"Horror, Exploration, Action RPG, Psychological Horror, RPG",Windows,2026-09-01T15:37:24.138417,2,Free-to-Play Powerhouses (2),3.9318256327243257
1098040,Soulscape,0.0,0.0,0,Very Positive,51.0,"26 Jul, 2019",Samu,RPG,"Free to Play, RPG",Windows,2026-09-01T15:37:25.554804,2,Free-to-Play Powerhouses (2),3.9512437185814275
4252250,电波奇缘~与时音相会的日子,1.89,1.89,0,Very Positive,52.0,"30 Mar, 2026",黎厘星游戏工作室,RPG,"Adventure, RPG, Visual Novel, Interactive Fiction, Romance",Windows,2026-09-01T15:37:26.789759,2,Free-to-Play Powerhouses (2),3.970291913552122
1501420,Novena Diabolos,7.29,7.29,0,Very Positive,52.0,"18 Nov, 2021",H5DEV Games,RPG,"Adventure, Visual Novel, RPG, Horror, Anime","Windows, Mac",2026-09-01T15:37:29.057256,3,Niche / Emerging Titles,3.970291913552122
2900050,Lost in Art: a Miniature Realm,8.09,8.09,0,Very Positive,52.0,"1 Jun, 2026",Archaic Game Studio,RPG,"Puzzle, Relaxing, Historical, Hand-drawn, Adventure","Windows, Mac",2026-09-01T15:37:30.885941,3,Niche / Emerging Titles,3.970291913552122
658050,The Dragons' Twilight,2.99,2.99,0,Very Positive,53.0,"24 Jul, 2017",G. A. Williams,RPG,"RPG, Singleplayer, Fantasy, Indie, 2D",Windows,2026-09-01T15:37:32.936518,2,Free-to-Play Powerhouses (2),3.9889840465642745
4736640,Sinheritance,3.29,3.29,0,Very Positive,53.0,"23 Jul, 2026",STIM GAMES,RPG,"Mystery, Detective, Exploration, Investigation, Puzzle",Windows,2026-09-01T15:37:34.982073,2,Free-to-Play Powerhouses (2),3.9889840465642745
2950710,Dosa Divas,9.49,9.49,0,Very Positive,53.0,"14 Apr, 2026",Outerloop Games,RPG,"JRPG, Turn-Based Combat, Cooking, RPG, Emotional",Windows,2026-09-01T15:37:36.915994,3,Niche / Emerging Titles,3.9889840465642745
1393910,Jolly Good: Cakes and Ale,6.19,6.19,0,Very Positive,53.0,"12 Nov, 2020",Choice of Games,RPG,"RPG, Interactive Fiction, Text-Based, Choices Matter, Story Rich","Windows, Mac, Linux",2026-09-01T15:37:39.299542,3,Niche / Emerging Titles,3.9889840465642745
1197520,Familia,0.0,0.0,0,Very Positive,55.0,"9 Dec, 2019",Maui Game Studio,RPG,"JRPG, RPG, Party-Based RPG, 2D, Exploration","Windows, Mac",2026-09-01T15:37:39.882858,2,Free-to-Play Powerhouses (2),4.02535169073515
1954640,真空战姬,3.99,3.99,0,Very Positive,55.0,"11 Jul, 2022",PEARFLOWER,RPG,"Adventure, Strategy, RPG, Interactive Fiction, Turn-Based Strategy",Windows,2026-09-01T15:37:41.858630,2,Free-to-Play Powerhouses (2),4.02535169073515
3703690,Felt Mansion,0.0,0.0,0,Very Positive,56.0,"12 Jun, 2025",Haeldral,RPG,"RPG, Action RPG, JRPG, Puzzle, Exploration",Windows,2026-09-01T15:37:43.779603,2,Free-to-Play Powerhouses (2),4.04305126783455
3190530,Fight For Mi,3.99,3.99,0,Very Positive,57.0,"21 Mar, 2025",Lord Blubbee,RPG,"Adventure, RPG, Interactive Fiction, Choose Your Own Adventure, Exploration","Windows, Linux",2026-09-01T15:37:45.837519,2,Free-to-Play Powerhouses (2),4.060443010546419
4015470,请你把赤色的星星织成殓尸的丧布,1.89,1.89,0,Very Positive,57.0,"11 Apr, 2026",咕咕制作组,RPG,"RPG, Dating Sim, Indie, Word Game, First-Person",Windows,2026-09-01T15:37:47.414168,2,Free-to-Play Powerhouses (2),4.060443010546419
2862970,Neural Shock,3.49,3.49,0,Very Positive,58.0,"19 Jun, 2024",Hardwired Studios,RPG,"Strategy, Action RPG, Tower Defense, Indie, RPG","Windows, Mac, Linux",2026-09-01T15:37:49.214447,2,Free-to-Play Powerhouses (2),4.07753744390572
1080990,叙事曲2：星空下的诺言 / Ballade2: the Celestial Promise,3.49,3.49,0,Very Positive,58.0,"24 May, 2019",286studio,RPG,"Adventure, RPG, Indie, Visual Novel, Dating Sim","Windows, Mac",2026-09-01T15:37:51.159404,2,Free-to-Play Powerhouses (2),4.07753744390572
2963320,Core Awaken Rurumu's will,6.49,6.49,0,Very Positive,58.0,"30 Apr, 2026",CelLab,RPG,"Action RPG, Side Scroller, Exploration, Third-Person Shooter, Action-Adventure",Windows,2026-09-01T15:37:53.243271,3,Niche / Emerging Titles,4.07753744390572
4557490,DarkStone Restoration,6.69,6.69,0,Very Positive,58.0,"23 Jun, 2026",Paul Cuisset,RPG,"RPG, Action, Action RPG, Dungeon Crawler, Hack and Slash",Windows,2026-09-01T15:37:55.080301,3,Niche / Emerging Titles,4.07753744390572
560300,Thy Sword,4.99,4.99,0,Very Positive,59.0,"14 Nov, 2017",GamePhase,RPG,"Action, RPG, Indie, Adventure, Pixel Graphics",Windows,2026-09-01T15:37:56.998592,3,Niche / Emerging Titles,4.0943445622221
4346950,John's Quest,0.0,0.0,0,Very Positive,60.0,"27 Feb, 2026",Benjamin Halko,RPG,"2D Platformer, Action RPG, Point & Click, Twin Stick Shooter, Side Scroller","Windows, Mac, Linux",2026-09-01T15:37:59.111095,2,Free-to-Play Powerhouses (2),4.110873864173311
2380780,Wyvia: Prologue,0.0,0.0,0,Very Positive,61.0,"30 Apr, 2023",Blast Programming,RPG,"Action RPG, Hack and Slash, Dungeon Crawler, JRPG, Character Customization",Windows,2026-09-01T15:38:01.188076,2,Free-to-Play Powerhouses (2),4.127134385045092
1650370,Galaxy Highways,2.74,2.74,0,Very Positive,61.0,"19 May, 2025",Nanopike,RPG,"Twin Stick Shooter, Bullet Hell, Top-Down Shooter, Action-Adventure, Difficult","Windows, Mac",2026-09-01T15:38:03.338472,2,Free-to-Play Powerhouses (2),4.127134385045092
1856600,Rewrite Harvest festa!,8.19,8.19,0,Very Positive,63.0,"14 Jul, 2025",VisualArts/Key,RPG,"Casual, RPG, Adventure, Action RPG, Dating Sim",Windows,2026-09-01T15:38:04.978829,3,Niche / Emerging Titles,4.1588830833596715
1983580,There Swings a Skull: Grim Tidings,3.99,3.99,0,Very Positive,65.0,"15 Sep, 2022",Conor Walsh,RPG,"Story Rich, Atmospheric, Dark, Pixel Graphics, Multiple Endings",Windows,2026-09-01T15:38:06.826022,2,Free-to-Play Powerhouses (2),4.189654742026425
4011790,Beast Breaker,6.99,6.99,0,Very Positive,66.0,"26 Mar, 2026",Vodeo Games,RPG,"Casual, Turn-Based Combat, Strategy, Arcade, Puzzle",Windows,2026-09-01T15:38:08.669020,3,Niche / Emerging Titles,4.204692619390966
4771880,Three Kingdoms:Yi,5.86,5.86,0,Very Positive,66.0,"23 Jun, 2026",XL Studio,RPG,"Card Battler, Roguelite, Strategy, Deckbuilding, RPG",Windows,2026-09-01T15:38:09.898326,3,Niche / Emerging Titles,4.204692619390966
719660,Monster Garden,4.99,4.99,0,Very Positive,75.0,"8 Feb, 2018",Zack Wood,RPG,"Adventure, Indie, Casual, RPG, Simulation","Windows, Mac",2026-09-01T15:38:11.026546,3,Niche / Emerging Titles,4.330733340286331
1073840,Nocked! True Tales of Robin Hood,8.19,8.19,0,Very Positive,76.0,"16 Jul, 2019",Andrew G. Schneider,RPG,"Choices Matter, Choose Your Own Adventure, Base Building, Interactive Fiction, Strategy RPG","Windows, Mac",2026-09-01T15:38:12.966831,3,Niche / Emerging Titles,4.343805421853684
3070020,Automaton Heart,6.99,6.99,0,Very Positive,78.0,"29 May, 2026",Luke Vincent,RPG,"Adventure, Action, Third-Person Shooter, RPG, Shooter","Windows, Linux",2026-09-01T15:38:14.596922,3,Niche / Emerging Titles,4.3694478524670215
1722800,Colossus - Eternal Blight,9.09,9.09,0,Very Positive,79.0,"21 Jul, 2026",RUSTIC PANDA GAMES LLC,RPG,"Early Access, Action RPG, Action, RPG, Adventure",Windows,2026-09-01T15:38:16.868576,3,Niche / Emerging Titles,4.382026634673881
2997890,Beetle Ninja,0.0,0.0,0,Very Positive,82.0,"28 Jun, 2024",ProsciuttoMan,RPG,"Singleplayer, Ninja, RPG, Story Rich, Funny",Windows,2026-09-01T15:38:18.843191,2,Free-to-Play Powerhouses (2),4.418840607796598
1636700,Wirewalk()↳,1.89,1.89,0,Very Positive,86.0,"23 Sep, 2021",debugChicken,RPG,"RPG, Dungeon Crawler, Action RPG, Action-Adventure, Female Protagonist","Windows, Mac",2026-09-01T15:38:21.155319,2,Free-to-Play Powerhouses (2),4.465908118654584
3772010,初遇时,2.49,2.49,0,Very Positive,87.0,"6 Sep, 2025",悠悠球工作室,RPG,"RPG, Simulation, Dating Sim, Visual Novel, 2D Platformer","Windows, Mac, Linux",2026-09-01T15:38:23.250595,2,Free-to-Play Powerhouses (2),4.477336814478207
2485910,Sol,0.0,0.0,0,Very Positive,88.0,"28 Nov, 2024",Nebuloid Team,RPG,"Indie, Visual Novel, Post-apocalyptic, Life Sim, Casual","Windows, Mac",2026-09-01T15:38:25.159400,2,Free-to-Play Powerhouses (2),4.48863636973214
3740360,Lia: Hacking Destiny,6.99,6.99,0,Very Positive,89.0,"13 Nov, 2025",Orube Game Studio,RPG,"Action, RPG, Platformer, Roguelike, Action Roguelike",Windows,2026-09-01T15:38:26.886588,3,Niche / Emerging Titles,4.499809670330265
3681370,ABYSSAL BLADE,2.99,2.99,0,Very Positive,92.0,"20 Jun, 2025",Vifer Games,RPG,"Souls-like, Boss Rush, Difficult, Action RPG, Hack and Slash","Windows, Mac",2026-09-01T15:38:28.436470,2,Free-to-Play Powerhouses (2),4.532599493153256
1727660,Space Yandere,0.0,0.0,0,Very Positive,94.0,"8 Oct, 2021",Horror Shop,RPG,"Cute, Emotional, Anime, Action RPG, Story Rich",Windows,2026-09-01T15:38:30.249890,2,Free-to-Play Powerhouses (2),4.553876891600541
1987060,The Journey - Episode 2: Words of Wisdom,1.29,1.29,0,Very Positive,95.0,"6 Jun, 2022",Randumb Studios,RPG,"Simulation, Choices Matter, Multiple Endings, Visual Novel, Choose Your Own Adventure",Windows,2026-09-01T15:38:32.083786,2,Free-to-Play Powerhouses (2),4.564348191467836
2189310,Letters to Arralla,7.49,7.49,0,Very Positive,96.0,"15 Sep, 2025",Little Pink Clouds,RPG,"Cozy, Adventure, Casual, RPG, Exploration",Windows,2026-09-01T15:38:33.652839,3,Niche / Emerging Titles,4.574710978503383
1486840,SantaCraft,4.49,4.49,0,Very Positive,97.0,"15 Dec, 2020",Milkbag Games,RPG,"Crafting, Sandbox, Open World, Pixel Graphics, Mining",Windows,2026-09-01T15:38:35.202906,3,Niche / Emerging Titles,4.584967478670572
1693650,COPPER ODYSSEY,2.99,2.99,0,Very Positive,97.0,"30 Jul, 2021",CAM,RPG,"RPG, Surreal, Adventure, JRPG, Abstract",Windows,2026-09-01T15:38:37.154209,2,Free-to-Play Powerhouses (2),4.584967478670572
4216280,Dverghold,8.55,8.55,0,Very Positive,97.0,"29 Jul, 2026",Team Sorgarn,RPG,"Dungeon Crawler, Party-Based RPG, Grid-Based Movement, First-Person, Turn-Based Combat",Windows,2026-09-01T15:38:38.975518,3,Niche / Emerging Titles,4.584967478670572
2477710,Nimbit Frontier,8.09,8.09,0,Very Positive,98.0,"17 Aug, 2026",Megasploot,RPG,"Early Access, Life Sim, Creature Collector, Action Roguelike, Farming Sim",Windows,2026-09-01T15:38:40.616163,3,Niche / Emerging Titles,4.59511985013459
4898630,宗门最后的长老,2.19,2.19,0,Very Positive,99.0,"24 Jul, 2026",KUMA studio,RPG,"Casual, Strategy, Tower Defense, RPG, Roguelite",Windows,2026-09-01T15:38:42.667241,2,Free-to-Play Powerhouses (2),4.605170185988092
4230120,Mute,3.99,3.99,0,Very Positive,102.0,"9 Jan, 2026",MYSTERY CROWN,RPG,"FMV, Simulation, Puzzle, Mystery, Detective","Windows, Mac",2026-09-01T15:38:43.790180,2,Free-to-Play Powerhouses (2),4.634728988229636
4782480,Flirting Goddesses by AFK,2.19,2.19,0,Very Positive,104.0,"16 Jul, 2026",God's City Days,RPG,"RPG, Casual, Idler, Nudity, Sexual Content",Windows,2026-09-01T15:38:45.735043,2,Free-to-Play Powerhouses (2),4.653960350157523
1696950,Scottside,3.29,3.29,0,Very Positive,106.0,"29 Jul, 2026",Plotline Games,RPG,"Early Access, Visual Novel, Story Rich, Interactive Fiction, Adventure",Windows,2026-09-01T15:38:47.666602,2,Free-to-Play Powerhouses (2),4.672828834461906
2292010,Earl vs. the Mutants,1.89,1.89,0,Very Positive,107.0,"18 Jul, 2024",Falling State Inc.,RPG,"Vehicular Combat, Shoot 'Em Up, Post-apocalyptic, Bullet Hell, Twin Stick Shooter",Windows,2026-09-01T15:38:49.525686,2,Free-to-Play Powerhouses (2),4.68213122712422
445040,Sorcery! Part 3,9.99,9.99,0,Very Positive,110.0,"5 Apr, 2016",inkle Ltd,RPG,"Adventure, RPG, Indie, Choose Your Own Adventure, Story Rich","Windows, Mac",2026-09-01T15:38:51.466367,3,Niche / Emerging Titles,4.709530201312334
2302080,Death of a Wish,6.99,6.99,0,Very Positive,117.0,"11 Mar, 2024",melessthanthree,RPG,"Spectacle fighter, Hack and Slash, Action RPG, Souls-like, RPG","Windows, Mac, Linux",2026-09-01T15:38:53.616120,3,Niche / Emerging Titles,4.770684624465665
3890400,Mittelland AD,4.99,4.99,0,Very Positive,117.0,"27 Oct, 2025",BKM,RPG,"Strategy, Simulation, Medieval, Economy, Management",Windows,2026-09-01T15:38:55.432850,3,Niche / Emerging Titles,4.770684624465665
1512830,黑巢姐妹,6.19,6.19,0,Very Positive,125.0,"4 Dec, 2023",StellarXiela,RPG,"RPG, Sexual Content, Hentai, JRPG, Nudity",Windows,2026-09-01T15:38:56.816172,3,Niche / Emerging Titles,4.836281906951478
2958570,Guards II: Chaos in Hell,7.29,7.29,0,Very Positive,125.0,"19 Jun, 2025",Battlecruiser Games,RPG,"Turn-Based Tactics, Tactical RPG, Dungeon Crawler, Party-Based RPG, Replay Value",Windows,2026-09-01T15:38:58.541497,3,Niche / Emerging Titles,4.836281906951478
1067440,RollingSky2,6.49,6.49,0,Very Positive,131.0,"31 Mar, 2020",Cheetah Mobile Inc.,RPG,"Casual, Racing, Action, Music, RPG",Windows,2026-09-01T15:39:00.459205,3,Niche / Emerging Titles,4.882801922586371
1363490,Dragon Spirits : Prologue,0.0,0.0,0,Very Positive,132.0,"26 Aug, 2020",FHNBHJ,RPG,"RPG, Creature Collector, Indie, Adventure, Strategy",Windows,2026-09-01T15:39:02.432370,2,Free-to-Play Powerhouses (2),4.890349128221754
504380,Detective Hayseed - Hollywood,6.99,6.99,0,Very Positive,134.0,"7 Oct, 2016",Zima software,RPG,"Adventure, Indie, RPG, Point & Click, Comedy","Windows, Mac",2026-09-01T15:39:03.882781,3,Niche / Emerging Titles,4.90527477843843
446330,Guns of Infinity,4.49,4.49,0,Very Positive,137.0,"29 Mar, 2016",Hosted Games,RPG,"Adventure, Indie, RPG, Choose Your Own Adventure, Text-Based","Windows, Mac, Linux",2026-09-01T15:39:06.395991,3,Niche / Emerging Titles,4.927253685157205
2084300,Schism,6.19,6.19,0,Very Positive,140.0,"7 Mar, 2025",Fami,RPG,"Action Roguelike, RPG, Gun Customization, Bullet Hell, Replay Value",Windows,2026-09-01T15:39:07.149332,3,Niche / Emerging Titles,4.948759890378168
1877710,Cool Kid Cody,0.0,0.0,0,Very Positive,153.0,"8 Apr, 2022",Denny Truong,RPG,"Point & Click, Story Rich, LGBTQ+, Comedy, Adventure","Windows, Mac, Linux",2026-09-01T15:39:08.682667,2,Free-to-Play Powerhouses (2),5.0369526024136295
856570,Lost Flame,6.79,6.79,0,Very Positive,165.0,"28 Mar, 2026",Bartosz Bojarowski,RPG,"Roguelike, Indie, RPG, Traditional Roguelike, Turn-Based","Windows, Linux",2026-09-01T15:39:10.626150,3,Niche / Emerging Titles,5.111987788356544
2882080,[DE:]Fanastasis,10.39,10.39,0,Very Positive,173.0,"29 Apr, 2024",Mosamosa,RPG,"Exploration, Post-apocalyptic, Nonlinear, Stealth, Dark Fantasy",Windows,2026-09-01T15:39:12.365775,3,Niche / Emerging Titles,5.159055299214529
904320,My Holiday,2.99,2.99,0,Very Positive,178.0,"21 Aug, 2018",StellarXiela,RPG,"Casual, RPG, Indie, Adventure, JRPG",Windows,2026-09-01T15:39:14.382673,2,Free-to-Play Powerhouses (2),5.187385805840755
2301510,Blackout Hospital,0.0,0.0,0,Very Positive,183.0,"17 Feb, 2023",arcadekitten,RPG,"Adventure, RPG, Puzzle, Turn-Based Tactics, 2D",Windows,2026-09-01T15:39:16.599082,2,Free-to-Play Powerhouses (2),5.214935757608986
1332990,The Hayseed Knight,8.19,8.19,0,Very Positive,185.0,"8 Dec, 2020",Maxi Molina (MaxiMJdev),RPG,"Visual Novel, Choose Your Own Adventure, Funny, Medieval, RPG","Windows, Mac, Linux",2026-09-01T15:39:18.432426,3,Niche / Emerging Titles,5.225746673713202
2429760,Johnny Rocketfingers Complete Game Collection!,0.0,0.0,0,Very Positive,189.0,"9 Jun, 2023",Ryan Khatam,RPG,"Adventure, RPG, Point & Click, Puzzle, Strategy RPG",Windows,2026-09-01T15:39:20.086476,2,Free-to-Play Powerhouses (2),5.247024072160486
2409110,REAL WEB LEGENDS: Carter's Quest,2.09,2.09,0,Very Positive,208.0,"2 Aug, 2024",Goba,RPG,"Spectacle fighter, Hack and Slash, Action-Adventure, RPG, Souls-like",Windows,2026-09-01T15:39:21.915739,2,Free-to-Play Powerhouses (2),5.342334251964811
3039020,Dreamline 404,0.0,0.0,0,Very Positive,213.0,"28 Oct, 2024",Daydreamin Blu,RPG,"Simulation, Retro, Psychedelic, Atmospheric, Puzzle",Windows,2026-09-01T15:39:23.416055,2,Free-to-Play Powerhouses (2),5.365976015021851
3067950,皇帝游戏：天下-皇游天下,4.99,4.99,0,Very Positive,214.0,"2 Mar, 2026",OTTOCOM,RPG,"Indie, Deckbuilding, Strategy, Card Game, Turn-Based Strategy",Windows,2026-09-01T15:39:25.282529,3,Niche / Emerging Titles,5.3706380281276624
4654940,斗笠江湖,0.0,0.0,0,Very Positive,225.0,"15 Jul, 2026",斗笠江湖项目组,RPG,"RPG, Action RPG, RTS, Real Time Tactics, Tactical RPG",Windows,2026-09-01T15:39:27.332288,2,Free-to-Play Powerhouses (2),5.420534999272286
3757560,恋与未歇之雨,0.0,0.0,0,Very Positive,225.0,"14 Sep, 2025",Mirreams,RPG,"RPG, Visual Novel, Dating Sim, Capitalism, Cute",Windows,2026-09-01T15:39:29.032335,2,Free-to-Play Powerhouses (2),5.420534999272286
2092620,The Dark Egg Demo,0.0,0.0,0,Very Positive,227.0,"28 Aug, 2022",Transcend Pixels,RPG,"Exploration, Choose Your Own Adventure, Immersive Sim, Puzzle, Interactive Fiction",Windows,2026-09-01T15:39:31.155248,2,Free-to-Play Powerhouses (2),5.429345628954441
1617220,Thirsty Suitors,6.99,6.99,0,Very Positive,230.0,"2 Nov, 2023",Outerloop Games,RPG,"Adventure, RPG, Action, LGBTQ+, Action-Adventure",Windows,2026-09-01T15:39:33.448996,3,Niche / Emerging Titles,5.442417710521793
3247030,Rhell: Warped Worlds & Troubled Times,6.99,6.99,0,Very Positive,234.0,"12 Mar, 2026",SlugGlove,RPG,"Metroidvania, Puzzle, Exploration, Simulation, Mystery","Windows, Linux",2026-09-01T15:39:35.298797,3,Niche / Emerging Titles,5.459585514144159
2953560,小松穿越记 Wanna Wake up?,0.0,0.0,0,Very Positive,256.0,"4 Jul, 2024",嗑学养生,RPG,"Casual, LGBTQ+, Romance, Visual Novel, Dating Sim",Windows,2026-09-01T15:39:36.548811,2,Free-to-Play Powerhouses (2),5.54907608489522
1848960,Medieval Fantasy Survival Simulator,0.77,0.77,0,Very Positive,252.0,"24 Feb, 2022",Randumb Studios,RPG,"Simulation, Choose Your Own Adventure, Choices Matter, Multiple Endings, Visual Novel",Windows,2026-09-01T15:39:38.000149,2,Free-to-Play Powerhouses (2),5.53338948872752
415920,Voidspire Tactics,6.99,6.99,0,Very Positive,271.0,"2 Nov, 2015",Rad Codex,RPG,"RPG, Indie, Strategy, Turn-Based Tactics, Tactical RPG",Windows,2026-09-01T15:39:39.798821,3,Niche / Emerging Titles,5.605802066295998
1788780,VenusBlood HOLLOW International,14.99,14.99,0,Very Positive,286.0,"6 Jan, 2022",Ninetail,RPG,"Visual Novel, Strategy RPG, Turn-Based Strategy, Story Rich, Dark Fantasy",Windows,2026-09-01T15:39:40.815388,5,Premium Blockbusters,5.659482215759621
2543030,Midnight Ramen,3.59,3.59,0,Very Positive,291.0,"23 Jul, 2024",Cointinue Games,RPG,"Visual Novel, Story Rich, Dialogue Heavy, Cooking, Emotional",Windows,2026-09-01T15:39:43.181815,2,Free-to-Play Powerhouses (2),5.676753802268282
3800850,Sakura Gozen,7.49,7.49,0,Very Positive,319.0,"13 Feb, 2026",kaniheadcrab,RPG,"Sexual Content, Nudity, Anime, Side Scroller, Funny",Windows,2026-09-01T15:39:44.231582,3,Niche / Emerging Titles,5.768320995793772
2116510,Creepy Redneck Dinosaur Mansion 3,6.16,6.16,0,Very Positive,338.0,"22 Apr, 2025",Strange Scaffold,RPG,"Puzzle, Exploration, Mystery, Investigation, Singleplayer",Windows,2026-09-01T15:39:46.415405,3,Niche / Emerging Titles,5.82600010738045
2657850,Cozy Space Survivors,1.89,1.89,0,Very Positive,340.0,"3 May, 2024",simonschreibt,RPG,"Action Roguelike, Exploration, Top-Down Shooter, Roguelite, Space Sim","Windows, Mac, Linux",2026-09-01T15:39:47.998324,2,Free-to-Play Powerhouses (2),5.831882477283517
2411590,SWOLLEN TO BURSTING UNTIL I AM DISAPPEARING ON PURPOSE,0.0,0.0,0,Very Positive,344.0,"28 Aug, 2023",DECEMBER 7TH CREATIVE BUSINESS CORPORATION,RPG,"Exploration, RPG, Collectathon, Life Sim, Walking Simulator",Windows,2026-09-01T15:39:49.515289,2,Free-to-Play Powerhouses (2),5.84354441703136
522040,Princess Remedy 2: In A Heap of Trouble,5.49,5.49,0,Very Positive,351.0,"8 Sep, 2016",Ludosity,RPG,"Indie, Female Protagonist, Action, Retro, RPG","Windows, Mac, Linux",2026-09-01T15:39:50.881718,3,Niche / Emerging Titles,5.863631175598097
1679510,Plushie from the Sky,6.19,6.19,0,Very Positive,362.0,"6 May, 2024",fishwind,RPG,"Action RPG, Action, Souls-like, Adventure, RPG",Windows,2026-09-01T15:39:52.698582,3,Niche / Emerging Titles,5.8944028342648505
2001340,Fuga: Melodies of Steel 2,20.69299999999982,20.69299999999982,0,Very Positive,358.0,"10 May, 2023",CyberConnect2,RPG,"RPG, JRPG, Strategy, Turn-Based Tactics, Tactical RPG",Windows,2026-09-01T15:39:54.906505,5,Premium Blockbusters,5.883322388488279
2571880,Free Will,0.0,0.0,0,Very Positive,380.0,"7 May, 2024",Kipps In A Box,RPG,"RPG, Psychological, Puzzle, Indie, Story Rich",Windows,2026-09-01T15:39:56.515385,2,Free-to-Play Powerhouses (2),5.942799375126701
1801230,Cemetery Mary,0.0,0.0,0,Very Positive,381.0,"29 Dec, 2021",arcadekitten,RPG,"Visual Novel, RPG, Choose Your Own Adventure, Female Protagonist, 2D","Windows, Mac, Linux",2026-09-01T15:39:58.282036,2,Free-to-Play Powerhouses (2),5.945420608606575
1095260,Airtight City 密闭之城1.0,1.29,1.29,0,Very Positive,392.0,"8 Jul, 2021",豆丁儿独立游戏工作室,RPG,"Third-Person Shooter, Gore, Female Protagonist, Horror, Action",Windows,2026-09-01T15:39:59.748409,2,Free-to-Play Powerhouses (2),5.973809611869261
2076260,Slaughter Horse 2,3.49,3.49,0,Very Positive,393.0,"5 Dec, 2022",Catfood McFly,RPG,"Early Access, Tactical RPG, Turn-Based Tactics, Roguelite, Strategy RPG",Windows,2026-09-01T15:40:01.514819,2,Free-to-Play Powerhouses (2),5.976350909297934
883590,Nocturne: Prelude,0.0,0.0,0,Very Positive,398.0,"3 Mar, 2020",Pracy Studios,RPG,"JRPG, Rhythm, PvE, RPG, 2D",Windows,2026-09-01T15:40:03.213486,2,Free-to-Play Powerhouses (2),5.988961416889864
2794830,Cinnabunny,8.49,8.49,0,Very Positive,402.0,"19 Feb, 2025",Reky Studios,RPG,"Casual, Cute, RPG, Simulation, Life Sim",Windows,2026-09-01T15:40:03.848137,3,Niche / Emerging Titles,5.998936561946683
2461780,网瘾少年2005 Internet addicted youth 2005,1.3,1.3,0,Very Positive,426.0,"3 Oct, 2023",KayKay工作室,RPG,"RPG, Story Rich, Pixel Graphics, Action-Adventure, Mystery",Windows,2026-09-01T15:40:05.198265,2,Free-to-Play Powerhouses (2),6.056784013228625
800620,Fallen Hero: Rebirth,3.99,3.99,0,Very Positive,455.0,"15 Mar, 2018",Hosted Games,RPG,"Text-Based, Indie, Adventure, RPG, Choose Your Own Adventure","Windows, Mac, Linux",2026-09-01T15:40:07.714842,3,Niche / Emerging Titles,6.1224928095143865
1172980,绮罗四时谭,0.0,0.0,0,Very Positive,458.0,"5 Nov, 2019",EveRecord,RPG,"Free to Play, RPG, Adventure, Indie, Anime",Windows,2026-09-01T15:40:08.765121,2,Free-to-Play Powerhouses (2),6.129050210060545
2106810,The Forest of Drizzling Rain,7.29,7.29,0,Very Positive,470.0,"16 Nov, 2022",Makoto Sanada,RPG,"RPG, Adventure, Horror, 2D, Pixel Graphics","Windows, Mac",2026-09-01T15:40:10.420108,3,Niche / Emerging Titles,6.154858094016418
3995110,女儿国的诅咒 The Curse of Womanland,6.95,6.95,0,Very Positive,479.0,"15 May, 2026",符离游戏（FuliGames）,RPG,"Adventure, Visual Novel, Dating Sim, Word Game, Interactive Fiction",Windows,2026-09-01T15:40:11.931890,3,Niche / Emerging Titles,6.173786103901937
4384120,Worthy or Not,3.99,3.99,0,Very Positive,473.0,"18 Apr, 2026",MYSTERY CROWN,RPG,"FMV, Simulation, Multiple Endings, Casual, Romance","Windows, Mac",2026-09-01T15:40:14.069647,3,Niche / Emerging Titles,6.161207321695077
1587260,Way Back Witness,2.99,2.99,0,Very Positive,67.0,"29 May, 2021",青椒,RPG,"RPG, Adventure, Story Rich, Turn-Based Combat, Singleplayer",Windows,2026-09-01T15:40:15.598255,2,Free-to-Play Powerhouses (2),4.219507705176107
2778760,Neoproxima,6.49,6.49,0,Very Positive,68.0,"25 Mar, 2024",Lonestone Studio,RPG,"Narrative, Sci-fi, Point & Click, Mystery, Story Rich",Windows,2026-09-01T15:40:16.797687,3,Niche / Emerging Titles,4.23410650459726
3475770,Meta Card Backpack Legend,2.46,2.46,0,Very Positive,68.0,"19 Mar, 2026",KY Games,RPG,"Roguelike, Deckbuilding, Inventory Management, Strategy, RPG",Windows,2026-09-01T15:40:18.398160,2,Free-to-Play Powerhouses (2),4.23410650459726
2442440,No Delivery,1.46,1.46,0,Very Positive,68.0,"11 Jun, 2023",oates,RPG,"Horror, Survival Horror, Pixel Graphics, Roguelike, RPG",Windows,2026-09-01T15:40:19.268754,2,Free-to-Play Powerhouses (2),4.23410650459726
4563320,The Immortal Is Watching,0.0,0.0,0,Very Positive,69.0,"16 Apr, 2026",【方式】,RPG,"RPG, Female Protagonist, Word Game, 2D, Multiple Endings",Windows,2026-09-01T15:40:21.398111,2,Free-to-Play Powerhouses (2),4.248495242049359
3363040,Flan's BN,3.49,3.49,0,Very Positive,77.0,"12 Feb, 2026",Geism,RPG,"Indie, Strategy, Card Game, Dynamic Narration, Deckbuilding",Windows,2026-09-01T15:40:23.498123,2,Free-to-Play Powerhouses (2),4.356708826689592
3875890,Darkway: Murder of King Mere,4.49,4.49,0,Very Positive,77.0,"19 Dec, 2025",IM/MORTAL Studios,RPG,"Story Rich, Exploration, Dark Fantasy, Snow, Puzzle Platformer","Windows, Mac",2026-09-01T15:40:24.439931,3,Niche / Emerging Titles,4.356708826689592
2918520,Dragon Spirits 2 : Prologue,0.0,0.0,0,Very Positive,78.0,"29 Jul, 2024",FHNBHJ,RPG,"Adventure, Creature Collector, Dragons, RPG, Collectathon",Windows,2026-09-01T15:40:26.497870,2,Free-to-Play Powerhouses (2),4.3694478524670215
2324070,文字遊戯 第零章(日本語版),0.0,0.0,0,Very Positive,78.0,"13 Jul, 2023",Team9,RPG,"Indie, Minimalist, Pixel Graphics, RPG, Story Rich","Windows, Mac",2026-09-01T15:40:28.797899,2,Free-to-Play Powerhouses (2),4.3694478524670215
3689140,Contraindication,0.0,0.0,0,Very Positive,81.0,"8 May, 2025",Static Remains,RPG,"RPG, Visual Novel, Psychological Horror, Point & Click, Exploration",Windows,2026-09-01T15:40:30.781066,2,Free-to-Play Powerhouses (2),4.406719247264253
2586000,Endless RPG - Untold Tales,2.75,2.75,0,Very Positive,86.0,"1 Aug, 2025",Kezarus,RPG,"Turn-Based Tactics, Sandbox, Party-Based RPG, Character Customization, RPG",Windows,2026-09-01T15:40:32.731361,2,Free-to-Play Powerhouses (2),4.465908118654584
1777280,惊险极速,4.69,4.69,0,Very Positive,91.0,"29 Nov, 2021",个人,RPG,"MOBA, PvP, Casual, Combat Racing, Battle Royale",Windows,2026-09-01T15:40:34.752229,3,Niche / Emerging Titles,4.5217885770490405
1711420,Queer Man Peering Into A Rock Pool.jpg,5.49,5.49,0,Very Positive,92.0,"13 Jul, 2022",Fuzzy Ghost,RPG,"Walking Simulator, LGBTQ+, Surreal, Transhumanism, Atmospheric","Windows, Mac",2026-09-01T15:40:36.864795,3,Niche / Emerging Titles,4.532599493153256
3071120,IZGUB 2001,2.49,2.49,0,Very Positive,103.0,"2 Sep, 2024",Dbrhdk,RPG,"Adventure, RPG, Visual Novel, Interactive Fiction, 2D",Windows,2026-09-01T15:40:39.083558,2,Free-to-Play Powerhouses (2),4.6443908991413725
1970450,Desert Blossom,4.99,4.99,0,Very Positive,104.0,"17 Nov, 2023",ZH RPG制作组,RPG,"2D Platformer, JRPG, Female Protagonist, LGBTQ+, Pixel Graphics",Windows,2026-09-01T15:40:41.380993,3,Niche / Emerging Titles,4.653960350157523
4056300,King's Lynn Leisure Farm,0.0,0.0,0,Very Positive,105.0,"11 Apr, 2026",LaoO Studio,RPG,"Simulation, Casual, Funny, Life Sim, 2D",Windows,2026-09-01T15:40:43.116709,2,Free-to-Play Powerhouses (2),4.663439094112067
3454520,Death Drive,0.0,0.0,0,Very Positive,105.0,"31 Oct, 2025",LunaticMoon,RPG,"Choose Your Own Adventure, Visual Novel, RPG, 2D, Noir",Windows,2026-09-01T15:40:44.523751,2,Free-to-Play Powerhouses (2),4.663439094112067
1985710,A War of a Madman's Making,0.0,0.0,0,Very Positive,117.0,"7 Mar, 2024",Witching Metal Prod.,RPG,"Adventure, Interactive Fiction, Choose Your Own Adventure, Visual Novel, War",Windows,2026-09-01T15:40:46.532167,2,Free-to-Play Powerhouses (2),4.770684624465665
3390890,UCOPIA,0.0,0.0,0,Very Positive,120.0,"4 Jan, 2025",YunTYB,RPG,"Multiple Endings, Interactive Fiction, Anime, Funny, Psychological Horror",Windows,2026-09-01T15:40:48.597473,2,Free-to-Play Powerhouses (2),4.795790545596741
1345470,Lockheart Indigo,0.0,0.0,0,Very Positive,140.0,"31 Jul, 2020",Fangsoft,RPG,"RPG, 2D, Action-Adventure, Noir, Detective",Windows,2026-09-01T15:40:50.680776,2,Free-to-Play Powerhouses (2),4.948759890378168
3386700,Cobble: The Stone Forager,0.0,0.0,0,Very Positive,145.0,"14 Mar, 2025",Twenty Lenses,RPG,"Exploration, Nature, 2D, Cute, Top-Down",Windows,2026-09-01T15:40:52.597310,2,Free-to-Play Powerhouses (2),4.983606621708336
1327020,亭上满月映西枝~The Forever Moon,1.29,1.29,0,Very Positive,147.0,"12 Jun, 2020",凝冰剑斩,RPG,"RPG, Indie, Adventure, Faith, Female Protagonist",Windows,2026-09-01T15:40:54.815869,2,Free-to-Play Powerhouses (2),4.997212273764115
4131900,Heartbeat House: Hong Kong,4.49,4.49,0,Very Positive,152.0,"9 Jan, 2026",Genuine Studio,RPG,"Dating Sim, Visual Novel, Romance, Choices Matter, Multiple Endings",Windows,2026-09-01T15:40:56.897343,3,Niche / Emerging Titles,5.030437921392435
2143050,Red Line,5.49,5.49,0,Very Positive,154.0,"20 Jul, 2023",Rolling Cat Studio,RPG,"RPG, Puzzle, Mystery, Thriller, Psychological Horror","Windows, Mac",2026-09-01T15:40:59.363845,3,Niche / Emerging Titles,5.043425116919247
2110840,Legends of Amberland II: The Song of Trees,8.19,8.19,0,Very Positive,155.0,"5 Dec, 2023",Silver Lemur Games,RPG,"CRPG, Dungeon Crawler, Exploration, Turn-Based, Party-Based RPG",Windows,2026-09-01T15:41:00.187374,3,Niche / Emerging Titles,5.049856007249537
2169800,Lam Lam,0.0,0.0,0,Very Positive,163.0,"11 Nov, 2022",菠蘿,RPG,"RPG, Visual Novel, Interactive Fiction, Word Game, 2D Platformer","Windows, Mac",2026-09-01T15:41:01.666517,2,Free-to-Play Powerhouses (2),5.099866427824199
2015700,东方心之解束~Saving from the devil,2.09,2.09,0,Very Positive,168.0,"11 Jul, 2022",咲熠,RPG,"Puzzle, Anime, Cute, Horror, Adventure",Windows,2026-09-01T15:41:03.563775,2,Free-to-Play Powerhouses (2),5.1298987149230735
4297760,Take a Hint,0.0,0.0,0,Very Positive,174.0,"2 Mar, 2026",Floramisu,RPG,"Visual Novel, Dialogue Heavy, Comic Book, RPG, Multiple Endings",Windows,2026-09-01T15:41:05.713621,2,Free-to-Play Powerhouses (2),5.1647859739235145
2572340,Franzen,0.0,0.0,0,Very Positive,180.0,"13 Sep, 2023",Scumhead,RPG,"RPG, Turn-Based Tactics, JRPG, Steampunk, Lore-Rich",Windows,2026-09-01T15:41:07.832125,2,Free-to-Play Powerhouses (2),5.198497031265826
4247760,Angel Clicker,2.69,2.69,0,Very Positive,182.0,"15 Apr, 2026",oldflowerGames,RPG,"Strategy, Incremental, Idler, RPG, Resource Management","Windows, Mac",2026-09-01T15:41:10.080314,2,Free-to-Play Powerhouses (2),5.209486152841421
1446920,SneakyDoggie,0.0,0.0,0,Very Positive,184.0,"10 Nov, 2025",鲨拉曼达,RPG,"Dogs, Incremental, Casual, Cute, Cartoony","Windows, Mac, Linux",2026-09-01T15:41:11.915228,2,Free-to-Play Powerhouses (2),5.220355825078324
1625230,NOeSIS Ⅱ-人间无常「重置版」,1.89,1.89,0,Very Positive,198.0,"25 Feb, 2023",Red × Balloon,RPG,"Anime, Cute, FPS, Casual, RPG","Windows, Linux",2026-09-01T15:41:13.681927,2,Free-to-Play Powerhouses (2),5.293304824724492
2851770,Purgatory -NARAKU-,1.86,1.86,0,Very Positive,215.0,"27 Jun, 2024",Nama,RPG,"Adventure, Gore, JRPG, 2D Platformer, Horror",Windows,2026-09-01T15:41:15.796833,2,Free-to-Play Powerhouses (2),5.375278407684165
3807550,Mycopsychosys: Remastered,2.99,2.99,0,Very Positive,222.0,"7 Aug, 2025",DeltaCat Studio,RPG,"Horror, Visual Novel, RPG, Survival Horror, Casual",Windows,2026-09-01T15:41:17.530084,2,Free-to-Play Powerhouses (2),5.407171771460119
2109010,求闻编年史 ～ Gensokyo Recollection,0.0,0.0,0,Very Positive,234.0,"23 Aug, 2022",Forever Shrine,RPG,"Early Access, RPG, Strategy RPG, Interactive Fiction, Adventure",Windows,2026-09-01T15:41:19.330133,2,Free-to-Play Powerhouses (2),5.459585514144159
684000,Wooden Ocean,8.19,8.19,0,Very Positive,239.0,"10 Jun, 2020",Leif Ian Anderson,RPG,"RPG, Open World, Indie, Surreal, Atmospheric",Windows,2026-09-01T15:41:20.763126,3,Niche / Emerging Titles,5.480638923341991
486380,Shigatari,1.89,1.89,0,Very Positive,273.0,"25 Aug, 2017",Super Legit Games,RPG,"RPG, Indie, Roguelike, Turn-Based Combat, Historical","Windows, Mac, Linux",2026-09-01T15:41:22.330073,2,Free-to-Play Powerhouses (2),5.6131281063880705
3675470,The Aquarium does not dance Special Edition,10.49,10.49,0,Very Positive,275.0,"31 Jul, 2025",橙々,RPG,"Female Protagonist, Pixel Graphics, Horror, RPG, Cute",Windows,2026-09-01T15:41:24.363297,3,Niche / Emerging Titles,5.62040086571715
1562920,7 Years From Now,5.49,5.49,0,Very Positive,279.0,"17 Jun, 2021",fumi,RPG,"Adventure, Voxel, Story Rich, Indie, Pixel Graphics",Windows,2026-09-01T15:41:25.662063,3,Niche / Emerging Titles,5.634789603169249
2197490,White Mourning: Museum In Pale,0.0,0.0,0,Very Positive,302.0,"18 Dec, 2022",Sykine,RPG,"RPG, Exploration, Pixel Graphics, Casual, Open World",Windows,2026-09-01T15:41:27.963548,2,Free-to-Play Powerhouses (2),5.713732805509369
959410,The Endless Empty,2.49,2.49,0,Very Positive,308.0,"3 Nov, 2018",Erik Sheader-Smith,RPG,"RPG, Indie, Adventure, Surreal, Psychedelic",Windows,2026-09-01T15:41:29.993016,2,Free-to-Play Powerhouses (2),5.733341276897746
4177730,"NICE TO MEET YOU, AGAIN",12.49,12.49,0,Very Positive,331.0,"21 May, 2026",Purple Software,RPG,"Casual, RPG, Dating Sim, Visual Novel, Anime",Windows,2026-09-01T15:41:31.780750,3,Niche / Emerging Titles,5.805134968916488
1828630,幻想枝魂 Soul Fantasy,0.0,0.0,0,Very Positive,403.0,"31 Dec, 2021",枝江幻想社,RPG,"RPG, Adventure, Turn-Based Strategy, 2D, Turn-Based Tactics",Windows,2026-09-01T15:41:33.801380,2,Free-to-Play Powerhouses (2),6.0014148779611505
3100210,My Sweet! Housemate,1.99,1.99,0,Very Positive,396.0,"27 Aug, 2024",sourmilk,RPG,"RPG, Visual Novel, Simulation, Comedy, Dark Humor","Windows, Mac, Linux",2026-09-01T15:41:35.931896,2,Free-to-Play Powerhouses (2),5.983936280687191
1478410,像素男友 语音完整版,2.49,2.49,0,Very Positive,412.0,"24 Dec, 2020",HIROKO IMAKI,RPG,"RPG, Word Game, Dating Sim, Funny, Pixel Graphics",Windows,2026-09-01T15:41:37.779995,2,Free-to-Play Powerhouses (2),6.023447592961033
1252320,Touhou Kikamu ~ Elegant Impermanence of Sakura,6.79,6.79,0,Very Positive,417.0,"16 Apr, 2020",东方祈华梦制作组,RPG,"Indie, Bullet Hell, Faith, Casual, Anime",Windows,2026-09-01T15:41:39.795376,3,Niche / Emerging Titles,6.035481432524756
2184130,MareQuest,0.0,0.0,0,Very Positive,449.0,"1 Dec, 2022",ElectroKaplosion LLC,RPG,"Adventure, RPG, Action Roguelike, Action-Adventure, Choose Your Own Adventure",Windows,2026-09-01T15:41:41.982266,2,Free-to-Play Powerhouses (2),6.1092475827643655
1278360,Clam Man 2: Open Mic,0.0,0.0,0,Very Positive,459.0,"19 Jun, 2020",Sideby Interactive,RPG,"CRPG, RPG, Funny, Choices Matter, Story Rich","Windows, Mac, Linux",2026-09-01T15:41:43.614064,2,Free-to-Play Powerhouses (2),6.131226489483141
2456860,The Last Train,0.0,0.0,0,Very Positive,483.0,"29 Nov, 2023",Carbontea,RPG,"Pixel Graphics, Story Rich, Trains, Adventure, Atmospheric",Windows,2026-09-01T15:41:45.745015,2,Free-to-Play Powerhouses (2),6.182084906716632
3823520,Legends of Amberland III: The Crimson Tower,8.19,8.19,0,Very Positive,52.0,"2 Mar, 2026",Silver Lemur Games,RPG,"RPG, Party-Based RPG, Dungeon Crawler, CRPG, Grid-Based Movement",Windows,2026-09-01T15:41:47.912497,3,Niche / Emerging Titles,3.970291913552122
3014090,Get Up In The Night,6.99,6.99,0,Very Positive,53.0,"7 Jan, 2026",GUITN Studio,RPG,"RPG, Casual, Story Rich, Action RPG, Sci-fi",Windows,2026-09-01T15:41:49.098084,3,Niche / Emerging Titles,3.9889840465642745
1548350,Weirdlands,8.19,8.19,0,Very Positive,53.0,"7 Dec, 2024",Martin Mejak,RPG,"JRPG, Story Rich, Lore-Rich, Indie, Anime",Windows,2026-09-01T15:41:51.213762,3,Niche / Emerging Titles,3.9889840465642745
4566700,how to kill a fly [ H2KAF ],5.34,5.34,0,Very Positive,52.0,"20 Aug, 2026",Radtel Collective,RPG,"Cyberpunk, Puzzle, Story Rich, Capitalism, Immersive Sim",Windows,2026-09-01T15:41:53.408217,3,Niche / Emerging Titles,3.970291913552122
3427740,Sounds of Her Love 2,0.0,0.0,0,Very Positive,54.0,"20 Jun, 2025",ds-sans,RPG,"Adventure, Casual, RPG, Simulation, Dating Sim","Windows, Mac, Linux",2026-09-01T15:41:54.846580,2,Free-to-Play Powerhouses (2),4.007333185232471
3358270,Galeid.,0.0,0.0,0,Very Positive,55.0,"23 Dec, 2024",upa=宇羽,RPG,"RPG, Pixel Graphics, Cute, Horror, Atmospheric",Windows,2026-09-01T15:41:56.737377,2,Free-to-Play Powerhouses (2),4.02535169073515
2876050,宠物街金鱼姬 Pet Street Story,3.99,3.99,0,Very Positive,58.0,"19 Aug, 2026",小鲤应援会,RPG,"Simulation, RPG, Visual Novel, Card Battler, Creature Collector",Windows,2026-09-01T15:41:58.469968,2,Free-to-Play Powerhouses (2),4.07753744390572
3294060,AN OUTLAND VILLAGE,0.0,0.0,0,Very Positive,60.0,"8 Jan, 2025",BIG ONE PARK,RPG,"RPG, Interactive Fiction, Point & Click, Design & Illustration, 2D Platformer",Windows,2026-09-01T15:42:00.595612,2,Free-to-Play Powerhouses (2),4.110873864173311
2840890,Nekokami - The Human Restoration Project,6.49,6.49,0,Very Positive,62.0,"13 Apr, 2026",Rocket-in-Bottle,RPG,"Cute, Colorful, Story Rich, Nature, Immersive Sim",Windows,2026-09-01T15:42:03.073599,3,Niche / Emerging Titles,4.143134726391533
3350160,海子 UMIKO,0.0,0.0,0,Very Positive,69.0,"24 Sep, 2025",盾构机 Tunnel Boring Machine,RPG,"Exploration, Interactive Fiction, Word Game, Visual Novel, RPG",Windows,2026-09-01T15:42:04.230241,2,Free-to-Play Powerhouses (2),4.248495242049359
769680,愛神餐館2,11.99,11.99,0,Very Positive,70.0,"29 Dec, 2017",Firedog Creative Company Limited,RPG,"Simulation, RPG, Anime",Windows,2026-09-01T15:42:06.182928,3,Niche / Emerging Titles,4.2626798770413155
3670630,Besmirch,5.03,5.03,0,Very Positive,75.0,"11 May, 2026",Gangru Games,RPG,"Early Access, Farming Sim, Horror, Management, RPG",Windows,2026-09-01T15:42:08.729604,3,Niche / Emerging Titles,4.330733340286331
3640750,This is Interesting,3.99,3.99,0,Very Positive,76.0,"21 Apr, 2025",Scott Jund,RPG,"Exploration, Roguelite, RPG, Puzzle, Psychological Horror",Windows,2026-09-01T15:42:10.846316,2,Free-to-Play Powerhouses (2),4.343805421853684
2174900,The Secret of Varonis,6.79,6.79,0,Very Positive,76.0,"1 Mar, 2024",Wombat Logic,RPG,"RPG, Retro, Pixel Graphics, Party-Based RPG, Turn-Based Strategy","Windows, Mac",2026-09-01T15:42:12.709100,3,Niche / Emerging Titles,4.343805421853684
2144220,DUNGEON ARTIFACT,5.49,5.49,0,Very Positive,152.0,"3 Apr, 2024",いとこん,RPG,"Early Access, Card Battler, Turn-Based Tactics, Card Game, Roguelike",Windows,2026-09-01T15:42:29.725012,3,Niche / Emerging Titles,5.030437921392435
2088680,天香与小百合 - Tinheung & Sayuri,0.9,0.9,0,Very Positive,95.0,"5 Aug, 2022",柚原堂,RPG,"RPG, Female Protagonist, LGBTQ+, Interactive Fiction, Visual Novel",Windows,2026-09-01T15:42:31.294968,2,Free-to-Play Powerhouses (2),4.564348191467836
1830270,Vanildo's Journey,0.0,0.0,0,Very Positive,64.0,"9 May, 2022",Paulo Sacilotti Junior,RPG,"Funny, Story Rich, Lore-Rich, Psychological Horror, RPG","Windows, Mac",2026-09-01T15:42:32.661643,2,Free-to-Play Powerhouses (2),4.174387269895637
6910,Deus Ex: Game of the Year Edition,4.99,4.99,0,Overwhelmingly Positive,10473.0,"29 Mar, 2007",Ion Storm,RPG,"Cyberpunk, RPG, Stealth, Immersive Sim, Classic",Windows,2026-09-01T15:42:34.361640,1,Popular Mid-Range,9.256651274839433
1494810,Mortal Sin,5.77,5.77,0,Very Positive,4579.0,"29 Aug, 2025",Nikola Todorovic,RPG,"First-Person, Action Roguelike, Dungeon Crawler, Hack and Slash, RPG",Windows,2026-09-01T15:42:36.776794,1,Popular Mid-Range,8.429454277108231
1333200,Song of Nunu: A League of Legends Story,10.49,10.49,0,Very Positive,1066.0,"1 Nov, 2023",Tequila Works,RPG,"Adventure, Story Rich, Exploration, Puzzle, Fantasy",Windows,2026-09-01T15:42:38.292461,1,Popular Mid-Range,6.9726062513017535
1351630,Ys IX: Monstrum Nox,20.69299999999982,20.69299999999982,0,Very Positive,1765.0,"6 Jul, 2021",Nihon Falcom,RPG,"JRPG, Action, Action RPG, Story Rich, RPG",Windows,2026-09-01T15:42:40.699875,5,Premium Blockbusters,7.476472381163905
925440,神社的百合香 ~ Floral Aroma in the Shrine,0.9,0.9,0,Very Positive,802.0,"30 Sep, 2018",凝冰剑斩,RPG,"Indie, RPG, Faith, Visual Novel, Female Protagonist",Windows,2026-09-01T15:42:42.112445,0,Free-to-Play Powerhouses,6.688354713946762
2647820,Ad Fundum,3.99,3.99,0,Very Positive,422.0,"13 Jun, 2024",Oldbut Gold,RPG,"Mining, Collectathon, Underground, Steampunk, Mechs","Windows, Mac, Linux",2026-09-01T15:42:44.027417,3,Niche / Emerging Titles,6.0473721790462776
2447980,Crown Gambit,7.79,7.79,0,Very Positive,419.0,"18 Jun, 2025",WILD WITS GAMES,RPG,"Story Rich, RPG, Interactive Fiction, Fantasy, Point & Click","Windows, Mac",2026-09-01T15:42:45.536632,3,Niche / Emerging Titles,6.040254711277414
2419800,Harem in Another World,8.55,8.55,0,Very Positive,427.0,"29 Jan, 2026",Jong Games,RPG,"Sexual Content, Hentai, RPG, Nudity, Exploration",Windows,2026-09-01T15:42:48.795221,3,Niche / Emerging Titles,6.059123195581797
900400,Sacred Fire: A Role Playing Game,7.99,7.99,0,Very Positive,475.0,"18 Oct, 2021",Poetic,RPG,"Early Access, Choices Matter, Story Rich, Adventure, Dialogue Heavy","Windows, Mac, Linux",2026-09-01T15:42:49.796234,3,Niche / Emerging Titles,6.16541785423142
1422420,Dodgeball Academia,8.49,8.49,0,Very Positive,488.0,"5 Aug, 2021",Pocket Trap,RPG,"Action, RPG, Adventure, Sports, Arcade",Windows,2026-09-01T15:42:51.638307,3,Niche / Emerging Titles,6.192362489474872
1771360,Gerda: A Flame in Winter,8.99,8.99,0,Very Positive,495.0,"1 Sep, 2022",BirdIsland/PortaPlay,RPG,"Historical, World War II, Female Protagonist, Adventure, Emotional",Windows,2026-09-01T15:42:53.339764,3,Niche / Emerging Titles,6.206575926724928
1174640,Arcadia Fallen,8.49,8.49,0,Very Positive,500.0,"17 Nov, 2021",Galdra Studios,RPG,"Choose Your Own Adventure, Visual Novel, Dating Sim, Character Customization, Otome","Windows, Mac, Linux",2026-09-01T15:42:55.061374,3,Niche / Emerging Titles,6.2166061010848646
1443430,Rogue,1.89,1.89,0,Very Positive,497.0,"22 Oct, 2020","Epyx, Inc.",RPG,"Traditional Roguelike, Roguelike, Perma Death, Procedural Generation, Dungeon Crawler",Windows,2026-09-01T15:42:57.077601,2,Free-to-Play Powerhouses (2),6.210600077024653
2851820,Kriegsfront Tactics - Prologue,0.0,0.0,0,Very Positive,523.0,"17 Jul, 2024",Toge Productions,RPG,"Tactical RPG, Turn-Based Tactics, Mechs, Cold War, Roguelite",Windows,2026-09-01T15:42:58.563615,2,Free-to-Play Powerhouses (2),6.261491684321042
706560,Jimmy and the Pulsating Mass,14.99,14.99,0,Very Positive,524.0,"7 Aug, 2018",Kasey Ozymy,RPG,"RPG, Indie, Horror, Pixel Graphics, Story Rich","Windows, Mac",2026-09-01T15:43:00.679425,5,Premium Blockbusters,6.263398262591624
1500820,Caravaneer 2,3.49,3.49,0,Very Positive,534.0,"30 Dec, 2020",Dmitry Zheltobriukhov,RPG,"RPG, Trading, Economy, Simulation, Post-apocalyptic",Windows,2026-09-01T15:43:02.805978,2,Free-to-Play Powerhouses (2),6.282266746896006
652410,Brigand: Oaxaca,4.39,4.39,0,Very Positive,550.0,"11 Jul, 2017",Brian J. Lancaster,RPG,"CRPG, Immersive Sim, Horror, FPS, Tactical RPG",Windows,2026-09-01T15:43:04.259830,3,Niche / Emerging Titles,6.311734809152915
2005870,House of Necrosis,6.19,6.19,0,Very Positive,577.0,"6 Oct, 2025",Warkus,RPG,"RPG, Mystery Dungeon, Horror, Traditional Roguelike, Retro","Windows, Linux",2026-09-01T15:43:05.832531,3,Niche / Emerging Titles,6.359573868672378
1868360,Deep Sleep: Labyrinth of the Forsaken,8.19,8.19,0,Very Positive,584.0,"21 Aug, 2025",scriptwelder,RPG,"Turn-Based Combat, Adventure, Combat, Point & Click, RPG",Windows,2026-09-01T15:43:06.944330,3,Niche / Emerging Titles,6.371611847231857
2961460,神树残响（Echoes of the Divine Tree）,6.19,6.19,0,Very Positive,590.0,"20 Mar, 2025",Seventeen horns,RPG,"RPG, Female Protagonist, Card Game, Anime, Nudity",Windows,2026-09-01T15:43:08.114301,3,Niche / Emerging Titles,6.3818160174060985
4560660,Eslabong,7.26,7.26,0,Very Positive,611.0,"24 Aug, 2026",shirowita,RPG,"Early Access, Auto Battler, Strategy, Management, RPG",Windows,2026-09-01T15:43:10.317992,3,Niche / Emerging Titles,6.416732282512326
606710,Sphinx and the Cursed Mummy,7.49,7.49,0,Very Positive,625.0,"10 Nov, 2017",Eurocom,RPG,"Action-Adventure, Puzzle Platformer, Atmospheric, Colorful, 3D Platformer","Windows, Mac, Linux",2026-09-01T15:43:12.529461,3,Niche / Emerging Titles,6.439350371100098
1687550,Bear's Restaurant,6.49,6.49,0,Very Positive,647.0,"6 Oct, 2021",Odencat,RPG,"Story Rich, Pixel Graphics, Indie, RPG, Cute","Windows, Mac, Linux",2026-09-01T15:43:14.188572,3,Niche / Emerging Titles,6.473890696352274
286240,Dog Sled Saga,4.49,4.49,0,Very Positive,659.0,"22 Sep, 2016",Trichotomy,RPG,"Dogs, Racing, Indie, Sports, Simulation","Windows, Mac, Linux",2026-09-01T15:43:15.913331,3,Niche / Emerging Titles,6.492239835020471
1235110,Rising Star 2,8.19,8.19,0,Very Positive,670.0,"12 Aug, 2020",Gilligames,RPG,"Management, Music, Simulation, Strategy RPG, RPG","Windows, Mac",2026-09-01T15:43:17.811268,3,Niche / Emerging Titles,6.508769136971682
3316940,The Legend of Heroes: Trails beyond the Horizon,20.69299999999982,20.69299999999982,0,Very Positive,690.0,"15 Jan, 2026",Nihon Falcom,RPG,"RPG, Action, Adventure, JRPG, Action RPG",Windows,2026-09-01T15:43:19.260595,5,Premium Blockbusters,6.53813982376767
3604510,Only You,3.99,3.99,0,Very Positive,702.0,"9 Feb, 2026",忘雪社,RPG,"Visual Novel, CRPG, Female Protagonist, Incremental, LGBTQ+","Windows, Linux",2026-09-01T15:43:20.910687,3,Niche / Emerging Titles,6.555356891810665
489610,Chicken Assassin: Reloaded,2.99,2.99,0,Very Positive,714.0,"27 Jun, 2016",OneShark,RPG,"Incremental, Casual, Singleplayer, 2D, Funny","Windows, Mac, Linux",2026-09-01T15:43:22.544056,0,Free-to-Play Powerhouses,6.5722825426940075
18040,DeathSpank,14.99,14.99,0,Very Positive,705.0,"25 Oct, 2010",Hothead Games,RPG,"RPG, Action, Comedy, Indie, Hack and Slash","Windows, Mac",2026-09-01T15:43:24.664306,5,Premium Blockbusters,6.559615237493242
2243710,Rune Factory 3 Special,20.69299999999982,20.69299999999982,0,Very Positive,715.0,"5 Sep, 2023",Marvelous Inc.,RPG,"RPG, Farming Sim, Romance, Adventure, Fantasy",Windows,2026-09-01T15:43:27.009775,5,Premium Blockbusters,6.573680166960646
3418990,Shattered Divinities,6.29,6.29,0,Very Positive,882.0,"14 May, 2026",星魂游戏,RPG,"Indie, Adventure, Metroidvania, 2D, Platformer",Windows,2026-09-01T15:43:28.927205,3,Niche / Emerging Titles,6.78332520060396
841770,Siralim 3,8.55,8.55,0,Very Positive,881.0,"15 Oct, 2018",Thylacine Studios,RPG,"Creature Collector, Collectathon, Dungeon Crawler, Procedural Generation, RPG","Windows, Mac, Linux",2026-09-01T15:43:30.608998,1,Popular Mid-Range,6.782192056006791
1573630,Choice of Life: Middle Ages 2,3.99,3.99,0,Very Positive,934.0,"30 Sep, 2022",Blazing Planet Studio,RPG,"Adventure, Singleplayer, RPG, Simulation, Card Game","Windows, Mac, Linux",2026-09-01T15:43:32.851927,0,Free-to-Play Powerhouses,6.840546529288687
1519490,The Doors of Trithius,5.99,5.99,0,Very Positive,964.0,"15 Aug, 2021",Jake Donkersgoed,RPG,"Simulation, Open World, Traditional Roguelike, Roguelike, Procedural Generation","Windows, Mac, Linux",2026-09-01T15:43:34.077736,3,Niche / Emerging Titles,6.872128101338986
1731520,Ark Mobius: Censored Edition,2.99,2.99,0,Very Positive,973.0,"14 Oct, 2021",YellowDuckWorks,RPG,"Sexual Content, Nudity, Anime, Multiple Endings, FPS",Windows,2026-09-01T15:43:35.596978,0,Free-to-Play Powerhouses,6.881411303642535
2064610,Relic Guardian - Tower Defense,5.73,5.73,0,Very Positive,962.0,"22 Oct, 2025",Mystrigger,RPG,"Strategy, Tower Defense, 2D, Pixel Graphics, Fantasy",Windows,2026-09-01T15:43:37.145405,3,Niche / Emerging Titles,6.870053411798126
3652650,Love Begins With Goodbye,7.29,7.29,0,Very Positive,973.0,"26 Aug, 2025",大王工作室,RPG,"Dating Sim, FMV, Multiple Endings, Romance, Visual Novel",Windows,2026-09-01T15:43:38.811573,1,Popular Mid-Range,6.881411303642535
1289640,The Confession,1.29,1.29,0,Very Positive,990.0,"18 May, 2020",Randumb Studios,RPG,"Simulation, Dark Humor, Funny, Choices Matter, Multiple Endings",Windows,2026-09-01T15:43:40.327001,0,Free-to-Play Powerhouses,6.898714534329988
630060,寇莎梅特：困世迷情 Consummate:Missing World,0.45,0.45,0,Very Positive,1000.0,"21 Jul, 2017",冷笑黑妖,RPG,"RPG, Adventure, Indie, Female Protagonist, Story Rich",Windows,2026-09-01T15:43:42.145471,0,Free-to-Play Powerhouses,6.90875477931522
3646460,Devil Spire Falls,7.99,7.99,0,Very Positive,1035.0,"6 Jul, 2025",Ithiro Sumi,RPG,"Early Access, Action RPG, Procedural Generation, Open World, Immersive Sim","Windows, Linux",2026-09-01T15:43:43.678150,1,Popular Mid-Range,6.943122422819428
1084570,The Lar,0.0,0.0,0,Very Positive,1111.0,"10 Jun, 2019",MarvelSushi,RPG,"Free to Play, Adventure, Indie, Casual, Pixel Graphics",Windows,2026-09-01T15:43:45.606703,0,Free-to-Play Powerhouses,7.013915474810528
1668540,The Legend of Heroes: Trails into Reverie,20.69299999999982,20.69299999999982,0,Very Positive,1131.0,"7 Jul, 2023",Nihon Falcom,RPG,"RPG, JRPG, Story Rich, Anime, Party-Based RPG",Windows,2026-09-01T15:43:48.926506,5,Premium Blockbusters,7.0317412587631285
929670,Orion Sandbox Enhanced,1.29,1.29,0,Very Positive,1174.0,"21 Sep, 2018",y8.com,RPG,"Adventure, Action, Casual, Indie, RPG",Windows,2026-09-01T15:43:49.795989,0,Free-to-Play Powerhouses,7.069023426578259
2240790,Sucker for Love: Date to Die For,6.49,6.49,0,Very Positive,1177.0,"23 Apr, 2024",Akabaka,RPG,"Dating Sim, Visual Novel, Anime, Horror, Lovecraftian",Windows,2026-09-01T15:43:51.429636,1,Popular Mid-Range,7.071573364211532
1224290,Horizon's Gate,8.19,8.19,0,Very Positive,1212.0,"9 Mar, 2020",Rad Codex,RPG,"Tactical RPG, Open World, Exploration, Sailing, Turn-Based",Windows,2026-09-01T15:43:53.592513,1,Popular Mid-Range,7.10085190894405
2767530,Wicked Seed,7.99,7.99,0,Very Positive,1322.0,"23 Jan, 2026",Dead Right Games,RPG,"Female Protagonist, RPG, Action RPG, Sexual Content, Survival Horror",Windows,2026-09-01T15:43:55.460869,1,Popular Mid-Range,7.187657164114956
1162070,Nyakori's Rabbit Doll,1.89,1.89,0,Very Positive,1395.0,"2 Feb, 2020",赤瞳大白猫,RPG,"Indie, RPG, Horror, Cute, Adventure",Windows,2026-09-01T15:43:58.610948,0,Free-to-Play Powerhouses,7.241366283322318
959080,Unsung Warriors - Prologue,0.0,0.0,0,Very Positive,1434.0,"15 Jan, 2019",Osarion,RPG,"Free to Play, Adventure, Action, Indie, Multiplayer","Windows, Mac, Linux",2026-09-01T15:43:59.651899,0,Free-to-Play Powerhouses,7.268920128193722
1178050,狐の旅路,0.0,0.0,0,Very Positive,1479.0,"27 Jan, 2020",狐の旅路制作组,RPG,"Free to Play, RPG, Indie, Anime, Sexual Content",Windows,2026-09-01T15:44:01.509069,0,Free-to-Play Powerhouses,7.299797366758161
1898500,Worldless,8.19,8.19,0,Very Positive,1549.0,"20 Nov, 2023",Noname Studios,RPG,"Stylized, 2D Platformer, Platformer, Metroidvania, Singleplayer",Windows,2026-09-01T15:44:03.127111,1,Popular Mid-Range,7.346010209913293
3476730,Killer Chat! - Original Edition,0.0,0.0,0,Very Positive,1605.0,"28 Nov, 2025",rosesrot,RPG,"Dating Sim, LGBTQ+, Visual Novel, Dark, Horror","Windows, Mac, Linux",2026-09-01T15:44:05.111395,0,Free-to-Play Powerhouses,7.381501894506707
951240,Obenseuer,8.19,8.19,0,Very Positive,1651.0,"11 Dec, 2018",Loiste Interactive,RPG,"Indie, Survival, RPG, Life Sim, Early Access",Windows,2026-09-01T15:44:06.544393,1,Popular Mid-Range,7.409741954080923
1885110,Cryptmaster,8.49,8.49,0,Very Positive,1668.0,"9 May, 2024",Paul Hart,RPG,"Typing, Dungeon Crawler, Word Game, Party-Based RPG, Fishing",Windows,2026-09-01T15:44:08.765088,1,Popular Mid-Range,7.419979923661835
1631470,Critter Cove,8.49,8.49,0,Very Positive,1726.0,"10 Sep, 2024",Gentleman Rat Studios,RPG,"Early Access, Stylized, City Builder, Exploration, Sandbox",Windows,2026-09-01T15:44:10.844549,1,Popular Mid-Range,7.454141078146678
704920,Magic Rampage,0.0,0.0,0,Very Positive,1764.0,"24 May, 2022",Asantee Games,RPG,"Indie, Platformer, Action RPG, Adventure, RPG",Windows,2026-09-01T15:44:12.844371,0,Free-to-Play Powerhouses,7.475905969367397
235320,Original War,1.99,1.99,0,Very Positive,1808.0,"27 Jan, 2014",Altar Games,RPG,"Strategy, RTS, Sci-fi, Singleplayer, Real-Time with Pause",Windows,2026-09-01T15:44:14.577749,0,Free-to-Play Powerhouses,7.500529485395295
876650,Aground,1.74,1.74,0,Very Positive,1812.0,"17 Apr, 2020",Fancy Fish Games,RPG,"Exploration, Open World, Survival, Base Building, Mining","Windows, Mac, Linux",2026-09-01T15:44:16.747753,0,Free-to-Play Powerhouses,7.502738210754851
2629330,MEMOLOGY: GOYDA,1.29,1.29,0,Very Positive,1831.0,"15 May, 2024",hannibalnotdead,RPG,"Memes, Funny, Comedy, Satire, Trivia",Windows,2026-09-01T15:44:18.828211,0,Free-to-Play Powerhouses,7.513163545234075
1385730,Mosaique Neko Waifus 3,2.99,2.99,0,Very Positive,1840.0,"27 Aug, 2020",Lil Hentai Games,RPG,"Hentai, Puzzle, RPG, Cute, Visual Novel","Windows, Linux",2026-09-01T15:44:20.109609,0,Free-to-Play Powerhouses,7.518064181233078
345820,Shantae and the Pirate's Curse,19.99,19.99,0,Very Positive,1843.0,"23 Apr, 2015",WayForward,RPG,"Platformer, Metroidvania, Female Protagonist, Great Soundtrack, 2D",Windows,2026-09-01T15:44:22.161010,5,Premium Blockbusters,7.519692404116539
440540,Ara Fell: Enhanced Edition,6.99,6.99,0,Very Positive,1857.0,"2 Jun, 2016",Stegosoft Games,RPG,"Exploration, Turn-Based, JRPG, Female Protagonist, RPG","Windows, Mac, Linux",2026-09-01T15:44:23.644085,1,Popular Mid-Range,7.527255919373784
1109460,There is No GreenDam,0.0,0.0,0,Very Positive,1975.0,"11 Nov, 2019",格林达姆136工程团,RPG,"Free to Play, Visual Novel, Hentai, Sexual Content, Nudity",Windows,2026-09-01T15:44:25.012368,0,Free-to-Play Powerhouses,7.588829878307813
2401410,Cabernet,8.19,8.19,0,Very Positive,1992.0,"20 Feb, 2025",Party for Introverts,RPG,"Singleplayer, Female Protagonist, Vampires, Choices Matter, Story Rich",Windows,2026-09-01T15:44:26.275047,1,Popular Mid-Range,7.597396320212795
1559600,The Ranch of Rivershine,7.86,7.86,0,Very Positive,1624.0,"23 May, 2025",Cozy Bee Games,RPG,"Simulation, Horses, Farming Sim, Life Sim, 3D",Windows,2026-09-01T15:44:27.627316,1,Popular Mid-Range,7.393263094763838
1932640,Suikoden I&II HD Remaster Gate Rune and Dunan Unification Wars,20.69299999999982,20.69299999999982,0,Overwhelmingly Positive,1386.0,"6 Mar, 2025",KONAMI,RPG,"RPG, JRPG, Pixel Graphics, 2D, Story Rich",Windows,2026-09-01T15:44:29.587083,5,Premium Blockbusters,7.234898420314831
262830,Crimsonland,6.79,6.79,0,Very Positive,932.0,"11 Jun, 2014",10tons Ltd,RPG,"Action, Shooter, Top-Down, Gore, Indie","Windows, Mac, Linux",2026-09-01T15:44:31.536283,3,Niche / Emerging Titles,6.838405200847344
1168470,千面 Melancholy Love,2.99,2.99,0,Very Positive,2100.0,"2 Jan, 2020",白露社,RPG,"Indie, LGBTQ+, Casual, Visual Novel, RPG","Windows, Mac",2026-09-01T15:44:32.897004,0,Free-to-Play Powerhouses,7.650168700845001
2382520,Erenshor,6.71,6.71,0,Very Positive,1996.0,"14 Apr, 2025",Burgee Media,RPG,"Early Access, RPG, Adventure, Loot, Old School",Windows,2026-09-01T15:44:34.693252,1,Popular Mid-Range,7.599401333415815
436670,The Legend of Heroes: Trails in the Sky the 3rd,20.69299999999982,20.69299999999982,0,Very Positive,1594.0,"3 May, 2017",Nihon Falcom,RPG,"JRPG, RPG, Great Soundtrack, Story Rich, Anime",Windows,2026-09-01T15:44:36.659092,5,Premium Blockbusters,7.374629015218945
1621310,Atelier Sophie 2: The Alchemist of the Mysterious Dream,20.69299999999982,20.69299999999982,0,Very Positive,382.0,"24 Feb, 2022","KOEI TECMO GAMES CO., LTD.",RPG,"RPG, JRPG, Anime, Female Protagonist, Cute",Windows,2026-09-01T15:44:39.077457,5,Premium Blockbusters,5.948034989180646
3110760,Alabaster Dawn,12.49,12.49,0,Overwhelmingly Positive,1352.0,"7 May, 2026",Radical Fish Games,RPG,"Early Access, RPG, Action, Action RPG, Adventure","Windows, Linux",2026-09-01T15:44:40.359114,1,Popular Mid-Range,7.210079628170788
2369900,Castlevania Dominus Collection,19.99,19.99,0,Very Positive,1427.0,"27 Aug, 2024",KONAMI,RPG,"Metroidvania, Action, Action RPG, 2D Platformer, Action-Adventure",Windows,2026-09-01T15:44:42.049890,5,Premium Blockbusters,7.2640301428995295
2143680,Noctuary,10.49,10.49,0,Very Positive,2366.0,"28 Nov, 2023",Gratesca,RPG,"Cute, Interactive Fiction, Anime, Visual Novel, Story Rich",Windows,2026-09-01T15:44:43.332250,1,Popular Mid-Range,7.769378609513984
1604380,Hamidashi Creative,7.34,7.34,0,Very Positive,2344.0,"30 Sep, 2022",madosoft,RPG,"Sexual Content, Adventure, Casual, FPS, Visual Novel",Windows,2026-09-01T15:44:44.627377,1,Popular Mid-Range,7.76004068088038
2286780,Aeruta,8.19,8.19,0,Very Positive,376.0,"5 Nov, 2025",FromDawn Games,RPG,"Pixel Graphics, Indie, Character Action Game, Action-Adventure, RPG",Windows,2026-09-01T15:44:46.759050,3,Niche / Emerging Titles,5.932245187448011
440880,The Count Lucanor,0.99,0.99,0,Very Positive,637.0,"3 Mar, 2016",Baroque Decay,RPG,"Horror, Gore, Survival Horror, Pixel Graphics, Puzzle","Windows, Mac, Linux",2026-09-01T15:44:48.793392,2,Free-to-Play Powerhouses (2),6.45833828334479
1299120,Mosaique Neko Waifus 2,2.99,2.99,0,Overwhelmingly Positive,707.0,"5 Jun, 2020",Lil Hentai Games,RPG,"Hentai, Sexual Content, Nudity, LGBTQ+, Puzzle","Windows, Linux",2026-09-01T15:44:51.126281,0,Free-to-Play Powerhouses,6.56244409369372
1588530,Dungeon Alchemist,14.99,14.99,0,Very Positive,1918.0,"31 Mar, 2022",Briganti,RPG,"Early Access, RPG, CRPG, Tabletop, Software","Windows, Mac, Linux",2026-09-01T15:44:51.894673,5,Premium Blockbusters,7.5595594960077
460120,Megadimension Neptunia VII,8.19,8.19,0,Very Positive,1503.0,"5 Jul, 2016",Idea Factory,RPG,"Anime, JRPG, Female Protagonist, Cute, RPG",Windows,2026-09-01T15:44:54.197060,1,Popular Mid-Range,7.315883504509785
218410,Defender's Quest: Valley of the Forgotten (DX edition),6.99,6.99,0,Overwhelmingly Positive,1889.0,"30 Oct, 2012","Level Up Labs, LLC",RPG,"Tower Defense, Female Protagonist, Tactical RPG, Strategy, RPG","Windows, Mac, Linux",2026-09-01T15:44:56.326621,1,Popular Mid-Range,7.5443321080536885
373390,Contradiction: Spot The Liar,6.49,6.49,0,Overwhelmingly Positive,2503.0,"10 Jul, 2015",Baggy Cat Ltd.,RPG,"Detective, Crime, FMV, Investigation, Atmospheric","Windows, Mac",2026-09-01T15:44:57.743870,1,Popular Mid-Range,7.825644732219989
2285550,Doloc Town,10.75,10.75,0,Overwhelmingly Positive,632.0,"5 Aug, 2026",RedSaw Games Studio,RPG,"Farming Sim, Pixel Graphics, Platformer, Cozy, Post-apocalyptic",Windows,2026-09-01T15:44:59.678439,1,Popular Mid-Range,6.450470422144176
353270,Hyperdimension Neptunia Re;Birth3 V Generation,6.99,6.99,0,Very Positive,1487.0,"30 Oct, 2015",Idea Factory,RPG,"Anime, JRPG, Female Protagonist, RPG, Cute",Windows,2026-09-01T15:45:01.695688,1,Popular Mid-Range,7.305188215393037
623940,HIVESWAP: ACT 1,4.49,4.49,0,Very Positive,2686.0,"14 Sep, 2017","What Pumpkin Games, Inc.",RPG,"Adventure, Point & Click, Great Soundtrack, RPG, Indie","Windows, Mac, Linux",2026-09-01T15:45:03.843554,0,Free-to-Play Powerhouses,7.8961806086154915
2464530,VOIN,8.19,8.19,0,Very Positive,2055.0,"10 Dec, 2024",Nikita Sozidar,RPG,"Early Access, Action, Hack and Slash, Action Roguelike, RPG",Windows,2026-09-01T15:45:05.965631,1,Popular Mid-Range,7.628517626575055
1450830,At Dead Of Night,7.29,7.29,0,Very Positive,2070.0,"19 Nov, 2020",Baggy Cat Ltd.,RPG,"Survival Horror, Horror, Strategy, Investigation, Supernatural",Windows,2026-09-01T15:45:07.548513,1,Popular Mid-Range,7.635786861395585
1406850,The Legend of Tianding,2.37,2.37,0,Very Positive,315.0,"1 Nov, 2021",Creative Games Computer Graphics Corporation,RPG,"Adventure, Controller, RPG, Combat, Martial Arts","Windows, Mac",2026-09-01T15:45:09.025945,2,Free-to-Play Powerhouses (2),5.755742213586912
1845250,Rubinite,12.99,12.99,0,Overwhelmingly Positive,1231.0,"22 Jul, 2026",Cup Dog Games,RPG,"Boss Rush, Difficult, Pixel Graphics, Souls-like, Female Protagonist","Windows, Mac",2026-09-01T15:45:11.075882,1,Popular Mid-Range,7.116394144093465
1126310,风信楼,6.19,6.19,0,Very Positive,3421.0,"13 Oct, 2021",Pingfang Games,RPG,"Multiple Endings, Choices Matter, Interactive Fiction, Visual Novel, Word Game","Windows, Mac, Linux",2026-09-01T15:45:13.342915,1,Popular Mid-Range,8.137980454452139
266210,One Way Heroics,2.19,2.19,0,Very Positive,2445.0,"28 Feb, 2014",Smoking WOLF,RPG,"Side Scroller, Mystery Dungeon, Traditional Roguelike, Dungeon Crawler, Roguelite",Windows,2026-09-01T15:45:14.724546,0,Free-to-Play Powerhouses,7.802209316247118
259550,Hero of the Kingdom,4.49,4.49,0,Very Positive,1384.0,"14 Nov, 2013",Lonely Troops,RPG,"Casual, Adventure, RPG, Point & Click, Isometric","Windows, Mac, Linux",2026-09-01T15:45:16.492492,0,Free-to-Play Powerhouses,7.233455418621439
98800,Dungeons of Dredmor,4.49,4.49,0,Very Positive,3218.0,"13 Jul, 2011","Gaslamp Games, Inc.",RPG,"Traditional Roguelike, Roguelike, Turn-Based, RPG, Dungeon Crawler","Windows, Mac, Linux",2026-09-01T15:45:18.691847,0,Free-to-Play Powerhouses,8.076826031298808
398850,Epistory - Typing Chronicles,1.94,1.94,0,Overwhelmingly Positive,2225.0,"30 Mar, 2016",Fishing Cactus,RPG,"Typing, Adventure, Narrative, Exploration, Story Rich","Windows, Mac, Linux",2026-09-01T15:45:20.524149,0,Free-to-Play Powerhouses,7.70796153183549
1504020,Mosaique Neko Waifus 4,2.99,2.99,0,Very Positive,1108.0,"12 Feb, 2021",Lil Hentai Games,RPG,"Hentai, Nudity, Puzzle, Sexual Content, Casual","Windows, Linux",2026-09-01T15:45:22.892756,0,Free-to-Play Powerhouses,7.011213987350367
1534980,Terminus: Zombie Survivors,6.59,6.59,0,Very Positive,1708.0,"19 Aug, 2024",Longplay Studios,RPG,"Survival, Zombies, Roguelike, Open World Survival Craft, Turn-Based Strategy","Windows, Mac",2026-09-01T15:45:24.496219,1,Popular Mid-Range,7.443663683115591
1155970,Roadwarden,5.89,5.89,0,Very Positive,3831.0,"12 Sep, 2022",Moral Anxiety Studio,RPG,"RPG, Text-Based, Adventure, Indie, Pixel Graphics","Windows, Mac, Linux",2026-09-01T15:45:26.858528,1,Popular Mid-Range,8.251142139090751
510420,The Hex,5.49,5.49,0,Very Positive,2382.0,"16 Oct, 2018",Daniel Mullins Games,RPG,"Indie, Story Rich, Singleplayer, Mystery, Psychological Horror","Windows, Mac, Linux",2026-09-01T15:45:28.791865,1,Popular Mid-Range,7.776115477098742
436780,Tavern Keeper 🍻,11.19,11.19,0,Very Positive,2844.0,"3 Nov, 2025",Greenheart Games 💚,RPG,"Early Access, Simulation, Management, Building, Decorating",Windows,2026-09-01T15:45:30.624097,1,Popular Mid-Range,7.953318346560431
466300,Planescape: Torment: Enhanced Edition,8.19,8.19,0,Very Positive,2767.0,"11 Apr, 2017",Beamdog,RPG,"RPG, Story Rich, CRPG, Choices Matter, Isometric","Windows, Mac, Linux",2026-09-01T15:45:32.835736,1,Popular Mid-Range,7.92588031673756
11450,Overlord™,4.99,4.99,0,Very Positive,2290.0,"26 Oct, 2007",Triumph Studios,RPG,"Villain Protagonist, Hack and Slash, Dark Fantasy, Puzzle, RTS",Windows,2026-09-01T15:45:35.142576,1,Popular Mid-Range,7.736743682453495
1634150,Behind the Frame: The Finest Scenery,6.49,6.49,0,Very Positive,1759.0,"25 Aug, 2021",Silver Lining Studio,RPG,"Atmospheric, Singleplayer, Story Rich, Puzzle, Relaxing","Windows, Mac",2026-09-01T15:45:37.209199,1,Popular Mid-Range,7.473069088032197
538680,The Legend of Heroes: Trails of Cold Steel,20.69299999999982,20.69299999999982,0,Very Positive,3520.0,"2 Aug, 2017",Nihon Falcom,RPG,"JRPG, Anime, RPG, Story Rich, Great Soundtrack",Windows,2026-09-01T15:45:39.332161,5,Premium Blockbusters,8.166500319155052
946050,Soda Dungeon 2,0.0,0.0,0,Very Positive,3116.0,"9 Jul, 2020",AN Productions,RPG,"Free to Play, RPG, Idler, Dungeon Crawler, Pixel Graphics","Windows, Mac",2026-09-01T15:45:41.393647,0,Free-to-Play Powerhouses,8.044626279767337
214730,Space Rangers HD: A War Apart,8.55,8.55,0,Very Positive,1050.0,"17 Oct, 2013",SNK Games,RPG,"Space, RPG, Strategy, Adventure, Simulation",Windows,2026-09-01T15:45:42.842272,1,Popular Mid-Range,6.957497370876951
251990,Long Live The Queen,5.49,5.49,0,Very Positive,4716.0,"8 Nov, 2013",Hanako Games,RPG,"Visual Novel, Political Sim, Anime, Female Protagonist, Simulation","Windows, Mac, Linux",2026-09-01T15:45:44.725682,1,Popular Mid-Range,8.458928283284262
599390,Battle for Wesnoth,0.0,0.0,0,Very Positive,3203.0,"1 May, 2018",The Battle for Wesnoth Project,RPG,"Free to Play, Strategy, Turn-Based Strategy, Hex Grid, Fantasy","Windows, Mac, Linux",2026-09-01T15:45:45.909521,0,Free-to-Play Powerhouses,8.07215530818825
3920,Sid Meier's Pirates!,7.99,7.99,0,Very Positive,4730.0,"11 Jul, 2005",Firaxis Games,RPG,"Pirates, Open World, RPG, Singleplayer, Adventure",Windows,2026-09-01T15:45:47.563483,1,Popular Mid-Range,8.461891875631148
259680,Tales of Maj'Eyal,3.99,3.99,0,Very Positive,4242.0,"23 Feb, 2016",Netcore Games,RPG,"Traditional Roguelike, Roguelike, Turn-Based, Dungeon Crawler, Perma Death","Windows, Mac, Linux",2026-09-01T15:45:50.058067,0,Free-to-Play Powerhouses,8.353025845202325
564710,Soda Dungeon,0.0,0.0,0,Very Positive,3858.0,"6 Feb, 2017",AN Productions,RPG,"Free to Play, RPG, Pixel Graphics, Casual, Incremental",Windows,2026-09-01T15:45:51.141327,0,Free-to-Play Powerhouses,8.258163361537619
252410,SteamWorld Dig,5.49,5.49,0,Very Positive,3083.0,"5 Dec, 2013",Image & Form Games,RPG,"Platformer, Mining, Metroidvania, Steampunk, Indie","Windows, Mac, Linux",2026-09-01T15:45:53.331272,1,Popular Mid-Range,8.03398273468322
1812820,Bitburner,0.0,0.0,0,Very Positive,5990.0,"10 Dec, 2021",Fulcrum Games,RPG,"Programming, Idler, Hacking, Automation, Free to Play","Windows, Mac, Linux",2026-09-01T15:45:55.631191,0,Free-to-Play Powerhouses,8.698013622083925
1535560,Farmer Against Potatoes Idle,0.0,0.0,0,Very Positive,4640.0,"5 Sep, 2024",Oni Gaming,RPG,"Idler, Incremental, Casual, Simulation, Resource Management",Windows,2026-09-01T15:45:57.093589,0,Free-to-Play Powerhouses,8.442685139241176
937170,Otaku's Adventure,3.99,3.99,0,Very Positive,331.0,"20 May, 2019",Spacelight Studio,RPG,"Funny, Multiple Endings, Dating Sim, Visual Novel, Indie","Windows, Mac",2026-09-01T15:45:59.008001,3,Niche / Emerging Titles,5.805134968916488
593280,Cat Quest,6.49,6.49,0,Very Positive,3547.0,"8 Aug, 2017",The Gentlebros,RPG,"Adventure, RPG, Cats, Cute, Action","Windows, Mac",2026-09-01T15:46:01.291346,1,Popular Mid-Range,8.17413934342947
1735700,Back to the Dawn,13.0,13.0,0,Overwhelmingly Positive,1257.0,"17 Jul, 2025",Metal Head Games,RPG,"RPG, Pixel Graphics, Story Rich, Choices Matter, Detective",Windows,2026-09-01T15:46:02.258089,1,Popular Mid-Range,7.1372784372603855
1443200,Class of '09,5.49,5.49,0,Very Positive,7599.0,"10 Jun, 2021",SBN3,RPG,"Choose Your Own Adventure, Comedy, Casual, Female Protagonist, Visual Novel","Windows, Mac, Linux",2026-09-01T15:46:04.196130,1,Popular Mid-Range,8.935903526274423
375480,Chronicon,6.79,6.79,0,Very Positive,3326.0,"21 Aug, 2020",Subworld,RPG,"Loot, Action RPG, Hack and Slash, Dungeon Crawler, Pixel Graphics","Windows, Linux",2026-09-01T15:46:06.225706,1,Popular Mid-Range,8.109826276018477
1321440,Cassette Beasts,8.19,8.19,0,Overwhelmingly Positive,6236.0,"26 Apr, 2023",Bytten Studio,RPG,"Creature Collector, Turn-Based Combat, Party-Based RPG, JRPG, Adventure","Windows, Linux",2026-09-01T15:46:08.329735,1,Popular Mid-Range,8.738254576526122
3528450,Sweet Home,4.99,4.99,0,Very Positive,9670.0,"18 Aug, 2025",开心茶房,RPG,"LGBTQ+, Female Protagonist, RPG, Visual Novel, Interactive Fiction","Windows, Mac",2026-09-01T15:46:09.011146,1,Popular Mid-Range,9.176886995716963
282900,Hyperdimension Neptunia Re;Birth1,6.99,6.99,0,Very Positive,5695.0,"29 Jan, 2015","IDEA FACTORY Co., Ltd.",RPG,"Anime, JRPG, Female Protagonist, Cute, RPG",Windows,2026-09-01T15:46:10.741156,1,Popular Mid-Range,8.647519453091812
2436940,Sephiria,6.99,6.99,0,Overwhelmingly Positive,2453.0,"31 Jul, 2026",TEAM HORAY,RPG,"Action Roguelike, Roguelite, Roguelike, Pixel Graphics, Inventory Management","Windows, Mac",2026-09-01T15:46:12.626678,1,Popular Mid-Range,7.805474625270857
225260,Brutal Legend,14.99,14.99,0,Very Positive,6347.0,"26 Feb, 2013",Double Fine Productions,RPG,"Action, Comedy, Adventure, Great Soundtrack, Open World","Windows, Mac, Linux",2026-09-01T15:46:14.391126,5,Premium Blockbusters,8.7558950816463
333640,Caves of Qud,14.49,14.49,0,Overwhelmingly Positive,10693.0,"5 Dec, 2024",Freehold Games,RPG,"Procedural Generation, Turn-Based Combat, Open World, Turn-Based, Transhumanism","Windows, Mac, Linux",2026-09-01T15:46:16.162018,5,Premium Blockbusters,9.277438115508676
2181930,DR LIVESEY ROM AND DEATH EDITION,0.48,0.48,0,Very Positive,1800.0,"13 Feb, 2023",Agafonoff,RPG,"Action, Cartoon, Hand-drawn, Roguelike, Spectacle fighter",Windows,2026-09-01T15:46:18.374234,0,Free-to-Play Powerhouses,7.496097345175956
1488200,Symphony of War: The Nephilim Saga,2.86,2.86,0,Very Positive,7169.0,"10 Jun, 2022",Dancing Dragon Games,RPG,"Tactical RPG, RPG, Story Rich, Turn-Based Strategy, Fantasy",Windows,2026-09-01T15:46:20.097392,0,Free-to-Play Powerhouses,8.877660933593667
2600,Vampire: The Masquerade - Bloodlines,19.99,19.99,0,Very Positive,10392.0,"22 Mar, 2007",Troika Games,RPG,"Vampires, RPG, Singleplayer, Supernatural, Horror",Windows,2026-09-01T15:46:21.374337,5,Premium Blockbusters,9.248887781588422
763890,Wildermyth,8.49,8.49,0,Overwhelmingly Positive,11660.0,"15 Jun, 2021",Worldwalker Games LLC,RPG,"Party-Based RPG, Character Customization, Choices Matter, Story Rich, Turn-Based Tactics","Windows, Mac, Linux",2026-09-01T15:46:23.523829,1,Popular Mid-Range,9.364005219520333
590380,Into the Breach,6.99,6.99,0,Very Positive,12614.0,"27 Feb, 2018",Subset Games,RPG,"Strategy, Turn-Based Strategy, Indie, Pixel Graphics, Turn-Based Tactics","Windows, Mac, Linux",2026-09-01T15:46:25.424467,1,Popular Mid-Range,9.442641861075158
274520,Darkwood,1.59,1.59,0,Very Positive,10155.0,"17 Aug, 2017",Acid Wizard Studio,RPG,"Horror, Survival Horror, Adventure, Psychological Horror, Action","Windows, Mac, Linux",2026-09-01T15:46:27.590797,0,Free-to-Play Powerhouses,9.225819942824568
2707900,NIGHT-RUNNERS™ PROLOGUE,0.0,0.0,0,Very Positive,13944.0,"23 Feb, 2024",PLANET JEM,RPG,"Racing, 1990's, Automobile Sim, Arcade, Driving",Windows,2026-09-01T15:46:29.047165,0,Free-to-Play Powerhouses,9.54287630006159
1235140,Yakuza: Like a Dragon,19.99,19.99,0,Very Positive,14716.0,"10 Nov, 2020",RGG Studio,RPG,"RPG, Adventure, Action, Turn-Based Combat, JRPG",Windows,2026-09-01T15:46:30.628396,5,Premium Blockbusters,9.596758567164112
1876890,Wandering Sword,8.49,8.49,0,Overwhelmingly Positive,2341.0,"14 Sep, 2023",The Swordman Studio,RPG,"RPG, Martial Arts, Wuxia, Pixel Graphics, Turn-Based",Windows,2026-09-01T15:46:32.224346,1,Popular Mid-Range,7.758760544157663
1256670,Library Of Ruina,10.49,10.49,0,Overwhelmingly Positive,14563.0,"10 Aug, 2021",ProjectMoon,RPG,"Story Rich, Card Game, Difficult, Strategy, Deckbuilding",Windows,2026-09-01T15:46:34.224264,1,Popular Mid-Range,9.586308009295324
"22330,22330",Oblivion Game of the Year Deluxe,19.99,19.99,0,Very Positive,40274.09999999998,"16 Jun, 2009",Bethesda Game Studios,RPG,"RPG, Open World, Fantasy, Singleplayer, Moddable",Windows,2026-09-01T15:46:35.724120,5,Premium Blockbusters,10.603488690971949
22330,The Elder Scrolls IV: Oblivion® Game of the Year Edition (2009),14.99,14.99,0,Overwhelmingly Positive,32172.0,"16 Jun, 2009",Bethesda Game Studios,RPG,"RPG, Open World, Fantasy, Singleplayer, Moddable",Windows,2026-09-01T15:46:37.573940,5,Premium Blockbusters,10.37888287047015
113200,The Binding of Isaac,2.99,2.99,0,Very Positive,23616.0,"28 Sep, 2011",Edmund McMillen,RPG,"Action Roguelike, Roguelike, Indie, Replay Value, Difficult","Windows, Mac",2026-09-01T15:46:38.873898,0,Free-to-Play Powerhouses,10.069722070677152
2593370,The Hungry Lamb: Traveling in the Late Ming Dynasty,9.99,9.99,0,Very Positive,706.0,"22 Apr, 2024",零创游戏(ZerocreationGame),RPG,"Visual Novel, Historical, Cooking, Multiple Endings, Interactive Fiction",Windows,2026-09-01T15:46:41.352170,1,Popular Mid-Range,6.561030665896573
"55230,901805,55380,55381,55382,55385,55386,55387,55388,55389,55390,55391,55392,55395,55396,55398,55399,55400",Saints Row: The Third - The Full Package,2.87,2.87,0,Very Positive,40274.09999999998,"5 Nov, 2012",Volition,RPG,"Open World, Action, Comedy, Co-op, Third-Person Shooter",Windows,2026-09-01T15:46:43.473893,0,Free-to-Play Powerhouses,10.603488690971949
391220,Rise of the Tomb Raider™,3.14,3.14,0,Very Positive,32159.0,"9 Feb, 2016",Crystal Dynamics,RPG,"Adventure, Action, Female Protagonist, Singleplayer, Third Person","Windows, Mac, Linux",2026-09-01T15:46:45.440814,0,Free-to-Play Powerhouses,10.378478723292902
489830,The Elder Scrolls V: Skyrim Special Edition,20.69299999999982,20.69299999999982,0,Very Positive,40274.09999999998,"27 Oct, 2016",Bethesda Game Studios,RPG,"Open World, RPG, Adventure, Fantasy, Singleplayer",Windows,2026-09-01T15:46:47.523879,5,Premium Blockbusters,10.603488690971949
374320,DARK SOULS™ III,20.69299999999982,20.69299999999982,0,Very Positive,40274.09999999998,"11 Apr, 2016","FromSoftware, Inc.",RPG,"Souls-like, Dark Fantasy, Difficult, RPG, Atmospheric",Windows,2026-09-01T15:46:49.207263,5,Premium Blockbusters,10.603488690971949
"374320,442010",DARK SOULS III Deluxe Edition,20.69299999999982,20.69299999999982,0,Very Positive,40274.09999999998,"11 Apr, 2016","FromSoftware, Inc.",RPG,"Souls-like, Dark Fantasy, Difficult, RPG, Atmospheric",Windows,2026-09-01T15:46:51.273886,5,Premium Blockbusters,10.603488690971949
108600,Project Zomboid,8.36,8.36,0,Very Positive,40274.09999999998,"8 Nov, 2013",The Indie Stone,RPG,"Survival, Zombies, Open World, Multiplayer, Open World Survival Craft","Windows, Mac, Linux",2026-09-01T15:46:52.861824,1,Popular Mid-Range,10.603488690971949
"239140,302101,325723,325724,347090,435111,436080,436081,436082,748340,748341,1112520,1112521,1174580,1177880,1184350,1241570,1300710,1354960,1468290,1498210,1543420,1647900,1702060,1762700,1822810,1935540,3454290",Dying Light: Definitive 10th Anniversary Edition,20.69299999999982,20.69299999999982,0,Very Positive,40274.09999999998,"12 Mar, 2025",Techland,RPG,"Zombies, Survival Horror, Horror, Online Co-Op, Open World",Windows,2026-09-01T15:46:54.502810,5,Premium Blockbusters,10.603488690971949
1623730,Palworld,7.34,7.34,0,Overwhelmingly Positive,40274.09999999998,"9 Jul, 2026",Pocketpair,RPG,"Open World, Survival, Creature Collector, Multiplayer, Open World Survival Craft",Windows,2026-09-01T15:46:55.824010,1,Popular Mid-Range,10.603488690971949
2451530,WarSphere,0.0,0.0,0,Very Positive,61.0,"15 Feb, 2024",Last Tuesday Games,RPG,"Roguelike, Replay Value, Twin Stick Shooter, Bullet Hell, Action Roguelike",Windows,2026-09-01T15:46:57.742302,2,Free-to-Play Powerhouses (2),4.127134385045092
2567380,Luctus,5.49,5.49,0,Very Positive,62.0,"29 Sep, 2025",Mriya Game Studio,RPG,"Action, Pixel Graphics, Side Scroller, Action-Adventure, Action RPG",Windows,2026-09-01T15:46:59.340403,3,Niche / Emerging Titles,4.143134726391533
1374280,Kor,4.49,4.49,0,Very Positive,62.0,"23 Dec, 2021",Goadstool,RPG,"RPG, Indie, Pixel Graphics, Adventure, Turn-Based Combat",Windows,2026-09-01T15:47:01.440228,3,Niche / Emerging Titles,4.143134726391533
2503250,Roam Across,3.99,3.99,0,Very Positive,63.0,"19 Jun, 2024",NanoGiant,RPG,"RPG, Retro, Story Rich, Historical, Fantasy",Windows,2026-09-01T15:47:03.078465,2,Free-to-Play Powerhouses (2),4.1588830833596715
625780,Magic Wand,2.49,2.49,0,Very Positive,63.0,"25 Jun, 2017",thecatamites,RPG,"Adventure, Indie, RPG, Surreal","Windows, Mac, Linux",2026-09-01T15:47:04.210100,2,Free-to-Play Powerhouses (2),4.1588830833596715
3767340,Fracturefront,4.99,4.99,0,Very Positive,64.0,"13 Nov, 2025",梦行志远,RPG,"Action Roguelike, Looter Shooter, Third-Person Shooter, Roguelite, RPG",Windows,2026-09-01T15:47:05.357020,3,Niche / Emerging Titles,4.174387269895637
1716480,Tied by your Red,2.49,2.49,0,Very Positive,65.0,"28 Nov, 2021",Yurif,RPG,"LGBTQ+, Interactive Fiction, Romance, Fantasy, Simulation","Windows, Mac",2026-09-01T15:47:07.357103,2,Free-to-Play Powerhouses (2),4.189654742026425
2437330,Novus Orbis,6.99,6.99,0,Very Positive,65.0,"10 Feb, 2025",Seizo Games,RPG,"Early Access, Roguelike Deckbuilder, Roguelike, Deckbuilding, Adventure",Windows,2026-09-01T15:47:09.473603,3,Niche / Emerging Titles,4.189654742026425
3541750,古咒迷途 (lost curse),2.49,2.49,0,Very Positive,68.0,"17 Nov, 2025",拙画翁,RPG,"Turn-Based Combat, RPG, Pixel Graphics, 3D, Medieval",Windows,2026-09-01T15:47:11.373538,2,Free-to-Play Powerhouses (2),4.23410650459726
3703200,Herb Tea Man,6.69,6.69,0,Very Positive,69.0,"16 Jul, 2026",Cateasee Studio,RPG,"Casual, Visual Novel, Interactive Fiction, Story Rich, RPG","Windows, Mac",2026-09-01T15:47:13.356931,3,Niche / Emerging Titles,4.248495242049359
2332150,Frog Island,4.99,4.99,0,Very Positive,70.0,"20 Aug, 2026",DevFrog,RPG,"Simulation, Creature Collector, Exploration, Farming Sim, Nature","Windows, Linux",2026-09-01T15:47:15.106615,3,Niche / Emerging Titles,4.2626798770413155
1996230,Forest of Tails: Arena,0.0,0.0,0,Very Positive,71.0,"2 May, 2024",Day Lawn Games,RPG,"Hack and Slash, Loot, RPG, PvE, Action",Windows,2026-09-01T15:47:17.056573,2,Free-to-Play Powerhouses (2),4.276666119016055
3989640,A Kobold Story : Trenchcoat Adventurer,10.99,10.99,0,Very Positive,71.0,"4 Jun, 2026",Crystal Spider Games,RPG,"Dungeon Crawler, Exploration, Turn-Based Combat, Inventory Management, Retro","Windows, Mac",2026-09-01T15:47:18.858775,3,Niche / Emerging Titles,4.276666119016055
1932280,Medieval Fantasy Survival Simulator 2: Gladiator Edition,0.77,0.77,0,Very Positive,72.0,"7 Nov, 2022",Randumb Studios,RPG,"Simulation, Choices Matter, Multiple Endings, Visual Novel, Choose Your Own Adventure",Windows,2026-09-01T15:47:20.823344,2,Free-to-Play Powerhouses (2),4.290459441148391
1560160,ILA: A Frosty Glide,8.55,8.55,0,Very Positive,72.0,"20 Oct, 2025",Magic Rain Studios,RPG,"Adventure, Exploration, Cozy, Cute, Collectathon",Windows,2026-09-01T15:47:22.673509,3,Niche / Emerging Titles,4.290459441148391
3601130,Touhou Crawl,0.0,0.0,0,Very Positive,73.0,"17 Jul, 2025",joy1999,RPG,"RPG, Traditional Roguelike, Dungeon Crawler, Roguelike, Female Protagonist",Windows,2026-09-01T15:47:24.424690,2,Free-to-Play Powerhouses (2),4.30406509320417
2968860,Palpus X Annihilation,6.19,6.19,0,Very Positive,74.0,"17 Feb, 2026",Sebastian Vargek (Meister Palpus),RPG,"Action, Shooter, 2D, Isometric, Aliens",Windows,2026-09-01T15:47:26.395779,3,Niche / Emerging Titles,4.31748811353631
2873060,The Bell Echoes,8.0,8.0,0,Very Positive,81.0,"5 Feb, 2026",七颗枚,RPG,"Story Rich, Turn-Based Tactics, Tactical RPG, Roguelite, Turn-Based Strategy",Windows,2026-09-01T15:47:28.723327,3,Niche / Emerging Titles,4.406719247264253
978630,Juro Janosik,5.89,5.89,0,Very Positive,82.0,"25 Oct, 2021",Peter Jurkovsky,RPG,"Top-Down, Isometric, Indie, Adventure, Puzzle","Windows, Mac, Linux",2026-09-01T15:47:30.333686,3,Niche / Emerging Titles,4.418840607796598
3446960,Demonfo,2.49,2.49,0,Very Positive,82.0,"19 Jun, 2025",BI SHUI YU,RPG,"RPG, Visual Novel, Puzzle, Horror, 2D",Windows,2026-09-01T15:47:31.889964,2,Free-to-Play Powerhouses (2),4.418840607796598
2506900,Gobs and Gods,6.19,6.19,0,Very Positive,85.0,"19 Jul, 2024",Alexandre Gilotte,RPG,"Tactical RPG, Turn-Based Tactics, Roguelite, Sandbox, Party-Based RPG","Windows, Linux",2026-09-01T15:47:33.872950,3,Niche / Emerging Titles,4.454347296253507
2635120,Birch Simulator,0.45,0.45,0,Very Positive,86.0,"2 Nov, 2023",Performance Artist,RPG,"Simulation, Nature, Casual, Life Sim, Immersive Sim",Windows,2026-09-01T15:47:35.639718,2,Free-to-Play Powerhouses (2),4.465908118654584
2728950,Potty Knight Saga,4.49,4.49,0,Very Positive,87.0,"10 Jun, 2024",PLAY Mephistowaltz,RPG,"Action Roguelike, Roguelike, Action, Souls-like, Roguelite","Windows, Linux",2026-09-01T15:47:37.823590,3,Niche / Emerging Titles,4.477336814478207
1122490,Battleheart Legacy,2.99,2.99,0,Very Positive,88.0,"10 Oct, 2019","Mika Mobile, Inc.",RPG,"RPG, Indie, Action, Adventure, Singleplayer","Windows, Mac",2026-09-01T15:47:39.239280,2,Free-to-Play Powerhouses (2),4.48863636973214
3073720,Digital TableTops VTT,0.0,0.0,0,Very Positive,91.0,"16 Jul, 2024",Digital TableTops,RPG,"Tabletop, RPG, Board Game, Dungeon Crawler, Simulation","Windows, Mac, Linux",2026-09-01T15:47:41.455989,2,Free-to-Play Powerhouses (2),4.5217885770490405
1494920,星帷之瓣,0.0,0.0,0,Very Positive,92.0,"24 Dec, 2020",daihua.k,RPG,"RPG, Adventure, 2D, Indie, Story Rich",Windows,2026-09-01T15:47:43.723471,2,Free-to-Play Powerhouses (2),4.532599493153256
2413920,Legends of Savvarah: Flowers and Scorpions,3.49,3.49,0,Very Positive,93.0,"23 Jan, 2026",ST Sinovar,RPG,"RPG, Choose Your Own Adventure, Visual Novel, Interactive Fiction, Story Rich","Windows, Mac",2026-09-01T15:47:45.353583,2,Free-to-Play Powerhouses (2),4.543294782270004
3932140,魔哆魔哆 Modo Modo,4.49,4.49,0,Very Positive,94.0,"17 Feb, 2026",HAJI HEAVY INDUSTIRES,RPG,"Casual, RPG, Roguelite, Simulation, Card Game",Windows,2026-09-01T15:47:47.522358,3,Niche / Emerging Titles,4.553876891600541
2002600,吞食一统中原Tunshi  unifying plains,6.49,6.49,0,Very Positive,94.0,"3 Aug, 2024",tngames,RPG,"RPG, 2D Platformer, JRPG, Alternate History, Turn-Based Combat",Windows,2026-09-01T15:47:50.093311,3,Niche / Emerging Titles,4.553876891600541
1892850,A Wholesome Game About Farming,0.0,0.0,0,Very Positive,96.0,"15 Dec, 2022",Kyle Hughart,RPG,"Dark Humor, Farming Sim, Tower Defense, Stealth, Puzzle","Windows, Mac",2026-09-01T15:47:51.423997,2,Free-to-Play Powerhouses (2),4.574710978503383
1960880,无名者,4.49,4.49,0,Very Positive,97.0,"26 Apr, 2026",Origincourtyard世界庭院,RPG,"Female Protagonist, Visual Novel, Dystopian, Hand-drawn, Cinematic",Windows,2026-09-01T15:47:53.672319,3,Niche / Emerging Titles,4.584967478670572
201010,Geneforge 5: Overthrow,9.99,9.99,0,Very Positive,100.0,"2 Nov, 2011",Spiderweb Software,RPG,"RPG, Indie, Strategy, Turn-Based Combat, Isometric",Windows,2026-09-01T15:47:55.673211,3,Niche / Emerging Titles,4.61512051684126
1500600,Demonpact: Clarice,0.0,0.0,0,Very Positive,99.0,"11 Feb, 2021",Goiaba Megas Xellox,RPG,"Adventure, RPG, Turn-Based Strategy, Visual Novel, Choices Matter",Windows,2026-09-01T15:47:57.255660,2,Free-to-Play Powerhouses (2),4.605170185988092
932500,Damned Daniel,1.89,1.89,0,Very Positive,102.0,"30 Nov, 2018",Red Mouse Games,RPG,"JRPG, CRPG, Casual, Visual Novel, Character Action Game",Windows,2026-09-01T15:47:59.072263,2,Free-to-Play Powerhouses (2),4.634728988229636
1065880,Dungeon Scavenger,4.49,4.49,0,Very Positive,104.0,"21 Aug, 2019",Vidama Software LLC,RPG,"Exploration, Tactical RPG, Turn-Based Tactics, CRPG, Dungeon Crawler",Windows,2026-09-01T15:48:00.580540,3,Niche / Emerging Titles,4.653960350157523
2562620,The Palace on the Hill,3.22,3.22,0,Very Positive,104.0,"8 Jun, 2024",Niku Games,RPG,"RPG, Life Sim, Exploration, Adventure, Cooking","Windows, Mac",2026-09-01T15:48:02.573692,2,Free-to-Play Powerhouses (2),4.653960350157523
1773490,Baldwin's Bear,0.0,0.0,0,Very Positive,106.0,"1 Apr, 2022",Oscar Newsome,RPG,"Open World, Adventure, RPG, Stylized, Family Friendly",Windows,2026-09-01T15:48:04.513464,2,Free-to-Play Powerhouses (2),4.672828834461906
1848490,You Are NOT Bunnygirl,5.49,5.49,0,Very Positive,106.0,"12 Dec, 2025",(Just)Jordan,RPG,"Story Rich, Psychological Horror, Turn-Based Combat, JRPG, RPG","Windows, Mac, Linux",2026-09-01T15:48:05.589811,3,Niche / Emerging Titles,4.672828834461906
2137560,Touhou - Reimus Awesome Holiday,0.0,0.0,0,Very Positive,114.0,"5 Oct, 2022",AksawShin,RPG,"RPG, JRPG, Cartoon, Comedy, Dark Humor",Windows,2026-09-01T15:48:07.638562,2,Free-to-Play Powerhouses (2),4.74493212836325
2070580,Lord Ambermaze: Prologue,0.0,0.0,0,Very Positive,115.0,"21 Nov, 2024",Potata Company,RPG,"Mystery Dungeon, Sokoban, Pixel Graphics, Turn-Based Combat, Dungeon Crawler",Windows,2026-09-01T15:48:09.756555,2,Free-to-Play Powerhouses (2),4.7535901911063645
3048930,Duriano,6.84,6.84,0,Very Positive,116.0,"11 May, 2026","Adisoft Gaming Co.,Ltd.",RPG,"Roguelite, Action Roguelike, Strategy, Bullet Hell, PvE","Windows, Mac",2026-09-01T15:48:11.138656,3,Niche / Emerging Titles,4.762173934797756
1982940,HeistGeist,8.19,8.19,0,Very Positive,116.0,"11 Nov, 2024",Doublequote Studio,RPG,"RPG, Story Rich, Card Battler, Card Game, Turn-Based","Windows, Mac, Linux",2026-09-01T15:48:12.823224,3,Niche / Emerging Titles,4.762173934797756
938860,"Get In The Car, Loser!",8.49,8.49,0,Very Positive,121.0,"21 Sep, 2021",Love Conquers All Games,RPG,"LGBTQ+, Female Protagonist, RPG, Indie, Pixel Graphics","Windows, Mac",2026-09-01T15:48:14.208940,3,Niche / Emerging Titles,4.804021044733257
1638340,Cat Simulator : Animals on Farm,2.49,2.49,0,Very Positive,123.0,"8 Sep, 2021",Avelog Games,RPG,"Simulation, Life Sim, 3D, Nature, Realistic",Windows,2026-09-01T15:48:16.538553,2,Free-to-Play Powerhouses (2),4.820281565605037
3908200,背后3:阴戏,3.99,3.99,0,Very Positive,128.0,"26 Sep, 2025",MYSTERY CROWN,RPG,"Horror, Thriller, Psychological Horror, RPG, Survival Horror","Windows, Mac",2026-09-01T15:48:18.454386,2,Free-to-Play Powerhouses (2),4.859812404361672
1506820,Kiki & Ana - The Child,0.0,0.0,0,Very Positive,130.0,"13 Mar, 2021",Horror Shop,RPG,"Cute, Emotional, Story Rich, Visual Novel, Anime",Windows,2026-09-01T15:48:20.031762,2,Free-to-Play Powerhouses (2),4.875197323201151
2161450,Sorry We're Open,2.24,2.24,0,Very Positive,140.0,"17 Feb, 2023",oates,RPG,"RPG, Horror, Survival Horror, Roguelite, Roguelike",Windows,2026-09-01T15:48:22.054315,2,Free-to-Play Powerhouses (2),4.948759890378168
1982120,Paper Animal Adventure,6.99,6.99,0,Very Positive,139.0,"7 Aug, 2025",Cuddling Raccoons Studio,RPG,"Early Access, Metroidvania, Pixel Graphics, 2D, Combat",Windows,2026-09-01T15:48:24.457146,3,Niche / Emerging Titles,4.941642422609304
1907180,"The Day We Met was a Regular Day in the Infinitely Looping Highschool, is That Normal?",0.0,0.0,0,Very Positive,140.0,"3 Mar, 2022",梦樱高校开发部,RPG,"Pixel Graphics, Casual, Singleplayer, 2D, Story Rich",Windows,2026-09-01T15:48:26.278873,2,Free-to-Play Powerhouses (2),4.948759890378168
2416500,Legends of Savvarah: Time of Pariah,3.49,3.49,0,Very Positive,140.0,"31 Jul, 2024",ST Sinovar,RPG,"RPG, Choose Your Own Adventure, Interactive Fiction, Story Rich, Nonlinear","Windows, Mac, Linux",2026-09-01T15:48:27.905078,2,Free-to-Play Powerhouses (2),4.948759890378168
2836990,Drunken Rogue,5.03,5.03,0,Very Positive,139.0,"20 Aug, 2026",2.6 billion years studio,RPG,"RPG, Deckbuilding, Card Game, Funny, Cute",Windows,2026-09-01T15:48:29.971530,3,Niche / Emerging Titles,4.941642422609304
2858430,Lake Minnewaska,0.0,0.0,0,Very Positive,146.0,"1 Jun, 2024",Bait Shack,RPG,"Indie, Adventure, RPG, Fishing, Free to Play","Windows, Mac",2026-09-01T15:48:31.920677,2,Free-to-Play Powerhouses (2),4.990432586778736
1956370,WTF Do You Know?,1.29,1.29,0,Very Positive,150.0,"2 May, 2022",Randumb Studios,RPG,"Simulation, Choices Matter, Multiple Endings, Visual Novel, Choose Your Own Adventure",Windows,2026-09-01T15:48:34.355002,2,Free-to-Play Powerhouses (2),5.017279836814924
4118140,Derby's Tycoon Online,0.0,0.0,0,Very Positive,153.0,"28 Mar, 2026",Hong Kong Gamestar Limited,RPG,"MOBA, Racing, Life Sim, Sports, Combat Racing",Windows,2026-09-01T15:48:35.339550,2,Free-to-Play Powerhouses (2),5.0369526024136295
3252920,Door Game Deluxe,0.0,0.0,0,Very Positive,157.0,"6 Feb, 2025",Rusty Hinge,RPG,"Comedy, RPG, Short, Multiple Endings, Text-Based",Windows,2026-09-01T15:48:36.980709,2,Free-to-Play Powerhouses (2),5.062595033026967
2689440,The Dawning Letters -Sunrise-,3.99,3.99,0,Very Positive,161.0,"1 Feb, 2025",戏幻言制作组,RPG,"Visual Novel, Female Protagonist, Dating Sim, Historical, Otome","Windows, Mac",2026-09-01T15:48:38.421587,2,Free-to-Play Powerhouses (2),5.087596335232384
563430,Void Pyramid,0.0,0.0,0,Very Positive,161.0,"5 Dec, 2016",A. Hagen,RPG,"RPG, Pixel Graphics, Sci-fi, Indie, Post-apocalyptic",Windows,2026-09-01T15:48:40.221593,2,Free-to-Play Powerhouses (2),5.087596335232384
3201530,巴哈姆特1-REMAKE(BAHAMUT1-REMAKE),5.49,5.49,0,Very Positive,170.0,"16 Jan, 2025",王韋,RPG,"RPG, RTS, Turn-Based Strategy, Real Time Tactics, 2D",Windows,2026-09-01T15:48:42.471465,3,Niche / Emerging Titles,5.14166355650266
421630,A Study in Steampunk: Choice by Gaslight,3.99,3.99,0,Very Positive,172.0,"20 Nov, 2015",Hosted Games,RPG,"Indie, RPG, Steampunk, Choose Your Own Adventure, Text-Based","Windows, Mac, Linux",2026-09-01T15:48:44.854864,2,Free-to-Play Powerhouses (2),5.153291594497779
3161850,Boosted Survivors,0.9,0.9,0,Very Positive,178.0,"29 Aug, 2024",Clarity Games,RPG,"RPG, Action Roguelike, Action, Sandbox, Arcade","Windows, Linux",2026-09-01T15:48:45.737110,2,Free-to-Play Powerhouses (2),5.187385805840755
2101220,书之旅人 Story Walker,0.0,0.0,0,Very Positive,187.0,"12 Aug, 2022",KARELITSUN薰,RPG,"Casual, Action RPG, 3D Platformer, 2.5D, Cartoony",Windows,2026-09-01T15:48:47.388232,2,Free-to-Play Powerhouses (2),5.236441962829949
1160020,AshenForest,4.69,4.69,0,Very Positive,189.0,"4 Jun, 2020",GentleRaven Games,RPG,"Indie, Action, Adventure, RPG, Side Scroller",Windows,2026-09-01T15:48:50.019242,3,Niche / Emerging Titles,5.247024072160486
2742730,Robot girl's dream -RobotBattleChampionship-,7.49,7.49,0,Very Positive,197.0,"16 Jan, 2025",DeskClub Games,RPG,"Adventure, Simulation, Visual Novel, Turn-Based Tactics, Roguelite",Windows,2026-09-01T15:48:50.854589,3,Niche / Emerging Titles,5.288267030694535
2563340,幻现的花海 - Sea of Phantom Flowers,0.0,0.0,0,Very Positive,199.0,"27 Jan, 2024",可爱因子工作室,RPG,"RPG, Female Protagonist, Emotional, Fantasy, Adventure",Windows,2026-09-01T15:48:52.821210,2,Free-to-Play Powerhouses (2),5.298317366548036
1802850,Yes My Lord,6.99,6.99,0,Very Positive,205.0,"16 Sep, 2022",Doubles Core,RPG,"Sexual Content, Nudity, JRPG, Adventure, RPG",Windows,2026-09-01T15:48:54.704374,3,Niche / Emerging Titles,5.327876168789581
1210230,Suits: Absolute Power,2.99,2.99,0,Very Positive,206.0,"16 Oct, 2020",Technomancy Studios,RPG,"Story Rich, RPG, Stylized, Party-Based RPG, Atmospheric",Windows,2026-09-01T15:48:56.480398,2,Free-to-Play Powerhouses (2),5.332718793265369
4289150,Can Your Otaku Cabinet Grow a Beautiful Girl?,5.66,5.66,0,Very Positive,211.0,"20 Aug, 2026",Survival Strategy ！,RPG,"Hentai, Sexual Content, Nudity, Roguelike, Survival",Windows,2026-09-01T15:48:58.491798,3,Niche / Emerging Titles,5.356586274672012
1248840,Sephonie,8.19,8.19,0,Very Positive,217.0,"12 Apr, 2022",Melos Han-Tani,RPG,"3D Platformer, Story Rich, Nature, Adventure, Atmospheric","Windows, Mac",2026-09-01T15:49:00.820455,3,Niche / Emerging Titles,5.384495062789089
328730,Letter Quest: Grimm's Journey,0.0,0.0,0,Very Positive,219.0,"20 Nov, 2014",Bacon Bandit Games,RPG,"Casual, Indie, Word Game, Puzzle, Singleplayer","Windows, Mac",2026-09-01T15:49:02.999954,2,Free-to-Play Powerhouses (2),5.393627546352362
2484580,Mushroom Musume,6.99,6.99,0,Very Positive,220.0,"20 Jun, 2025",Mortally Moonstruck Games,RPG,"Life Sim, RPG, Cute, Text-Based, Fantasy","Windows, Mac, Linux",2026-09-01T15:49:05.320359,3,Niche / Emerging Titles,5.3981627015177525
3516580,Ballshit,4.49,4.49,0,Very Positive,227.0,"24 Oct, 2025",疯兔游戏（FUNTOO Studio）,RPG,"Visual Novel, Text-Based, Adventure, Emotional, LGBTQ+","Windows, Mac",2026-09-01T15:49:06.488332,3,Niche / Emerging Titles,5.429345628954441
3126530,Jupiter Hell Classic,6.99,6.99,0,Very Positive,229.0,"13 Aug, 2025",ChaosForge,RPG,"Traditional Roguelike, Roguelike, Turn-Based Tactics, Grid-Based Movement, Procedural Generation",Windows,2026-09-01T15:49:08.602589,3,Niche / Emerging Titles,5.438079308923196
3109800,Illusion Box,3.99,3.99,0,Very Positive,235.0,"16 Apr, 2025",Bad Image,RPG,"Puzzle, Retro, Pixel Graphics, Adventure, Horror",Windows,2026-09-01T15:49:10.737581,3,Niche / Emerging Titles,5.4638318050256105
662210,Metal as Phuk,2.99,2.99,0,Very Positive,236.0,"13 Jul, 2017",Crankage Games,RPG,"Story Rich, Turn-Based Combat, Dark Comedy, Dark Humor, Pixel Graphics",Windows,2026-09-01T15:49:12.386769,2,Free-to-Play Powerhouses (2),5.4680601411351315
1040490,Prologue for a Vacant Kingdom,0.0,0.0,0,Very Positive,239.0,"18 Apr, 2019",shru,RPG,"Bullet Hell, Free to Play, Action, RPG, Indie","Windows, Mac",2026-09-01T15:49:14.086510,2,Free-to-Play Powerhouses (2),5.480638923341991
2953510,I Wanna Be A Game Dev!,0.0,0.0,0,Very Positive,239.0,"22 Nov, 2024",Lyko Studio,RPG,"Visual Novel, Time Management, Life Sim, Cute, RPG","Windows, Mac",2026-09-01T15:49:16.135517,2,Free-to-Play Powerhouses (2),5.480638923341991
3808460,Bird Game,0.0,0.0,0,Very Positive,255.0,"26 Jun, 2025",Black Jacket,RPG,"RPG, Design & Illustration, Exploration, Atmospheric, Puzzle",Windows,2026-09-01T15:49:18.406090,2,Free-to-Play Powerhouses (2),5.545177444479562
687830,Transparent Black,0.9,0.9,0,Very Positive,255.0,"24 Aug, 2017",LR Studio,RPG,"Indie, Gore, RPG, Adventure, Horror",Windows,2026-09-01T15:49:38.120798,2,Free-to-Play Powerhouses (2),5.545177444479562
1063190,绽于枝垂樱下~Flowering Across the Hakugyokurou,0.9,0.9,0,Very Positive,151.0,"12 Jul, 2019",凝冰剑斩,RPG,"RPG, Indie, Female Protagonist, Visual Novel, Faith",Windows,2026-09-01T15:49:39.970927,2,Free-to-Play Powerhouses (2),5.0238805208462765
3779390,Dungeon of Erotic Master Reboot,6.99,6.99,0,Very Positive,105.0,"6 Mar, 2026",Rushimarudo,RPG,"Female Protagonist, Dungeon Crawler, JRPG, RPG, Tactical RPG",Windows,2026-09-01T15:49:42.004101,3,Niche / Emerging Titles,4.663439094112067
3963520,Unusual Tales: Deep Below,3.99,3.99,0,Very Positive,73.0,"23 Jan, 2026",Jall,RPG,"Adventure, Horror, Action, Psychological Horror, First-Person",Windows,2026-09-01T15:49:43.704230,2,Free-to-Play Powerhouses (2),4.30406509320417
1865060,14 Minesweeper Variants,2.79,2.79,0,Overwhelmingly Positive,1584.0,"14 Nov, 2022",Alith Games,Strategy,"Puzzle, Logic, Minimalist, Experimental, Casual","Windows, Mac",2026-09-01T15:49:49.124286,0,Free-to-Play Powerhouses,7.368339686311381
1127500,Mini Motorways,5.49,5.49,0,Overwhelmingly Positive,16006.0,"20 Jul, 2021",Dinosaur Polo Club,Strategy,"Strategy, Simulation, Casual, Management, Minimalist","Windows, Mac",2026-09-01T15:49:50.154075,1,Popular Mid-Range,9.680781405546698
3846120,MineMogul,6.99,6.99,0,Overwhelmingly Positive,3126.0,"4 Dec, 2025",NoodleForge (Gvarados & Diomonder),Strategy,"Early Access, Automation, Building, Physics, Mining",Windows,2026-09-01T15:49:51.370744,1,Popular Mid-Range,8.047829357457841
18500,Defense Grid: The Awakening,5.49,5.49,0,Overwhelmingly Positive,3422.0,"8 Dec, 2008",Hidden Path Entertainment,Strategy,"Tower Defense, Strategy, Sci-fi, Singleplayer, Indie",Windows,2026-09-01T15:49:53.170810,1,Popular Mid-Range,8.138272638530186
2501600,DICEOMANCER,6.99,6.99,0,Overwhelmingly Positive,1517.0,"9 Oct, 2024",超厚皮猪猪 Ultra Piggy Studio,Strategy,"Strategy, Card Game, Roguelike Deckbuilder, Card Battler, Colorful",Windows,2026-09-01T15:49:55.037385,1,Popular Mid-Range,7.325148957955575
265890,Hexcells,1.89,1.89,0,Overwhelmingly Positive,2944.0,"19 Feb, 2014",Matthew Brown,Strategy,"Puzzle, Casual, Indie, Logic, Singleplayer","Windows, Mac, Linux",2026-09-01T15:49:57.570424,0,Free-to-Play Powerhouses,7.987864096085687
434170,The Jackbox Party Pack 3,3.82,3.82,0,Overwhelmingly Positive,4250.0,"17 Oct, 2016","Jackbox Games, Inc.",Strategy,"Local Multiplayer, Trivia, Multiplayer, Funny, Casual","Windows, Mac, Linux",2026-09-01T15:49:59.187263,0,Free-to-Play Powerhouses,8.35490952835879
78000,Bejeweled® 3,4.99,4.99,0,Overwhelmingly Positive,3936.0,"7 Dec, 2010","PopCap Games, Inc.",Strategy,"Puzzle, Casual, Match 3, Singleplayer, Strategy","Windows, Mac",2026-09-01T15:50:01.437276,1,Popular Mid-Range,8.278174290943738
1349230,5D Chess With Multiverse Time Travel,6.19,6.19,0,Overwhelmingly Positive,6584.0,"22 Jul, 2020",Conor Petersen,Strategy,"Chess, Time Travel, Time Manipulation, Board Game, Difficult","Windows, Mac, Linux",2026-09-01T15:50:03.437185,1,Popular Mid-Range,8.792549614177382
2186320,Ages of Conflict: World War Simulator,3.99,3.99,0,Overwhelmingly Positive,6045.0,"17 Feb, 2023",JoySpark Games,Strategy,"Sandbox, God Game, Simulation, Alternate History, Political Sim","Windows, Mac, Linux",2026-09-01T15:50:05.470722,0,Free-to-Play Powerhouses,8.707152175339404
2660460,Aviassembly,5.49,5.49,0,Overwhelmingly Positive,6468.0,"11 Apr, 2025",Jelle Booij,Strategy,"Building, Physics, Sandbox, Flight, Transportation",Windows,2026-09-01T15:50:07.153706,1,Popular Mid-Range,8.774776816043985
2666510,Rusty's Retirement,2.39,2.39,0,Overwhelmingly Positive,6568.0,"26 Apr, 2024",Mister Morris Games,Strategy,"Idler, Farming Sim, Automation, Desktop Companion, Management","Windows, Mac",2026-09-01T15:50:09.153929,0,Free-to-Play Powerhouses,8.790116892892472
1318690,shapez,5.49,5.49,0,Overwhelmingly Positive,8368.0,"7 Jun, 2020",Tobias Springer,Strategy,"Automation, Base Building, Resource Management, Sandbox, Crafting","Windows, Mac, Linux",2026-09-01T15:50:11.070304,1,Popular Mid-Range,9.032289682032873
2495980,Arrow a Row,0.0,0.0,0,Very Positive,1787.0,"20 Aug, 2023",Lonerangerix,Strategy,"Looter Shooter, Roguelite, Roguelike, Bullet Hell, Top-Down Shooter",Windows,2026-09-01T15:50:12.970333,0,Free-to-Play Powerhouses,7.488852955733459
1455840,Dorfromantik,4.41,4.41,0,Overwhelmingly Positive,15728.0,"28 Apr, 2022",Toukana Interactive,Strategy,"Puzzle, Relaxing, City Builder, Turn-Based Strategy, Casual","Windows, Mac",2026-09-01T15:50:15.053315,1,Popular Mid-Range,9.663261421240643
1948280,Stacklands,2.29,2.29,0,Overwhelmingly Positive,11893.0,"8 Apr, 2022",Sokpop Collective,Strategy,"Card Game, Management, Survival, Roguelite, Card Battler","Windows, Mac",2026-09-01T15:50:16.936610,0,Free-to-Play Powerhouses,9.38378935026654
1062090,Timberborn,11.99,11.99,0,Overwhelmingly Positive,23865.0,"12 Mar, 2026",Mechanistry,Strategy,"City Builder, Colony Sim, Voxel, Sandbox, Automation","Windows, Mac",2026-09-01T15:50:18.936639,1,Popular Mid-Range,10.0802101309296
1454400,Cookie Clicker,2.99,2.99,0,Overwhelmingly Positive,40274.09999999998,"1 Sep, 2021",Orteil,Strategy,"Incremental, Idler, Horror, Casual, Indie","Windows, Mac",2026-09-01T15:50:21.436915,0,Free-to-Play Powerhouses,10.603488690971949
1092790,Inscryption,9.99,9.99,0,Overwhelmingly Positive,40274.09999999998,"19 Oct, 2021",Daniel Mullins Games,Strategy,"Card Battler, Card Game, Story Rich, Deckbuilding, Horror","Windows, Mac, Linux",2026-09-01T15:50:22.953421,1,Popular Mid-Range,10.603488690971949
457140,Oxygen Not Included,8.49,8.49,0,Overwhelmingly Positive,40274.09999999998,"30 Jul, 2019",Klei Entertainment,Strategy,"Colony Sim, Base Building, Survival, Resource Management, Building","Windows, Mac, Linux",2026-09-01T15:50:24.620171,1,Popular Mid-Range,10.603488690971949
666610,Endless ATC,4.49,4.49,0,Overwhelmingly Positive,509.0,"19 Jul, 2017",startgrid,Strategy,"Flight, Management, Immersive Sim, Realistic, Simulation",Windows,2026-09-01T15:50:25.936670,3,Niche / Emerging Titles,6.234410725718371
3056840,A Bumpy Ride,6.99,6.99,0,Overwhelmingly Positive,561.0,"1 May, 2026",Cosmoporium Games,Strategy,"Trains, Casual, Driving, Arcade, Relaxing",Windows,2026-09-01T15:50:28.036756,3,Niche / Emerging Titles,6.331501849893691
4053520,Holo vs Robo,3.99,3.99,0,Overwhelmingly Positive,571.0,"18 Jan, 2026",Pompmaker1,Strategy,"Strategy, Tower Defense, Singleplayer, Hand-drawn, 2D",Windows,2026-09-01T15:50:30.236601,3,Niche / Emerging Titles,6.349138991379798
3774440,TOHOTOPIA,2.69,2.69,0,Overwhelmingly Positive,707.0,"14 May, 2026",Remilia Command,Strategy,"Early Access, 4X, Turn-Based Strategy, Grand Strategy, Anime",Windows,2026-09-01T15:50:34.086602,0,Free-to-Play Powerhouses,6.56244409369372
1146370,Master of Magic Classic,3.49,3.49,0,Overwhelmingly Positive,729.0,"25 Feb, 2020",SimTex,Strategy,"Strategy, Turn-Based, Fantasy, Classic, Demons",Windows,2026-09-01T15:50:36.069794,0,Free-to-Play Powerhouses,6.593044534142437
4075620,Combolands: Roguelike Citybuilder,6.29,6.29,0,Overwhelmingly Positive,791.0,"24 Aug, 2026",Crux Games,Strategy,"Strategy, Roguelike, Roguelite, City Builder, Roguelike Deckbuilder",Windows,2026-09-01T15:50:38.195174,3,Niche / Emerging Titles,6.674561391814426
422910,Creeper World: Anniversary Edition,2.99,2.99,0,Overwhelmingly Positive,911.0,"16 Nov, 2016",Knuckle Cracker,Strategy,"Strategy, Indie, Simulation, Tower Defense, RTS","Windows, Mac",2026-09-01T15:50:40.686511,0,Free-to-Play Powerhouses,6.815639990074331
2390230,The Chef's Shift,6.49,6.49,0,Overwhelmingly Positive,1923.0,"31 Mar, 2025",Panitia GameDev,Strategy,"Cooking, Typing, Time Management, Crime, Simulation","Windows, Mac",2026-09-01T15:50:42.036327,1,Popular Mid-Range,7.562161631225652
260750,Neighbours from Hell Compilation,0.0,0.0,0,Overwhelmingly Positive,561.0,"7 Nov, 2013",JoWooD Vienna,Strategy,"Comedy, Casual, Classic, Funny, Puzzle",Windows,2026-09-01T15:50:43.836479,2,Free-to-Play Powerhouses (2),6.331501849893691
4160210,The Artisan of Glimmith,6.49,6.49,0,Overwhelmingly Positive,1400.0,"17 Mar, 2026",Lunarch Studios,Strategy,"Puzzle, Logic, Cozy, Casual, Strategy",Windows,2026-09-01T15:50:46.136116,1,Popular Mid-Range,7.244941546337007
1333910,Sizeable,4.69,4.69,0,Overwhelmingly Positive,869.0,"19 Mar, 2021",Business Goose Studios,Strategy,"Casual, Puzzle, Hidden Object, Indie, Relaxing","Windows, Mac",2026-09-01T15:50:48.169694,3,Niche / Emerging Titles,6.76849321164863
2097570,StarVaders,12.49,12.49,0,Overwhelmingly Positive,2213.0,"30 Apr, 2025",Pengonauts,Strategy,"Roguelike Deckbuilder, Deckbuilding, Turn-Based Tactics, Roguelite, Difficult","Windows, Mac",2026-09-01T15:50:50.451297,1,Popular Mid-Range,7.7025561132685825
2678990,Minami Lane,2.99,2.99,0,Overwhelmingly Positive,4418.0,"28 Feb, 2024",Blibloop,Strategy,"Cute, Casual, Life Sim, Relaxing, Management","Windows, Mac, Linux",2026-09-01T15:50:52.203054,0,Free-to-Play Powerhouses,8.39366870513074
3115220,Town to City,14.49,14.49,0,Overwhelmingly Positive,4150.0,"26 May, 2026",Galaxy Grove,Strategy,"City Builder, Building, Cozy, Voxel, Relaxing",Windows,2026-09-01T15:50:53.502925,5,Premium Blockbusters,8.33110454805304
3480,Peggle Deluxe,4.99,4.99,0,Overwhelmingly Positive,10810.0,"6 Mar, 2007","PopCap Games, Inc.",Strategy,"Casual, Puzzle, Arcade, Singleplayer, Addictive","Windows, Mac",2026-09-01T15:50:55.419503,1,Popular Mid-Range,9.288319413292772
2162800,shapez 2 - Factory,9.99,9.99,0,Overwhelmingly Positive,8768.0,"23 Apr, 2026",tobspr Games,Strategy,"Automation, Management, Strategy, Building, Futuristic","Windows, Mac, Linux",2026-09-01T15:50:57.536383,1,Popular Mid-Range,9.078978053779355
3688740,Deserter: Prologue,0.0,0.0,0,Very Positive,74.0,"26 Aug, 2025",AskaLot Games,RPG,"RPG, Stealth, Real Time Tactics, Immersive Sim, Action",Windows,2026-09-01T15:51:37.135442,2,Free-to-Play Powerhouses (2),4.31748811353631
3269080,Burntime Remastered,0.0,0.0,0,Very Positive,74.0,"17 Dec, 2024",Jakob Harder,RPG,"Strategy, RPG, Post-apocalyptic, Isometric, Inventory Management",Windows,2026-09-01T15:51:38.735636,2,Free-to-Play Powerhouses (2),4.31748811353631
1110380,Fit For a King,6.29,6.29,0,Very Positive,74.0,"5 Sep, 2019",Brent Ellison,RPG,"Multiple Endings, CRPG, Collectathon, Political Sim, Exploration",Windows,2026-09-01T15:51:41.135675,3,Niche / Emerging Titles,4.31748811353631
2238440,The Last Craftsman,5.49,5.49,0,Very Positive,74.0,"3 Sep, 2025",AuraTummyache,RPG,"Adventure, RPG, Simulation, Card Game, Farming Sim","Windows, Mac, Linux",2026-09-01T15:51:42.935550,3,Niche / Emerging Titles,4.31748811353631
2190570,Corsair`s Madness Prologue: Jungle`s Island,0.0,0.0,0,Very Positive,77.0,"3 Feb, 2023",Old Prawn,RPG,"Side Scroller, 2D Platformer, Choose Your Own Adventure, Precision Platformer, Runner",Windows,2026-09-01T15:51:45.352243,2,Free-to-Play Powerhouses (2),4.356708826689592
1773410,"tERRORbane: an INTRODUCTION, mostly",0.0,0.0,0,Very Positive,77.0,"13 Oct, 2021",BitNine Studio,RPG,"Adventure, Indie, RPG, Casual, Choose Your Own Adventure",Windows,2026-09-01T15:51:47.118624,2,Free-to-Play Powerhouses (2),4.356708826689592
2091630,EXS2～EthnologySister2：Structuralism of kinship system,0.0,0.0,0,Very Positive,77.0,"20 Jan, 2023",周农卿,RPG,"Visual Novel, Interactive Fiction, Mystery, Philosophical, Puzzle",Windows,2026-09-01T15:51:49.535070,2,Free-to-Play Powerhouses (2),4.356708826689592
466430,Choice of Alexandria,2.49,2.49,0,Very Positive,77.0,"10 Jun, 2016",Choice of Games,RPG,"Adventure, Indie, RPG, Choose Your Own Adventure, Text-Based","Windows, Mac, Linux",2026-09-01T15:51:51.918673,2,Free-to-Play Powerhouses (2),4.356708826689592
3016520,The Jiang Shi 2 ：Curse of  Soul,0.54,0.54,0,Very Positive,78.0,"23 Jan, 2025",谭浩翔,RPG,"RPG, FPS, Female Protagonist, 3D, Story Rich",Windows,2026-09-01T15:51:52.385357,2,Free-to-Play Powerhouses (2),4.3694478524670215
2781190,DragonLoop: Prologue,0.0,0.0,0,Very Positive,84.0,"20 May, 2025",沙因小分队,RPG,"Time Manipulation, Time Travel, Action, Metroidvania, Dragons",Windows,2026-09-01T15:51:54.635283,2,Free-to-Play Powerhouses (2),4.442651256490317
1582410,Manafinder,6.79,6.79,0,Very Positive,86.0,"5 Oct, 2022",Wolfsden LLC,RPG,"RPG, Exploration, JRPG, Story Rich, Female Protagonist","Windows, Mac",2026-09-01T15:51:56.935227,3,Niche / Emerging Titles,4.465908118654584
2974620,SignaNota,5.49,5.49,0,Very Positive,89.0,"25 Apr, 2025",IvoryHand,RPG,"Pixel Graphics, Action, Story Rich, Adventure, Casual",Windows,2026-09-01T15:51:58.968561,3,Niche / Emerging Titles,4.499809670330265
3777020,Service with a Shotgun,1.14,1.14,0,Very Positive,90.0,"6 Nov, 2025",Nolyn Vansyckle,RPG,"Pixel Graphics, Visual Novel, FPS, Text-Based, Post-apocalyptic",Windows,2026-09-01T15:52:01.138957,2,Free-to-Play Powerhouses (2),4.51085950651685
2717050,幸存者幻想曲 Survivor Fantasia,0.9,0.9,0,Very Positive,94.0,"17 Feb, 2024",南柯一梦,RPG,"Adventure, Action, Strategy, RPG, Action-Adventure",Windows,2026-09-01T15:52:02.368651,2,Free-to-Play Powerhouses (2),4.553876891600541
579980,Lost Eden,9.99,9.99,0,Very Positive,94.0,"13 Feb, 2017",Cryo Interactive,RPG,"Adventure, Strategy, Dinosaurs, First-Person, Atmospheric","Windows, Mac, Linux",2026-09-01T15:52:04.385048,3,Niche / Emerging Titles,4.553876891600541
673910,Wrestling Revolution 2D,2.99,2.99,0,Very Positive,96.0,"26 Jun, 2021",MDickie,RPG,"Wrestling, Simulation, Sports, Indie, Cartoony",Windows,2026-09-01T15:52:06.335137,2,Free-to-Play Powerhouses (2),4.574710978503383
3031590,13F,2.49,2.49,0,Very Positive,96.0,"20 Jun, 2024",PixelCat,RPG,"Adventure, Simulation, RPG, Dating Sim, Roguelike",Windows,2026-09-01T15:52:08.103102,2,Free-to-Play Powerhouses (2),4.574710978503383
3787340,Trials of Valor,5.49,5.49,0,Very Positive,97.0,"5 Mar, 2026",Armored Goblin,RPG,"Action Roguelike, 2D Fighter, Hack and Slash, Roguelite, Perma Death",Windows,2026-09-01T15:52:09.685059,3,Niche / Emerging Titles,4.584967478670572
1858950,Steel Century Groove,8.49,8.49,0,Very Positive,98.0,"28 Jan, 2026",Sloth Gloss Games,RPG,"Rhythm, Mechs, JRPG, Music, Story Rich",Windows,2026-09-01T15:52:11.634956,3,Niche / Emerging Titles,4.59511985013459
1895920,白晓,0.0,0.0,0,Very Positive,99.0,"2 May, 2022",创软Creating Software,RPG,"RPG, Visual Novel, Interactive Fiction, CRPG, 2D",Windows,2026-09-01T15:52:12.734878,2,Free-to-Play Powerhouses (2),4.605170185988092
968420,Fururu Project : Ruby,2.99,2.99,0,Very Positive,99.0,"18 Feb, 2019",Meowshmallow Studio,RPG,"Adventure, Indie, RPG, Cute, Anime","Windows, Mac, Linux",2026-09-01T15:52:14.823193,2,Free-to-Play Powerhouses (2),4.605170185988092
343370,SLAMMED!,3.99,3.99,0,Very Positive,103.0,"30 Jan, 2015",Choice of Games,RPG,"Indie, RPG, Choose Your Own Adventure, Wrestling, Text-Based","Windows, Mac, Linux",2026-09-01T15:52:16.551641,2,Free-to-Play Powerhouses (2),4.6443908991413725
3491230,Monster Girls and the Mysterious Adventure Remastered Edition,5.49,5.49,0,Very Positive,103.0,"14 Mar, 2025",NEKOTOKAGE GAMES,RPG,"Hack and Slash, Mystery Dungeon, RPG, Turn-Based Strategy, Strategy",Windows,2026-09-01T15:52:18.168066,3,Niche / Emerging Titles,4.6443908991413725
2174600,Fairyside,0.0,0.0,0,Very Positive,105.0,"1 Nov, 2022",Kiyummi Games,RPG,"Action Roguelike, Twin Stick Shooter, Bullet Hell, Visual Novel, Shoot 'Em Up","Windows, Mac, Linux",2026-09-01T15:52:19.868025,2,Free-to-Play Powerhouses (2),4.663439094112067
2368130,Bearskull,0.0,0.0,0,Very Positive,106.0,"13 Apr, 2023",DreamStudios,RPG,"Adventure, Dungeon Crawler, 3D, Cute, Action-Adventure",Windows,2026-09-01T15:52:22.234646,2,Free-to-Play Powerhouses (2),4.672828834461906
2222970,Blood Wizard Odyssey,0.0,0.0,0,Very Positive,106.0,"12 Dec, 2022",GNOMEPUNK,RPG,"RPG, 2D, Top-Down, Adventure, Funny","Windows, Mac",2026-09-01T15:52:23.967905,2,Free-to-Play Powerhouses (2),4.672828834461906
1313940,My Holiday 2,5.08,5.08,0,Very Positive,106.0,"5 Oct, 2020",StellarXiela,RPG,"RPG, Turn-Based, Funny, JRPG, Anime",Windows,2026-09-01T15:52:25.842240,3,Niche / Emerging Titles,4.672828834461906
3104030,oath,1.89,1.89,0,Very Positive,107.0,"2 Sep, 2024",vai5000,RPG,"Casual, Software, Interactive Fiction, Visual Novel, 2D","Windows, Mac, Linux",2026-09-01T15:52:28.135296,2,Free-to-Play Powerhouses (2),4.68213122712422
1756020,Super Roboy,6.99,6.99,0,Very Positive,108.0,"20 Jan, 2025",Vincent Penning,RPG,"Metroidvania, Exploration, Hand-drawn, Platformer, Action",Windows,2026-09-01T15:52:30.151326,3,Niche / Emerging Titles,4.6913478822291435
1131750,Alien Squatter,0.0,0.0,0,Very Positive,109.0,"30 Sep, 2019",A. Hagen,RPG,"RPG, Indie, Simulation, Sandbox, Pixel Graphics",Windows,2026-09-01T15:52:31.668339,2,Free-to-Play Powerhouses (2),4.700480365792417
1933640,原灵·深海遗梦 Medusa the Origin ~ Lost Dream of the Deep,0.0,0.0,0,Very Positive,114.0,"27 Mar, 2022",原灵·深海遗梦制作组,RPG,"RPG, Visual Novel, Female Protagonist, Casual, Multiple Endings",Windows,2026-09-01T15:52:33.334477,2,Free-to-Play Powerhouses (2),4.74493212836325
4539530,Snap the Cat,3.14,3.14,0,Very Positive,117.0,"25 Aug, 2026",KORO.GAMES,RPG,"Incremental, Casual, Idler, Relaxing, Strategy","Windows, Mac, Linux",2026-09-01T15:52:35.251189,2,Free-to-Play Powerhouses (2),4.770684624465665
2075630,Enelia: Dawn of Madness,4.49,4.49,0,Very Positive,116.0,"11 Jul, 2024",Indra Studio,RPG,"Early Access, Visual Novel, Story Rich, Adventure, Horror",Windows,2026-09-01T15:52:37.450984,3,Niche / Emerging Titles,4.762173934797756
766560,The Fruitless Flower 雾雨中的徒花,0.9,0.9,0,Very Positive,118.0,"9 Mar, 2018",凝冰剑斩,RPG,"Indie, RPG, Visual Novel, Female Protagonist, Anime",Windows,2026-09-01T15:52:39.167881,2,Free-to-Play Powerhouses (2),4.77912349311153
1736300,LIBLADE,3.99,3.99,0,Very Positive,119.0,"6 Nov, 2021",Eh,RPG,"Spectacle fighter, Side Scroller, Action RPG, Difficult, Hack and Slash",Windows,2026-09-01T15:52:41.484309,2,Free-to-Play Powerhouses (2),4.787491742782046
2635930,Snowman Story,2.99,2.99,0,Very Positive,120.0,"16 Dec, 2023",Odencat,RPG,"Adventure, Casual, RPG, Action-Adventure, JRPG","Windows, Mac, Linux",2026-09-01T15:52:42.884251,2,Free-to-Play Powerhouses (2),4.795790545596741
1004210,Pandamonia 潘德莫尼亚,0.9,0.9,0,Very Positive,122.0,"29 Apr, 2019",Running Hoffman,RPG,"Gore, Violent, Action, Indie, Casual",Windows,2026-09-01T15:52:44.924721,2,Free-to-Play Powerhouses (2),4.812184355372417
1174090,Unicorn Tails,1.64,1.64,0,Very Positive,123.0,"22 Jun, 2020",RavenFist Studios LLC,RPG,"Adventure, RPG, Indie, Casual, Simulation",Windows,2026-09-01T15:52:47.067648,2,Free-to-Play Powerhouses (2),4.820281565605037
3346820,Progress Racer RPG,1.99,1.99,0,Very Positive,131.0,"17 Jun, 2025",Cameron Ladjevardi,RPG,"Incremental, Casual, Racing, Automation, Driving",Windows,2026-09-01T15:52:48.834298,2,Free-to-Play Powerhouses (2),4.882801922586371
1383720,Cyber-doge 2077: Meme runner,1.29,1.29,0,Very Positive,134.0,"1 Sep, 2020",Take Toad,RPG,"Dogs, Indie, Casual, Action, Adventure",Windows,2026-09-01T15:52:50.667401,2,Free-to-Play Powerhouses (2),4.90527477843843
2323580,Before The Green Moon,6.19,6.19,0,Very Positive,137.0,"14 Mar, 2023",Turnfollow,RPG,"Sci-fi, Farming, Nature, Story Rich, Atmospheric","Windows, Mac",2026-09-01T15:52:52.434126,3,Niche / Emerging Titles,4.927253685157205
327950,Sword of the Samurai,2.79,2.79,0,Very Positive,136.0,"17 Oct, 2014",MicroProse Software,RPG,"Adventure, Simulation, Samurai, Retro, Historical","Windows, Mac, Linux",2026-09-01T15:52:53.867327,2,Free-to-Play Powerhouses (2),4.919980925828125
3620740,Paper Kite: Threads of Longing,5.49,5.49,0,Very Positive,138.0,"4 Oct, 2025",依露琳（武汉）品牌管理有限公司,RPG,"2D Platformer, Visual Novel, Interactive Fiction, 2D, RPG",Windows,2026-09-01T15:52:56.217439,3,Niche / Emerging Titles,4.9344739331306915
2965680,Malleus Cocconum: The Heiress,9.99,9.99,0,Very Positive,140.0,"15 Jan, 2025",Domus Aurea,RPG,"Dark, Mystery, RPG, Psychological Horror, Visual Novel","Windows, Mac, Linux",2026-09-01T15:52:57.033962,3,Niche / Emerging Titles,4.948759890378168
1579660,Wyvia,5.49,5.49,0,Very Positive,142.0,"18 Oct, 2023",Blast Programming,RPG,"Action-Adventure, Medieval, Action RPG, Hack and Slash, Pixel Graphics","Windows, Linux",2026-09-01T15:52:58.717296,3,Niche / Emerging Titles,4.962844630259907
3547790,My Wife,1.29,1.29,0,Very Positive,143.0,"10 Apr, 2025",Neko Game,RPG,"Cute, Anime, Emotional, Casual, Female Protagonist",Windows,2026-09-01T15:53:00.767458,2,Free-to-Play Powerhouses (2),4.969813299576001
1132880,The Pilgrim,0.0,0.0,0,Very Positive,151.0,"16 Aug, 2019",Freeminds,RPG,"Free to Play, Puzzle, Hidden Object, Adventure, Indie",Windows,2026-09-01T15:53:02.857983,2,Free-to-Play Powerhouses (2),5.0238805208462765
1569180,The Kotonoha Sisters and the Legend of Lysant Island,7.49,7.49,0,Very Positive,149.0,"3 Jun, 2021",DeskClub Games,RPG,"RPG, Cute, 2.5D, Action RPG, Choose Your Own Adventure",Windows,2026-09-01T15:53:04.933760,3,Niche / Emerging Titles,5.0106352940962555
2299040,DIGITAL EXORCIST case_(0);,0.0,0.0,0,Very Positive,167.0,"27 Apr, 2023",COOL BEANS PRODUCTIONS,RPG,"Adventure, Visual Novel, Singleplayer, Story Rich, Detective",Windows,2026-09-01T15:53:06.950339,2,Free-to-Play Powerhouses (2),5.123963979403259
283270,Jagged Alliance 1: Gold Edition,5.49,5.49,0,Very Positive,167.0,"23 Apr, 2014",Sir-Tech,RPG,"Strategy, RPG, Classic, Action, Turn-Based","Windows, Mac, Linux",2026-09-01T15:53:09.183796,3,Niche / Emerging Titles,5.123963979403259
1495940,WhiteClothes,0.0,0.0,0,Very Positive,169.0,"30 May, 2023",MokomuGame,RPG,"RPG, Party-Based RPG, Cute, Tactical RPG, Sexual Content","Windows, Mac",2026-09-01T15:53:11.200364,2,Free-to-Play Powerhouses (2),5.135798437050262
686770,The Wind and Wilting Blossom,5.49,5.49,0,Very Positive,167.0,"11 Dec, 2020",Picklefeet Games,RPG,"Indie, Strategy, RPG, Turn-Based Tactics, Tactical","Windows, Mac",2026-09-01T15:53:12.867015,3,Niche / Emerging Titles,5.123963979403259
2025650,FAREWELL SEN,0.0,0.0,0,Very Positive,172.0,"28 Oct, 2022",amoxy,RPG,"RPG, Free to Play, 2D, Top-Down, Turn-Based Combat",Windows,2026-09-01T15:53:14.933902,2,Free-to-Play Powerhouses (2),5.153291594497779
873230,The King's Request: Physiology and Anatomy Revision Game,0.0,0.0,0,Very Positive,184.0,"24 Jun, 2018",Physiology with Dr Christian,RPG,"Adventure, RPG, Free to Play, Casual, Education","Windows, Mac, Linux",2026-09-01T15:53:16.717054,2,Free-to-Play Powerhouses (2),5.220355825078324
1625720,The Dream Libra had,0.0,0.0,0,Very Positive,185.0,"26 May, 2021",Laineus,RPG,"Supernatural, Exploration, Multiple Endings, Collectathon, Atmospheric","Windows, Mac, Linux",2026-09-01T15:53:19.000189,2,Free-to-Play Powerhouses (2),5.225746673713202
876850,WhiteLily 1：丽丽公主,2.99,2.99,0,Very Positive,191.0,"16 Aug, 2018",游学者狐狸,RPG,"RPG, Casual, Adventure, Indie, Strategy",Windows,2026-09-01T15:53:19.969591,2,Free-to-Play Powerhouses (2),5.2574953720277815
1124060,Touhou Shoujo Tale of Beautiful Memories / 東方少女綺想譚,10.49,10.49,0,Very Positive,191.0,"22 Aug, 2019",The N Main Shop,RPG,"RPG, Indie, Pixel Graphics, Female Protagonist, Faith",Windows,2026-09-01T15:53:22.435940,3,Niche / Emerging Titles,5.2574953720277815
1361110,Karen: An Outrage Simulator,1.89,1.89,0,Very Positive,193.0,"27 Aug, 2020",Vagabond Dog,RPG,"Choose Your Own Adventure, Memes, Comedy, Diplomacy, Dialogue Heavy",Windows,2026-09-01T15:53:24.050247,2,Free-to-Play Powerhouses (2),5.267858159063328
865880,天岚行 - Through the Mist and Sky,0.0,0.0,0,Very Positive,197.0,"6 Jun, 2018",FHNBHJ,RPG,"Free to Play, Indie, RPG, Adventure",Windows,2026-09-01T15:53:25.533650,2,Free-to-Play Powerhouses (2),5.288267030694535
777200,KOEWOTAYORINI SP / 声之寄托SP,1.29,1.29,0,Very Positive,195.0,"13 Feb, 2018",あみそ組,RPG,"Adventure, Anime, Indie, RPG, Visual Novel",Windows,2026-09-01T15:53:26.383596,2,Free-to-Play Powerhouses (2),5.278114659230517
557750,Giants: Citizen Kabuto,8.19,8.19,0,Very Positive,197.0,"2 Dec, 2016",Planet Moon Studios,RPG,"Action, Adventure, RPG, Resource Management, Violent",Windows,2026-09-01T15:53:27.583680,3,Niche / Emerging Titles,5.288267030694535
2506440,Trolddom,5.49,5.49,0,Very Positive,205.0,"5 Nov, 2025",Plant Based Games,RPG,"RPG, Roguelite, PvE, PvP, MMORPG",Windows,2026-09-01T15:53:28.916714,3,Niche / Emerging Titles,5.327876168789581
4754090,诡宅祭坛,1.39,1.39,0,Very Positive,210.0,"28 Jul, 2026",花点未来工作室,RPG,"RPG, Cinematic, Visual Novel, Horror, Mystery",Windows,2026-09-01T15:53:31.150078,2,Free-to-Play Powerhouses (2),5.351858133476067
2305480,觅光：第一章 - Seeking Light : Chapter 1,0.0,0.0,0,Very Positive,211.0,"24 Mar, 2023",莓莓动物园,RPG,"RPG, Casual, Life Sim, Dialogue Heavy, Exploration",Windows,2026-09-01T15:53:33.166788,2,Free-to-Play Powerhouses (2),5.356586274672012
1486450,The Lonesome Guild,11.24,11.24,0,Very Positive,214.0,"23 Oct, 2025",Tiny Bull Studios,RPG,"Action-Adventure, Story Rich, Lore-Rich, Fantasy, RPG",Windows,2026-09-01T15:53:34.966791,3,Niche / Emerging Titles,5.3706380281276624
2169120,Lords of Infinity,6.19,6.19,0,Very Positive,217.0,"2 Mar, 2023",Hosted Games,RPG,"Casual, RPG, Political Sim, Text-Based, Diplomacy","Windows, Mac, Linux",2026-09-01T15:53:37.299985,3,Niche / Emerging Titles,5.384495062789089
1878570,Immortal Mantis,1.29,1.29,0,Very Positive,226.0,"22 Apr, 2022",Bitlife,RPG,"Assassins, Psychological Horror, Horror, Gore, Multiple Endings",Windows,2026-09-01T15:53:39.001284,2,Free-to-Play Powerhouses (2),5.424950017481403
2720010,Rogue Fable IV,6.19,6.19,0,Very Positive,234.0,"26 Jan, 2024",Pixel Forge Games,RPG,"Early Access, Roguelike, Traditional Roguelike, Dungeon Crawler, 2D","Windows, Mac",2026-09-01T15:53:40.749863,3,Niche / Emerging Titles,5.459585514144159
1630570,EXS1～EthnologySister：Cultural functionalism,0.0,0.0,0,Very Positive,250.0,"19 Aug, 2021",周农卿,RPG,"2D Platformer, Incremental, Interactive Fiction, Visual Novel, RPG",Windows,2026-09-01T15:53:42.799806,2,Free-to-Play Powerhouses (2),5.5254529391317835
1141290,Tactical Nexus,0.0,0.0,0,Very Positive,250.0,"11 Nov, 2019",Team-Tactical Nexus,RPG,"Free to Play, Indie, RPG, Strategy, Simulation",Windows,2026-09-01T15:53:44.783035,2,Free-to-Play Powerhouses (2),5.5254529391317835
755410,Vengeful Rites,8.19,8.19,0,Very Positive,252.0,"29 Jul, 2021",Deep Dive Interactive,RPG,"Action, Adventure, Indie, RPG, VR",Windows,2026-09-01T15:53:47.016315,3,Niche / Emerging Titles,5.53338948872752
502230,Monsters' Den: Book of Dread,2.99,2.99,0,Very Positive,255.0,"19 Jul, 2016",Monstrum,RPG,"Dungeon Crawler, Perma Death, Turn-Based, Party-Based RPG, Roguelike",Windows,2026-09-01T15:53:48.766385,2,Free-to-Play Powerhouses (2),5.545177444479562
2581570,封神榜2023,8.19,8.19,0,Very Positive,269.0,"29 Sep, 2023",FC Maker,RPG,"RPG, Strategy, Adventure, Casual, Mythology",Windows,2026-09-01T15:53:50.516548,3,Niche / Emerging Titles,5.598421958998375
1161640,Kowloon's Curse: Lost Report,0.0,0.0,0,Very Positive,271.0,"22 Mar, 2023",Studio [notes.],RPG,"Adventure, RPG, JRPG, Visual Novel, 3D",Windows,2026-09-01T15:53:52.716569,2,Free-to-Play Powerhouses (2),5.605802066295998
2627780,DATE A LIVE: Ren Dystopia,12.99,12.99,0,Very Positive,276.0,"5 Sep, 2024",Idea Factory,RPG,"Visual Novel, Dating Sim, Anime, Romance, Cute",Windows,2026-09-01T15:53:54.832979,3,Niche / Emerging Titles,5.6240175061873385
873890,Legends of Amberland: The Forgotten Crown,8.19,8.19,0,Very Positive,284.0,"1 Aug, 2019",Silver Lemur Games,RPG,"RPG, Party-Based RPG, Dungeon Crawler, Grid-Based Movement, Turn-Based Combat",Windows,2026-09-01T15:53:56.766401,3,Niche / Emerging Titles,5.652489180268651
2063530,Methods: The Canada Files,8.19,8.19,0,Very Positive,297.0,"5 Mar, 2026",LockedOn Games,RPG,"Investigation, Casual, 2D, Detective, Visual Novel","Windows, Mac, Linux",2026-09-01T15:53:58.548807,3,Niche / Emerging Titles,5.697093486505405
2064490,Art Reborn: Painting Connoisseur,3.99,3.99,0,Very Positive,303.0,"16 Aug, 2023",MuccyGames,RPG,"Simulation, Casual, Match 3, Cute, RPG","Windows, Mac",2026-09-01T15:54:00.332785,3,Niche / Emerging Titles,5.717027701406222
1266100,Vampire: The Masquerade — Parliament of Knives,6.19,6.19,0,Very Positive,304.0,"28 Oct, 2021",Choice of Games,RPG,"RPG, Indie, Adventure, Casual, Vampires","Windows, Mac, Linux",2026-09-01T15:54:02.683016,3,Niche / Emerging Titles,5.720311776607412
1886830,The Legend of The Sacred Stone EX,7.99,7.99,0,Very Positive,309.0,"11 Mar, 2022","USERJOY Technology Co.,Ltd.",RPG,"Adventure, RPG, Interactive Fiction, 2D Platformer, 3D Platformer",Windows,2026-09-01T15:54:04.366403,3,Niche / Emerging Titles,5.736572297479192
1629830,Research Story,6.99,6.99,0,Very Positive,307.0,"21 Jul, 2025",Petal Cat Games,RPG,"Farming Sim, Life Sim, Simulation, Agriculture, RPG",Windows,2026-09-01T15:54:05.182735,3,Niche / Emerging Titles,5.730099782973574
344860,Crystal Story II,1.89,1.89,0,Very Positive,308.0,"6 Feb, 2015",Lanstrash,RPG,"RPG, JRPG, Turn-Based Combat, Story Rich, Indie","Windows, Mac",2026-09-01T15:54:06.416180,2,Free-to-Play Powerhouses (2),5.733341276897746
1812760,白花 the white flower,0.0,0.0,0,Very Positive,311.0,"22 Dec, 2021",xp,RPG,"RPG, Interactive Fiction, Text-Based, Casual, Adventure",Windows,2026-09-01T15:54:07.832745,2,Free-to-Play Powerhouses (2),5.7430031878094825
497800,Golden Krone Hotel,5.49,5.49,0,Very Positive,313.0,"26 Oct, 2017",Vulgat,RPG,"Traditional Roguelike, Turn-Based, Roguelike, Dungeon Crawler, Perma Death","Windows, Mac, Linux",2026-09-01T15:54:10.082703,3,Niche / Emerging Titles,5.749392985908253
869840,羽翼的祈愿 - Feather Of Praying,1.29,1.29,0,Very Positive,315.0,"6 Jun, 2018",秋之忧郁,RPG,"Adventure, RPG, Indie, Female Protagonist, Horror",Windows,2026-09-01T15:54:11.916207,2,Free-to-Play Powerhouses (2),5.755742213586912
573170,Fidel Dungeon Rescue,5.49,5.49,0,Very Positive,316.0,"1 Aug, 2017",Daniel Benmergui,RPG,"Dungeon Crawler, Roguelite, Dogs, Puzzle, Replay Value","Windows, Mac",2026-09-01T15:54:13.182617,3,Niche / Emerging Titles,5.75890177387728
461700,Seduce Me 2: The Demon War,2.99,2.99,0,Very Positive,335.0,"23 May, 2016",Michaela Laws,RPG,"Visual Novel, Nudity, Romance, Otome, Female Protagonist","Windows, Mac, Linux",2026-09-01T15:54:14.957445,2,Free-to-Play Powerhouses (2),5.817111159963204
1552250,Three of Cards,0.0,0.0,0,Very Positive,347.0,"4 Mar, 2021",Sparky Studios,RPG,"Action RPG, Superhero, Story Rich, Puzzle, Atmospheric",Windows,2026-09-01T15:54:16.716061,2,Free-to-Play Powerhouses (2),5.8522024797744745
1865670,Touhou Gensokyo Odyssey,4.69,4.69,0,Very Positive,355.0,"16 Apr, 2024",Kronington,RPG,"Funny, Bullet Hell, Visual Novel, Comedy, Combat","Windows, Mac, Linux",2026-09-01T15:54:17.649416,3,Niche / Emerging Titles,5.87493073085203
2886620,Hive Blight,6.19,6.19,0,Very Positive,355.0,"9 Mar, 2026",OptizOnion,RPG,"Early Access, Strategy, Auto Battler, Roguelike, PvE",Windows,2026-09-01T15:54:19.432519,3,Niche / Emerging Titles,5.87493073085203
1714580,moon: Remix RPG Adventure,7.99,7.99,0,Very Positive,356.0,"15 Dec, 2021",Onion Games,RPG,"Story Rich, Adventure, Soundtrack, RPG, Creature Collector","Windows, Mac",2026-09-01T15:54:21.315703,3,Niche / Emerging Titles,5.877735781779639
3898860,"Roommates, Romance, and Ringing Hearts",4.95,4.95,0,Very Positive,368.0,"3 Mar, 2026",TV Asahi Corporation,RPG,"Sexual Content, Dating Sim, FMV, Romance, Visual Novel","Windows, Mac",2026-09-01T15:54:22.665978,3,Niche / Emerging Titles,5.910796644040527
2738940,Voids Vigil,1.94,1.94,0,Very Positive,376.0,"10 Mar, 2025",caiys,RPG,"Singleplayer, Roguelike, Action Roguelike, Sci-fi, Survival",Windows,2026-09-01T15:54:24.415755,2,Free-to-Play Powerhouses (2),5.932245187448011
3200290,Sister Ray,6.19,6.19,0,Very Positive,378.0,"1 Jun, 2026",The Growing Stones,RPG,"RPG, Story Rich, Side Scroller, Choices Matter, Dialogue Heavy","Windows, Linux",2026-09-01T15:54:26.499073,3,Niche / Emerging Titles,5.937536205082426
2196980,Arcadie: Second-Born,4.99,4.99,0,Very Positive,388.0,"9 Dec, 2022",Arcadie & Utopie,RPG,"Interactive Fiction, Story Rich, Choices Matter, Fantasy, Romance","Windows, Mac",2026-09-01T15:54:28.782303,3,Niche / Emerging Titles,5.963579343618446
359400,Why Am I Dead At Sea,2.99,2.99,0,Very Positive,393.0,"11 May, 2015",Peltast Software,RPG,"Adventure, Indie, RPG, Mystery, Pixel Graphics","Windows, Mac",2026-09-01T15:54:30.099133,2,Free-to-Play Powerhouses (2),5.976350909297934
2368930,ISLANDERS: New Shores,5.49,5.49,0,Overwhelmingly Positive,1221.0,"10 Jul, 2025",The Station,Strategy,"Casual, Strategy, City Builder, Relaxing, Building","Windows, Mac",2026-09-01T15:54:48.448571,1,Popular Mid-Range,7.108244139731541
239820,Game Dev Tycoon,1.79,1.79,0,Very Positive,22196.0,"29 Aug, 2013",Greenheart Games 💚,Strategy,"Management, Simulation, Indie, Strategy, Casual","Windows, Mac, Linux",2026-09-01T15:54:50.148697,0,Free-to-Play Powerhouses,10.007712423593661
2179850,Cobalt Core,7.46,7.46,0,Overwhelmingly Positive,3405.0,"8 Nov, 2023",Rocket Rat Games,Strategy,"Roguelike Deckbuilder, Card Game, Strategy, Roguelike, Turn-Based Strategy","Windows, Mac",2026-09-01T15:54:52.315458,1,Popular Mid-Range,8.133293861222633
758530,Sprout,0.0,0.0,0,Overwhelmingly Positive,1767.0,"5 Jan, 2018",Jeff Nusz,Strategy,"Free to Play, Casual, Indie, Adventure, Short","Windows, Mac",2026-09-01T15:54:54.748661,0,Free-to-Play Powerhouses,7.477604243197589
973250,Altered,4.99,4.99,0,Very Positive,117.0,"12 Mar, 2021",Glitchheart,Strategy,"Sokoban, Puzzle, Difficult, Strategy, 3D","Windows, Linux",2026-09-01T15:54:55.965136,3,Niche / Emerging Titles,4.770684624465665
4158400,Clockwork Cleanup,0.0,0.0,0,Very Positive,438.0,"8 Dec, 2025",David Stears,Strategy,"Strategy, Auto Battler, Puzzle, Roguelike, Casual",Windows,2026-09-01T15:54:57.765123,2,Free-to-Play Powerhouses (2),6.0844994130751715
3048840,Hungry Horrors,6.99,6.99,0,Very Positive,206.0,"19 Jan, 2026",Clumsy Bear Studio,Strategy,"Early Access, Card Battler, Lore-Rich, Roguelite, Dungeon Crawler","Windows, Mac, Linux",2026-09-01T15:54:59.181536,3,Niche / Emerging Titles,5.332718793265369
4457870,G.I.R.L.S. will be Girls,0.0,0.0,0,Very Positive,68.0,"18 Mar, 2026",Amozm0905,Strategy,"Strategy, 2D Fighter, Tower Defense, Turn-Based Strategy, 2D Platformer",Windows,2026-09-01T15:55:01.334648,2,Free-to-Play Powerhouses (2),4.23410650459726
1181400,Path of Giants,4.99,4.99,0,Very Positive,409.0,"14 Feb, 2020",Journey Bound Games,Strategy,"Indie, Casual, Adventure, Puzzle, Singleplayer","Windows, Mac",2026-09-01T15:55:03.248741,3,Niche / Emerging Titles,6.016157159698354
1938290,Vactics,5.89,5.89,0,Very Positive,50.0,"20 Jun, 2023",The Lemur Conspiracy,Strategy,"Turn-Based Tactics, Roguelite, Pixel Graphics, Tactical, Procedural Generation","Windows, Mac",2026-09-01T15:55:05.598448,3,Niche / Emerging Titles,3.9318256327243257
1184900,Unitied,0.45,0.45,0,Very Positive,52.0,"27 Nov, 2019",Peter Hijma,Strategy,"Casual, Indie, Strategy, Puzzle, Minimalist","Windows, Mac, Linux",2026-09-01T15:55:07.665038,2,Free-to-Play Powerhouses (2),3.970291913552122
1655420,A MIRROR PUZZLE,0.0,0.0,0,Very Positive,53.0,"19 Sep, 2024",IMDT,Strategy,"Casual, Puzzle, Cartoony, Philosophical, Singleplayer",Windows,2026-09-01T15:55:09.714893,2,Free-to-Play Powerhouses (2),3.9889840465642745
275830,7 Wonders: Magical Mystery Tour,6.99,6.99,0,Very Positive,53.0,"18 Feb, 2014",MumboJumbo,Strategy,"Casual, Strategy, Match 3, Puzzle",Windows,2026-09-01T15:55:11.314838,3,Niche / Emerging Titles,3.9889840465642745
3946120,Chasing the Dawn / CTD,5.79,5.79,0,Very Positive,54.0,"13 Jul, 2026",Wave Games,Strategy,"Roguelike, Arcade, Strategy, Dungeon Crawler, Pixel Graphics",Windows,2026-09-01T15:55:13.776464,3,Niche / Emerging Titles,4.007333185232471
3001830,CrossCraze,7.79,7.79,0,Very Positive,54.0,"19 Jun, 2024",ORT Software,Strategy,"Word Game, Board Game, Puzzle, Singleplayer, Strategy",Windows,2026-09-01T15:55:15.931847,3,Niche / Emerging Titles,4.007333185232471
2724040,劍紙三國,6.49,6.49,0,Very Positive,55.0,"2 Mar, 2026","JGame CO., LTD.",Strategy,"Casual, Strategy, Tabletop, Strategy RPG, Tactical RPG",Windows,2026-09-01T15:55:17.715048,3,Niche / Emerging Titles,4.02535169073515
3475110,Draggin',2.99,2.99,0,Very Positive,56.0,"18 Aug, 2025",Dragon Fractal Games,Strategy,"Casual, Action Roguelike, Bullet Hell, Arcade, Roguelite",Windows,2026-09-01T15:55:19.831461,2,Free-to-Play Powerhouses (2),4.04305126783455
2145700,Tead,0.9,0.9,0,Very Positive,56.0,"31 Dec, 2023",Tead,Strategy,"Strategy, Puzzle, Visual Novel, 2.5D, Anime","Windows, Mac, Linux",2026-09-01T15:55:21.814895,2,Free-to-Play Powerhouses (2),4.04305126783455
928970,Lost Frontier,2.99,2.99,0,Very Positive,56.0,"19 Oct, 2018","Mika Mobile, Inc.",Strategy,"Strategy, Indie, Western, Turn-Based Tactics, Turn-Based","Windows, Mac",2026-09-01T15:55:23.514937,2,Free-to-Play Powerhouses (2),4.04305126783455
4031120,DJ Bunny,0.0,0.0,0,Very Positive,58.0,"13 Feb, 2026",Alison Loke Mern Nyee,Strategy,"Casual, Puzzle, Point & Click, Side Scroller, 2D",Windows,2026-09-01T15:55:25.098176,2,Free-to-Play Powerhouses (2),4.07753744390572
3905380,EVERDAWN,5.49,5.49,0,Very Positive,58.0,"2 Apr, 2026",SOLIDS Studio,Strategy,"Puzzle, Casual, Strategy, Relaxing, City Builder",Windows,2026-09-01T15:55:27.297945,3,Niche / Emerging Titles,4.07753744390572
1056350,Wizard Warfare,5.49,5.49,0,Very Positive,61.0,"13 Dec, 2019",Psyanotek Limited,Strategy,"Strategy, 4X, Fantasy, Turn-Based Strategy, Tactical",Windows,2026-09-01T15:55:29.514622,3,Niche / Emerging Titles,4.127134385045092
3209920,Bathhouse Creatures,2.99,2.99,0,Very Positive,62.0,"2 Jun, 2025",Sleepy Rocket,Strategy,"Time Management, Shop Keeper, Building, Management, Capybaras",Windows,2026-09-01T15:55:31.215360,2,Free-to-Play Powerhouses (2),4.143134726391533
1872740,你画我拼You draw I puzzle,0.0,0.0,0,Very Positive,63.0,"21 Feb, 2022",碎片纪元工作室,Strategy,"Casual, Strategy, Photo Editing, Board Game, Pixel Graphics",Windows,2026-09-01T15:55:33.297984,2,Free-to-Play Powerhouses (2),4.1588830833596715
2132370,Suns of Wiraqocha,3.49,3.49,0,Very Positive,64.0,"27 Oct, 2023",Alejandro Medina,Strategy,"Adventure, Arcade, 2D Platformer, Pixel Graphics, Fantasy",Windows,2026-09-01T15:55:35.431145,2,Free-to-Play Powerhouses (2),4.174387269895637
3087810,Recesses,0.59,0.59,0,Very Positive,65.0,"23 Aug, 2024",Sanjuny,Strategy,"Card Game, Strategy, Roguelite, Visual Novel, Story Rich",Windows,2026-09-01T15:55:37.081323,2,Free-to-Play Powerhouses (2),4.189654742026425
2731590,Block Shop,5.49,5.49,0,Very Positive,66.0,"17 Feb, 2025",Foolbox Studio,Strategy,"Strategy, Automation, Puzzle, Indie, Casual",Windows,2026-09-01T15:55:39.197683,3,Niche / Emerging Titles,4.204692619390966
3979440,Puzzle Gallery: Jigsaw Art Collection,0.0,0.0,0,Very Positive,68.0,"23 Oct, 2025",Minimol Games,Strategy,"Incremental, Free to Play, Casual, Design & Illustration, Puzzle",Windows,2026-09-01T15:55:41.230981,2,Free-to-Play Powerhouses (2),4.23410650459726
2479960,Animal Planner,2.99,2.99,0,Very Positive,69.0,"10 Nov, 2023",PawPaw Games,Strategy,"Relaxing, Puzzle, Wholesome, Casual, Logic","Windows, Mac",2026-09-01T15:55:42.414469,2,Free-to-Play Powerhouses (2),4.248495242049359
1613680,Arrow Sudoku,2.99,2.99,0,Very Positive,70.0,"21 May, 2021",Studio Goya,Strategy,"Strategy, Casual, Puzzle, Board Game, 2D","Windows, Mac",2026-09-01T15:55:44.614265,2,Free-to-Play Powerhouses (2),4.2626798770413155
3726730,Dreamcards,5.34,5.34,0,Very Positive,73.0,"19 Aug, 2026",Soneka Games,Strategy,"Roguelike Deckbuilder, Deckbuilding, Card Game, Roguelike, Turn-Based","Windows, Linux",2026-09-01T15:55:46.797725,3,Niche / Emerging Titles,4.30406509320417
3084740,Command Deck,6.99,6.99,0,Very Positive,74.0,"24 Sep, 2025",k-critical,Strategy,"Early Access, Strategy, Sci-fi, Roguelike Deckbuilder, Space","Windows, Mac",2026-09-01T15:55:48.780873,3,Niche / Emerging Titles,4.31748811353631
3352310,Spooky Express,7.99,7.99,0,Very Positive,76.0,"21 Oct, 2025",Draknek and Friends,Strategy,"Puzzle, Strategy, Cute, Trains, 3D","Windows, Mac",2026-09-01T15:55:50.847573,3,Niche / Emerging Titles,4.343805421853684
3083520,Hero Guider,1.09,1.09,0,Very Positive,87.0,"18 Sep, 2024",BestQ,Strategy,"Casual, Strategy, Puzzle, Relaxing, Singleplayer","Windows, Mac",2026-09-01T15:55:52.614112,2,Free-to-Play Powerhouses (2),4.477336814478207
2582540,RoGlass,5.49,5.49,0,Very Positive,88.0,"21 Sep, 2024",James Castle,Strategy,"Collectathon, Roguelite, Puzzle, Incremental, Strategy",Windows,2026-09-01T15:55:54.397556,3,Niche / Emerging Titles,4.48863636973214
2279440,Soul Mates,6.49,6.49,0,Very Positive,94.0,"10 Oct, 2025",Sad Panda Studios,Strategy,"Adventure, Indie, Simulation, Strategy, Dating Sim","Windows, Mac, Linux",2026-09-01T15:55:56.464029,3,Niche / Emerging Titles,4.553876891600541
4196510,THROUGH TIME·SUMMER OF GIRL PUZZLE,2.99,2.99,0,Very Positive,99.0,"22 May, 2026",Pomodoro Lab,Strategy,"Hentai, Indie, Casual, Puzzle, Sexual Content",Windows,2026-09-01T15:56:00.213883,2,Free-to-Play Powerhouses (2),4.605170185988092
1114380,Orgynizer,1.49,1.49,0,Very Positive,106.0,"12 Oct, 2022",LizardFactory,Strategy,"Casual, Sexual Content, LGBTQ+, Puzzle, Pixel Graphics","Windows, Mac",2026-09-01T15:56:01.830799,2,Free-to-Play Powerhouses (2),4.672828834461906
2452820,Skogdal,8.19,8.19,0,Very Positive,112.0,"28 Apr, 2025",Erlend Kirkeboe,Strategy,"Card Game, Roguelike Deckbuilder, Adventure, Card Battler, Deckbuilding",Windows,2026-09-01T15:56:03.266558,3,Niche / Emerging Titles,4.727387818712341
3304110,868-BACK,10.99,10.99,0,Very Positive,114.0,"28 May, 2026",Michael Brough,Strategy,"Turn-Based Tactics, Roguelike, Turn-Based Combat, Strategy, Pixel Graphics","Windows, Mac, Linux",2026-09-01T15:56:05.113889,3,Niche / Emerging Titles,4.74493212836325
4705650,Silent Shark,9.95,9.95,0,Very Positive,120.0,"12 Aug, 2026",John Goering,Strategy,"Submarine, Simulation, World War II, Naval Combat, Military","Windows, Mac, Linux",2026-09-01T15:56:07.047146,3,Niche / Emerging Titles,4.795790545596741
2991740,Z Rush,0.0,0.0,0,Very Positive,127.0,"18 Jun, 2024",Teamey,Strategy,"Hack and Slash, Indie, RTS, 3D, Strategy",Windows,2026-09-01T15:56:08.797185,2,Free-to-Play Powerhouses (2),4.852030263919617
3417690,Mewseum: Masterpieces,3.99,3.99,0,Very Positive,133.0,"6 Mar, 2025",Climbing Goat Games,Strategy,"Historical, Casual, Puzzle, Logic, Collectathon",Windows,2026-09-01T15:56:10.863919,2,Free-to-Play Powerhouses (2),4.897839799950911
1000830,Gachi Finder 3000,0.9,0.9,0,Very Positive,134.0,"8 Jan, 2019",Chase Walters,Strategy,"Casual, Indie, Strategy, Memes, Sexual Content",Windows,2026-09-01T15:56:12.063934,2,Free-to-Play Powerhouses (2),4.90527477843843
4018550,Cat Isle,3.99,3.99,0,Very Positive,155.0,"20 Jul, 2026",domkegames,Strategy,"Cozy, Casual, Decorating, Cats, Management","Windows, Mac",2026-09-01T15:56:13.763760,2,Free-to-Play Powerhouses (2),5.049856007249537
2438970,Cascadia,6.99,6.99,0,Very Positive,210.0,"19 Feb, 2025",Dire Wolf,Strategy,"Strategy, Board Game, Nature, Puzzle, 2D","Windows, Mac",2026-09-01T15:56:15.632833,3,Niche / Emerging Titles,5.351858133476067
1180540,Puddle Knights,1.64,1.64,0,Very Positive,219.0,"3 Mar, 2020",Lockpickle,Strategy,"Sokoban, Puzzle, Difficult, Turn-Based, Logic","Windows, Mac",2026-09-01T15:56:17.747069,2,Free-to-Play Powerhouses (2),5.393627546352362
4914610,Dear Magical Girls,0.0,0.0,0,Very Positive,253.0,"31 Jul, 2026",GIGABlock Studio,Strategy,"Strategy, Tower Defense, RTS, 2D, Real Time Tactics",Windows,2026-09-01T15:56:19.797156,2,Free-to-Play Powerhouses (2),5.537334267018537
4914600,Pot's On!,0.0,0.0,0,Very Positive,329.0,"31 Jul, 2026",NotDailyBuildStudio,Strategy,"Roguelite, Auto Battler, Sexual Content, Roguelike, Female Protagonist",Windows,2026-09-01T15:56:22.246866,2,Free-to-Play Powerhouses (2),5.799092654460526
1070790,Freshly Frosted,2.47,2.47,0,Very Positive,331.0,"10 Jun, 2022",Ty Taylor,Strategy,"Puzzle, Cute, Relaxing, Casual, Colorful","Windows, Mac",2026-09-01T15:56:24.330373,2,Free-to-Play Powerhouses (2),5.805134968916488
32150,Everyday Genius: SquareLogic,4.99,4.99,0,Very Positive,416.0,"21 Oct, 2009",TrueThought,Strategy,"Puzzle, Casual, Indie, Logic, Strategy",Windows,2026-09-01T15:56:25.930148,3,Niche / Emerging Titles,6.0330862217988015
3170350,Flashpoint Campaigns: Cold War,15.99,15.99,0,Very Positive,106.0,"20 Nov, 2025",On Target Simulations,Strategy,"Strategy, Wargame, Turn-Based Strategy, Cold War, Top-Down",Windows,2026-09-01T15:56:28.063599,4,Premium / AAA,4.672828834461906
1955110,Star Stuff,6.99,6.99,0,Very Positive,151.0,"7 Jun, 2024",Ánimo Games Studio,Strategy,"Adventure, Automation, Programming, Wholesome, Puzzle","Windows, Mac",2026-09-01T15:56:30.295182,3,Niche / Emerging Titles,5.0238805208462765
3629400,Loophole,5.49,5.49,0,Very Positive,152.0,"14 Jul, 2025",Levi Pinkert,Strategy,"Time Travel, Puzzle, Sokoban, Logic, Indie","Windows, Mac",2026-09-01T15:56:31.680010,3,Niche / Emerging Titles,5.030437921392435
3655610,PancitoMerge,4.49,4.49,0,Very Positive,157.0,"9 Dec, 2025",Fáyer,Strategy,"Puzzle, Casual, Physics, Arcade, Match 3","Windows, Mac, Linux",2026-09-01T15:56:33.603223,3,Niche / Emerging Titles,5.062595033026967
2088670,Puzzline,2.49,2.49,0,Very Positive,174.0,"4 Nov, 2022",Aineko Games,Strategy,"Indie, Card Game, Multiplayer, Card Battler, Turn-Based Strategy","Windows, Mac",2026-09-01T15:56:35.763382,2,Free-to-Play Powerhouses (2),5.1647859739235145
3509430,Replicat,5.49,5.49,0,Very Positive,213.0,"18 Nov, 2025",Brainoid Games,Strategy,"Cats, Roguelike, Deckbuilding, Roguelike Deckbuilder, Family Friendly","Windows, Mac, Linux",2026-09-01T15:56:37.763526,3,Niche / Emerging Titles,5.365976015021851
3640430,Worlds Upon The Wind,5.49,5.49,0,Very Positive,219.0,"23 Jul, 2026",Max Shawabkeh,Strategy,"Roguelite, Deckbuilding, Strategy, Hand-drawn, Language Learning","Windows, Mac, Linux",2026-09-01T15:56:39.013400,3,Niche / Emerging Titles,5.393627546352362
3596670,MOCHI-O,2.99,2.99,0,Very Positive,227.0,"19 Jan, 2026",Zxima,Strategy,"Strategy, Shooter, Casual, Tower Defense, Singleplayer",Windows,2026-09-01T15:56:40.413255,2,Free-to-Play Powerhouses (2),5.429345628954441
3071280,BubbleBeast DigiDungeon,0.0,0.0,0,Very Positive,229.0,"2 Dec, 2024",EchoLane,Strategy,"Match 3, Puzzle, Rhythm, Visual Novel, Arcade",Windows,2026-09-01T15:56:42.329728,2,Free-to-Play Powerhouses (2),5.438079308923196
2830480,Gentoo Rescue,8.19,8.19,0,Very Positive,236.0,"22 May, 2025",Jagriff,Strategy,"Logic, Puzzle, Difficult, Relaxing, Open World","Windows, Mac, Linux",2026-09-01T15:56:44.363402,3,Niche / Emerging Titles,5.4680601411351315
756790,cityglitch,0.0,0.0,0,Very Positive,53.0,"23 Feb, 2018",mindfungus,Strategy,"Casual, Indie, Strategy, Free to Play, Puzzle","Windows, Mac, Linux",2026-09-01T15:56:46.546657,2,Free-to-Play Powerhouses (2),3.9889840465642745
1655890,Sokobos,2.99,2.99,0,Very Positive,55.0,"1 Apr, 2022",Daisy Games,Strategy,"Sokoban, Puzzle, Difficult, Minimalist, Mythology","Windows, Mac, Linux",2026-09-01T15:56:48.829872,2,Free-to-Play Powerhouses (2),4.02535169073515
1880490,Meet me at NooN,5.49,5.49,0,Very Positive,55.0,"20 Jun, 2022",Pandaroo Interactive,Strategy,"Puzzle, Grid-Based Movement, Controller, Time Manipulation, Logic","Windows, Mac, Linux",2026-09-01T15:56:49.963091,3,Niche / Emerging Titles,4.02535169073515
1750600,Crate Mates,2.99,2.99,0,Very Positive,56.0,"25 Feb, 2022",Emerick Gibson,Strategy,"Puzzle, Strategy, Casual, Sokoban, 2D","Windows, Linux",2026-09-01T15:56:52.012805,2,Free-to-Play Powerhouses (2),4.04305126783455
3514630,Roach Post,6.49,6.49,0,Very Positive,57.0,"17 Feb, 2026",KARP GAMES,Strategy,"Turn-Based Tactics, Puzzle, Card Battler, Roguelite, Roguelike","Windows, Mac",2026-09-01T15:56:53.746254,3,Niche / Emerging Titles,4.060443010546419
3108190,Puzzle Depot,8.19,8.19,0,Very Positive,61.0,"6 Nov, 2025",Laughing Manatee Games,Strategy,"Puzzle, Indie, Sokoban, Singleplayer, Difficult",Windows,2026-09-01T15:56:54.946249,3,Niche / Emerging Titles,4.127134385045092
3635130,4D Intuition,8.55,8.55,0,Very Positive,62.0,"15 Jul, 2026",Yu Gu (yugu233),Strategy,"Strategy, Puzzle, Exploration, Immersive Sim, Abstract","Windows, Mac",2026-09-01T15:56:56.612986,3,Niche / Emerging Titles,4.143134726391533
2585110,Last Stand Delivery,3.99,3.99,0,Very Positive,65.0,"3 Jan, 2024",CalypsoMini,Strategy,"Sokoban, Strategy, Pixel Graphics, Cute, Casual",Windows,2026-09-01T15:56:58.946441,2,Free-to-Play Powerhouses (2),4.189654742026425
4152840,Gem and Tarot,2.99,2.99,0,Very Positive,68.0,"9 Dec, 2025",SHEN DING,Strategy,"Card Battler, Match 3, Roguelite, Card Game, Tabletop",Windows,2026-09-01T15:57:00.562420,2,Free-to-Play Powerhouses (2),4.23410650459726
1520250,Gnome Jigsaw Puzzles,1.39,1.39,0,Very Positive,71.0,"29 Jan, 2021",Boogygames Studios,Strategy,"Puzzle, Family Friendly, Nature, Minimalist, Board Game",Windows,2026-09-01T15:57:02.826813,2,Free-to-Play Powerhouses (2),4.276666119016055
2759760,Prickle,3.99,3.99,0,Very Positive,87.0,"22 Nov, 2024",Sunbird Studio,Strategy,"Difficult, Indie, Sokoban, Puzzle, Logic","Windows, Mac, Linux",2026-09-01T15:57:08.868426,2,Free-to-Play Powerhouses (2),4.477336814478207
1989120,Bubblegum Galaxy,9.99,9.99,0,Very Positive,114.0,"11 Mar, 2026",Smarto Club,Strategy,"City Builder, Puzzle, Indie, Strategy, Building",Windows,2026-09-01T15:57:10.460659,3,Niche / Emerging Titles,4.74493212836325
2500460,Inventorix,1.19,1.19,0,Very Positive,131.0,"1 Sep, 2025",Arcaludi,Strategy,"Inventory Management, Roguelike Deckbuilder, Turn-Based, Replay Value, Capitalism",Windows,2026-09-01T15:57:12.522013,2,Free-to-Play Powerhouses (2),4.882801922586371
2666840,Robot Detour,3.49,3.49,0,Very Positive,173.0,"14 Nov, 2024",Nozomu Games,Strategy,"Puzzle, Indie, Casual, Cute, Logic","Windows, Mac, Linux",2026-09-01T15:57:14.004909,2,Free-to-Play Powerhouses (2),5.159055299214529
2964540,Nurikabe World,5.49,5.49,0,Very Positive,187.0,"13 Jan, 2025",Hemisquare,Strategy,"Puzzle, Strategy, Casual, Indie, Logic","Windows, Mac, Linux",2026-09-01T15:57:15.845829,3,Niche / Emerging Titles,5.236441962829949
3249380,Piece by Piece,6.49,6.49,0,Very Positive,220.0,"13 Mar, 2026",Neon Polygons,Strategy,"Puzzle, Cozy, Puzzle Platformer, Pixel Graphics, Difficult","Windows, Mac",2026-09-01T15:57:17.575503,3,Niche / Emerging Titles,5.3981627015177525
3214530,Treasure 'n Trio,6.99,6.99,0,Very Positive,241.0,"9 Oct, 2025",TNT,Strategy,"Singleplayer, Sokoban, Puzzle, Grid-Based Movement, Strategy",Windows,2026-09-01T15:57:19.745709,3,Niche / Emerging Titles,5.488937726156687
1701190,Chessformer,2.99,2.99,0,Very Positive,305.0,"18 Jan, 2022",Robert Alvarez,Strategy,"Chess, Puzzle, Difficult, Board Game, Strategy",Windows,2026-09-01T15:57:21.460599,2,Free-to-Play Powerhouses (2),5.723585101952381
2302320,Poke ALL Toads,6.19,6.19,0,Very Positive,443.0,"20 Mar, 2026",SpaceMatra,Strategy,"Puzzle, Logic, Strategy, Adventure, Top-Down",Windows,2026-09-01T15:57:23.084083,3,Niche / Emerging Titles,6.095824562432225
391000,Farm Frenzy Collection,8.19,8.19,0,Overwhelmingly Positive,543.0,"21 Aug, 2015",Alawar Entertainment,Strategy,"Casual, Strategy, Simulation, Indie, Adventure",Windows,2026-09-01T15:57:25.029009,3,Niche / Emerging Titles,6.298949246855942
2074480,Sunset Routes,0.9,0.9,0,Overwhelmingly Positive,542.0,"16 Nov, 2022",Renka,Strategy,"Strategy, Anime, Roguelike Deckbuilder, Roguelite, Sailing",Windows,2026-09-01T15:57:27.265010,2,Free-to-Play Powerhouses (2),6.297109319933935
1958340,Cube Chaos,6.19,6.19,0,Overwhelmingly Positive,620.0,"17 Jun, 2025",Wunarg,Strategy,"RTS, Roguelike Deckbuilder, Replay Value, Moddable, Roguelite","Windows, Linux",2026-09-01T15:57:29.161899,3,Niche / Emerging Titles,6.431331081933479
3856460,Cursed Words: The Word Game That Isn't,10.99,10.99,0,Overwhelmingly Positive,673.0,"2 Apr, 2026",Buried Things,Strategy,"Casual, Strategy, Word Game, Roguelike, Roguelite",Windows,2026-09-01T15:57:31.295006,1,Popular Mid-Range,6.513230110912307
1093290,The Wild at Heart,8.49,8.49,0,Overwhelmingly Positive,720.0,"19 May, 2021",Moonlight Kids,Strategy,"Story Rich, Puzzle, 2D, Hand-drawn, Action-Adventure","Windows, Mac",2026-09-01T15:57:32.611767,3,Niche / Emerging Titles,6.580639137284949
530390,Slayaway Camp,4.99,4.99,0,Overwhelmingly Positive,715.0,"25 Oct, 2016",Blue Wizard Digital,Strategy,"Sokoban, Turn-Based Tactics, Puzzle, Difficult, Turn-Based Strategy","Windows, Mac, Linux",2026-09-01T15:57:34.944859,3,Niche / Emerging Titles,6.573680166960646
1240630,Hex of Steel,8.49,8.49,0,Overwhelmingly Positive,858.0,"31 Aug, 2020",War Frogs Studio,Strategy,"Strategy, World War II, Turn-Based Strategy, Hex Grid, Military","Windows, Mac, Linux",2026-09-01T15:57:35.862890,1,Popular Mid-Range,6.755768921984255
397460,The Jackbox Party Pack 2,1.69,1.69,0,Overwhelmingly Positive,1444.0,"13 Oct, 2015","Jackbox Games, Inc.",Strategy,"Trivia, Local Multiplayer, Casual, Comedy, Indie","Windows, Mac, Linux",2026-09-01T15:57:39.941848,0,Free-to-Play Powerhouses,7.275864600546533
773670,Delete,1.39,1.39,0,Overwhelmingly Positive,1585.0,"25 Jan, 2018",PONY,Strategy,"Casual, Indie, Puzzle, Singleplayer, Minimalist","Windows, Mac",2026-09-01T15:57:43.124946,0,Free-to-Play Powerhouses,7.368970402194793
300570,Infinifactory,8.49,8.49,0,Overwhelmingly Positive,1790.0,"30 Jun, 2015",Zachtronics,Strategy,"Puzzle, Building, Automation, Indie, Programming","Windows, Mac, Linux",2026-09-01T15:57:45.311521,1,Popular Mid-Range,7.490529402060711
355980,Dungeon Warfare,5.49,5.49,0,Overwhelmingly Positive,1924.0,"4 Nov, 2015",Valsar,Strategy,"Tower Defense, Strategy, Indie, Pixel Graphics, 2D","Windows, Mac, Linux",2026-09-01T15:57:47.141793,1,Popular Mid-Range,7.562681246721884
1184770,The Political Process,6.99,6.99,0,Overwhelmingly Positive,1915.0,"22 Nov, 2019",Verlumino Studios LLC,Strategy,"Political Sim, Simulation, Strategy, Indie, Early Access",Windows,2026-09-01T15:57:49.459267,1,Popular Mid-Range,7.557994958530806
658560,Zup! 7,1.29,1.29,0,Very Positive,560.0,"12 Dec, 2017",Quiet River,Strategy,"Puzzle, Casual, Indie, Fast-Paced, 2D",Windows,2026-09-01T15:57:51.637568,2,Free-to-Play Powerhouses (2),6.329720905522696
271900,Hexcells Plus,1.89,1.89,0,Overwhelmingly Positive,1298.0,"19 Feb, 2014",Matthew Brown,Strategy,"Puzzle, Indie, Casual, Logic, Singleplayer","Windows, Mac, Linux",2026-09-01T15:57:53.410234,0,Free-to-Play Powerhouses,7.1693500166706
2160220,Shipwrecked 64,4.49,4.49,0,Overwhelmingly Positive,2153.0,"1 Jan, 2024",Squeaks D'Corgeh,Strategy,"Horror, Puzzle, Psychological Horror, Exploration, Platformer",Windows,2026-09-01T15:57:55.111718,0,Free-to-Play Powerhouses,7.675081857716334
92800,SpaceChem,5.49,5.49,0,Overwhelmingly Positive,1920.0,"2 Mar, 2011",Zachtronics,Strategy,"Puzzle, Difficult, Programming, Indie, Logic","Windows, Mac, Linux",2026-09-01T15:57:57.187747,1,Popular Mid-Range,7.560601162768557
1694420,Card Survival: Tropical Island,4.24,4.24,0,Very Positive,711.0,"16 Sep, 2022",WinterSpring Games,Strategy,"Survival, Card Game, Adventure, Simulation, Singleplayer","Windows, Mac",2026-09-01T15:57:58.990988,3,Niche / Emerging Titles,6.568077911411976
2379910,Dystopika,3.99,3.99,0,Overwhelmingly Positive,2509.0,"21 Jun, 2024",Voids Within,Strategy,"Cyberpunk, Sandbox, Dystopian, Sci-fi, Noir",Windows,2026-09-01T15:57:59.960465,0,Free-to-Play Powerhouses,7.828038032125829
600480,Megaquarium,3.74,3.74,0,Overwhelmingly Positive,2435.0,"13 Sep, 2018",Twice Circled,Strategy,"Simulation, Casual, Building, Sandbox, Management","Windows, Mac, Linux",2026-09-01T15:58:01.509529,0,Free-to-Play Powerhouses,7.798112628829788
247020,"Cook, Serve, Delicious!",1.62,1.62,0,Overwhelmingly Positive,2953.0,"8 Oct, 2013",Vertigo Gaming Inc.,Strategy,"Indie, Time Management, Typing, Difficult, Cooking","Windows, Mac, Linux",2026-09-01T15:58:03.091411,0,Free-to-Play Powerhouses,7.9909154630913255
3444020,Demonic Mahjong,7.49,7.49,0,Very Positive,331.0,"15 Jul, 2025",Boxed Lighting Games,Strategy,"Strategy, Card Game, Roguelike, Tabletop, Casual","Windows, Mac",2026-09-01T15:58:05.043163,3,Niche / Emerging Titles,5.805134968916488
342560,Airships: Conquer the Skies,8.49,8.49,0,Overwhelmingly Positive,4835.0,"16 Aug, 2018",David Stark,Strategy,"Vehicular Combat, War, 4X, Moddable, Wargame","Windows, Mac, Linux",2026-09-01T15:58:06.744306,1,Popular Mid-Range,8.483843211734683
1062160,Poly Bridge 2,6.99,6.99,0,Overwhelmingly Positive,4526.0,"28 May, 2020",Dry Cactus,Strategy,"Building, Physics, Puzzle, Simulation, Difficult","Windows, Mac, Linux",2026-09-01T15:58:08.875572,1,Popular Mid-Range,8.417814747435958
2742830,Monster Train 2,8.49,8.49,0,Overwhelmingly Positive,5017.0,"21 May, 2025",Shiny Shoe,Strategy,"Roguelike Deckbuilder, Card Game, Roguelike, Deckbuilding, Turn-Based Strategy","Windows, Mac",2026-09-01T15:58:10.593517,1,Popular Mid-Range,8.520786726926367
40950,Stronghold HD (2012),3.49,3.49,0,Very Positive,2958.0,"21 Oct, 2013",Firefly Studios,Strategy,"Real Time Tactics, City Builder, Colony Sim, Medieval, Building",Windows,2026-09-01T15:58:11.645856,0,Free-to-Play Powerhouses,7.99260665240021
2060160,The Farmer Was Replaced,5.49,5.49,0,Overwhelmingly Positive,4003.0,"10 Oct, 2025",Timon Herzog,Strategy,"Programming, Automation, Education, Idler, Logic","Windows, Mac",2026-09-01T15:58:13.706992,1,Popular Mid-Range,8.295049140435111
2185060,Two Point Museum,20.69299999999982,20.69299999999982,0,Overwhelmingly Positive,5145.0,"4 Mar, 2025",Two Point Studios,Strategy,"Simulation, Casual, Building, Strategy, City Builder","Windows, Mac, Linux",2026-09-01T15:58:15.823378,5,Premium Blockbusters,8.545974992841689
287980,Mini Metro,5.49,5.49,0,Overwhelmingly Positive,7064.0,"6 Nov, 2015",Dinosaur Polo Club,Strategy,"Strategy, Puzzle, Minimalist, Simulation, Trains","Windows, Mac, Linux",2026-09-01T15:58:17.620826,1,Popular Mid-Range,8.862908295118627
346010,Besiege,6.99,6.99,0,Very Positive,23306.0,"18 Feb, 2020",Spiderling Studios,Strategy,"Simulation, Sandbox, Physics, Destruction, Medieval","Windows, Mac, Linux",2026-09-01T15:58:19.494124,1,Popular Mid-Range,10.056509023618531
220200,Kerbal Space Program,17.99,17.99,0,Overwhelmingly Positive,40274.09999999998,"27 Apr, 2015",Squad,Strategy,"Space, Simulation, Sandbox, Physics, Science","Windows, Mac, Linux",2026-09-01T15:58:21.708655,5,Premium Blockbusters,10.603488690971949
8930,Sid Meier's Civilization® V,20.69299999999982,20.69299999999982,0,Overwhelmingly Positive,40274.09999999998,"23 Sep, 2010",Firaxis Games,Strategy,"Turn-Based Strategy, Strategy, Turn-Based, Multiplayer, Historical","Windows, Mac, Linux",2026-09-01T15:58:23.824288,5,Premium Blockbusters,10.603488690971949
529150,Lazerbait,0.0,0.0,0,Overwhelmingly Positive,518.0,"13 Oct, 2016",Taylor Stapleton,Strategy,"Strategy, Indie, VR, Arcade, RTS",Windows,2026-09-01T15:58:25.590109,2,Free-to-Play Powerhouses (2),6.251903883165888
351090,Regency Solitaire,6.19,6.19,0,Overwhelmingly Positive,558.0,"18 May, 2015",Grey Alien Games,Strategy,"Solitaire, Visual Novel, Puzzle, Board Game, Card Game","Windows, Mac",2026-09-01T15:58:28.060710,3,Niche / Emerging Titles,6.326149473155099
2878140,Gooba Ball,0.0,0.0,0,Overwhelmingly Positive,631.0,"28 May, 2024",Mon Amiral,Strategy,"Strategy, Casual, Puzzle, Arcade, Incremental",Windows,2026-09-01T15:58:29.859772,2,Free-to-Play Powerhouses (2),6.448889394146858
3306030,Fruit Stand Fortune,0.0,0.0,0,Overwhelmingly Positive,678.0,"24 Jan, 2025",Gummy Grenade Games,Strategy,"Cute, Incremental, Idler, Collectathon, Casual",Windows,2026-09-01T15:58:31.212234,0,Free-to-Play Powerhouses,6.520621127558696
316610,A Good Snowman Is Hard To Build,5.49,5.49,0,Overwhelmingly Positive,677.0,"25 Feb, 2015",Alan Hazelden,Strategy,"Cute, Puzzle, Sokoban, Relaxing, Open World","Windows, Mac, Linux",2026-09-01T15:58:32.992998,3,Niche / Emerging Titles,6.519147287940395
1730360,I'm on Observation Duty 4,2.99,2.99,0,Overwhelmingly Positive,784.0,"22 Dec, 2021",Notovia,Strategy,"Psychological Horror, Horror, Psychological, Mystery, Puzzle","Windows, Mac, Linux",2026-09-01T15:58:35.160609,0,Free-to-Play Powerhouses,6.665683717782408
1288170,Red Planet Farming,0.0,0.0,0,Overwhelmingly Positive,888.0,"25 May, 2020",Nina Demirjian,Strategy,"Strategy, Indie, Sci-fi, Free to Play, Singleplayer","Windows, Mac, Linux",2026-09-01T15:58:36.319586,0,Free-to-Play Powerhouses,6.790097235513905
4279120,Budgie's Bug Shop,3.25,3.25,0,Overwhelmingly Positive,979.0,"25 May, 2026",Moon Lagoon,Strategy,"Simulation, Casual, Incremental, Idler, Management","Windows, Mac",2026-09-01T15:58:37.710419,0,Free-to-Play Powerhouses,6.887552571664617
327400,Sid Meier's Colonization (Classic),1.04,1.04,0,Overwhelmingly Positive,1040.0,"9 Oct, 2014","MicroProse Software, Inc",Strategy,"Simulation, Turn-Based Strategy, Adventure, Strategy, Classic","Windows, Mac, Linux",2026-09-01T15:58:39.807832,0,Free-to-Play Powerhouses,6.947937068614969
2529130,URBO: Dream One,0.0,0.0,0,Overwhelmingly Positive,1361.0,"31 Aug, 2023",Door 407,Strategy,"Strategy, Incremental, 3D, Base Building, Atmospheric",Windows,2026-09-01T15:58:41.810324,0,Free-to-Play Powerhouses,7.216709486709457
568320,Pictopix,3.99,3.99,0,Overwhelmingly Positive,1402.0,"5 Jan, 2017",Tomlab Games,Strategy,"Logic, Puzzle, Relaxing, Cozy, Replay Value","Windows, Mac, Linux",2026-09-01T15:58:44.025035,0,Free-to-Play Powerhouses,7.246368080102461
3151270,One Turn Kill,3.59,3.59,0,Overwhelmingly Positive,1451.0,"15 Jan, 2026",DenDen,Strategy,"Strategy, Card Game, Deckbuilding, Pixel Graphics, Card Battler",Windows,2026-09-01T15:58:45.636925,0,Free-to-Play Powerhouses,7.280697195384741
709920,Tametsi,1.89,1.89,0,Overwhelmingly Positive,1435.0,"18 Oct, 2017",Grip Top Games,Strategy,"Puzzle, Indie, Difficult, Logic, 2D",Windows,2026-09-01T15:58:46.442074,0,Free-to-Play Powerhouses,7.269616749608169
410980,Master of Orion 2,5.99,5.99,0,Overwhelmingly Positive,1651.0,"25 Aug, 2016",SimTex,Strategy,"Strategy, 4X, Turn-Based, Space, Sci-fi","Windows, Mac, Linux",2026-09-01T15:58:48.426843,1,Popular Mid-Range,7.409741954080923
566050,Zeus + Poseidon,9.99,9.99,0,Overwhelmingly Positive,1910.0,"15 Dec, 2016",Impressions Games,Strategy,"City Builder, Strategy, Colony Sim, Mythology, Classic",Windows,2026-09-01T15:58:50.726930,1,Popular Mid-Range,7.555381944240273
2749770,Galaxy Burger,4.8,4.8,0,Overwhelmingly Positive,1358.0,"23 Aug, 2024",Galactic Workshop,Strategy,"Cooking, Simulation, Cozy, Co-op, Job Simulator","Windows, Mac",2026-09-01T15:58:52.326785,1,Popular Mid-Range,7.214504414151143
3540,Peggle™ Nights,4.99,4.99,0,Overwhelmingly Positive,2476.0,"15 Oct, 2008","PopCap Games, Inc.",Strategy,"Casual, Puzzle, Singleplayer, Addictive, 2D","Windows, Mac",2026-09-01T15:58:54.326813,1,Popular Mid-Range,7.814803429489359
8800,Civilization IV: Beyond the Sword,7.99,7.99,0,Overwhelmingly Positive,2874.0,"24 Jul, 2007",Firaxis Games,Strategy,"Strategy, Turn-Based Strategy, 4X, Turn-Based, Historical","Windows, Mac",2026-09-01T15:58:56.058624,1,Popular Mid-Range,7.963807953231451
280220,Creeper World 3: Arc Eternal,6.99,6.99,0,Overwhelmingly Positive,3255.0,"27 Mar, 2014",Knuckle Cracker,Strategy,"Tower Defense, Strategy, Indie, RTS, Singleplayer","Windows, Mac, Linux",2026-09-01T15:58:58.160065,1,Popular Mid-Range,8.08825472712243
304410,Hexcells Infinite,2.99,2.99,0,Overwhelmingly Positive,2555.0,"1 Sep, 2014",Matthew Brown,Strategy,"Puzzle, Casual, Logic, Indie, Minimalist","Windows, Mac, Linux",2026-09-01T15:58:59.556591,0,Free-to-Play Powerhouses,7.846198815497425
4092940,Lucky Shot,7.49,7.49,0,Very Positive,123.0,"7 Aug, 2026",Deliver Games,Strategy,"Roguelike Deckbuilder, FPS, Roguelite, Score Attack, Strategy","Windows, Mac",2026-09-01T15:59:18.636367,3,Niche / Emerging Titles,4.820281565605037
3555520,HAMSTERMIND,3.99,3.99,0,Very Positive,72.0,"16 Feb, 2026",Righteous Tree,Strategy,"Puzzle, Strategy, Sokoban, Difficult, Cartoony","Windows, Linux",2026-09-01T15:59:20.557822,2,Free-to-Play Powerhouses (2),4.290459441148391
3344320,Lethal Dungeon,2.99,2.99,0,Very Positive,284.0,"19 Feb, 2026",Nihohe Soft,Strategy,"Strategy, Roguelike, Card Battler, Roguelite, 2D",Windows,2026-09-01T15:59:21.859738,2,Free-to-Play Powerhouses (2),5.652489180268651
361020,Luxor HD,9.99,9.99,0,Very Positive,105.0,"11 May, 2015",MumboJumbo,Strategy,"Casual, Strategy, Match 3, Puzzle",Windows,2026-09-01T15:59:23.809816,3,Niche / Emerging Titles,4.663439094112067
302750,The Counting Kingdom,6.99,6.99,0,Very Positive,57.0,"5 Aug, 2014",Little Worlds Interactive,Strategy,"Casual, Strategy, Indie, Education, Cute","Windows, Mac",2026-09-01T15:59:25.488296,3,Niche / Emerging Titles,4.060443010546419
1605690,Ruka,0.0,0.0,0,Very Positive,286.0,"15 Oct, 2021",Sleepless Studio,Strategy,"Casual, Strategy, Puzzle, Free to Play, 2D",Windows,2026-09-01T15:59:27.292059,2,Free-to-Play Powerhouses (2),5.659482215759621
3083910,Social Democracy: An Alternate History,0.0,0.0,0,Very Positive,144.0,"21 Aug, 2026",Red Autumn Games,Strategy,"Simulation, Strategy, Interactive Fiction, Political Sim, Alternate History","Windows, Linux",2026-09-01T15:59:29.059653,2,Free-to-Play Powerhouses (2),4.976733742420574
3266580,Apes Warfare,6.99,6.99,0,Very Positive,89.0,"28 Apr, 2026",GigaQuests,Strategy,"Turn-Based Strategy, Turn-Based Tactics, PvP, Multiplayer, Grid-Based Movement","Windows, Mac",2026-09-01T15:59:30.653280,3,Niche / Emerging Titles,4.499809670330265
3441450,叛逆の守護者,7.49,7.49,0,Very Positive,61.0,"19 Jun, 2025",朧燕,Strategy,"Simulation, Strategy, Strategy RPG, Turn-Based Strategy, Tactical RPG",Windows,2026-09-01T15:59:32.709543,3,Niche / Emerging Titles,4.127134385045092
557950,FATAL ERROR - RTS,2.99,2.99,0,Very Positive,63.0,"27 Sep, 2021",Jeffrey Lu,Strategy,"Early Access, RTS, Strategy, Indie, Base Building",Windows,2026-09-01T15:59:34.442700,2,Free-to-Play Powerhouses (2),4.1588830833596715
1486080,Time Master,6.99,6.99,0,Very Positive,64.0,"18 Jan, 2022",MorpheusZ,Strategy,"Time Manipulation, 3D Platformer, Cute, Funny, Story Rich","Windows, Linux",2026-09-01T15:59:36.709891,3,Niche / Emerging Titles,4.174387269895637
3040170,Arashi Gaiden,5.49,5.49,0,Very Positive,64.0,"14 Jul, 2025",Statera Studio,Strategy,"Turn-Based Tactics, Hack and Slash, Strategy, Ninja, Turn-Based Combat",Windows,2026-09-01T15:59:38.559560,3,Niche / Emerging Titles,4.174387269895637
1774700,INVERT,0.51,0.51,0,Very Positive,65.0,"16 Oct, 2021",Naoka Games,Strategy,"Strategy, Casual, Sandbox, Board Game, Tabletop",Windows,2026-09-01T15:59:40.725083,2,Free-to-Play Powerhouses (2),4.189654742026425
1097410,Kittens Game,4.49,4.49,0,Very Positive,65.0,"10 Feb, 2026",Nuclear Unicorn,Strategy,"Idler, Incremental, God Game, Strategy, Text-Based","Windows, Mac, Linux",2026-09-01T15:59:42.640252,3,Niche / Emerging Titles,4.189654742026425
3165090,Grime&Gold,4.99,4.99,0,Very Positive,66.0,"20 Jan, 2026",Pemdora,Strategy,"Solitaire, Card Game, Cooking, Crafting, Management",Windows,2026-09-01T15:59:44.842578,3,Niche / Emerging Titles,4.204692619390966
4450570,This Is Golf,3.29,3.29,0,Very Positive,66.0,"18 Aug, 2026",SaltySeedGames,Strategy,"Multiplayer, Sports, Golf, Strategy, Procedural Generation","Windows, Linux",2026-09-01T15:59:46.273857,2,Free-to-Play Powerhouses (2),4.204692619390966
4864080,SSTWL - Sector Breach,0.0,0.0,0,Very Positive,68.0,"25 Jul, 2026",Sector Breach Team,Strategy,"Horror, Dark Comedy, Hand-drawn, Point & Click, Strategy",Windows,2026-09-01T15:59:47.488477,2,Free-to-Play Powerhouses (2),4.23410650459726
2338240,Searching For Rest,3.49,3.49,0,Very Positive,68.0,"8 Jan, 2024",Delightful Victory,Strategy,"Turn-Based Tactics, Roguelite, Replay Value, Deckbuilding, Fantasy",Windows,2026-09-01T15:59:49.576006,2,Free-to-Play Powerhouses (2),4.23410650459726
1569240,Evolve Lab,6.99,6.99,0,Very Positive,68.0,"29 Aug, 2025",SiRen Games,Strategy,"Early Access, Auto Battler, Asynchronous Multiplayer, Strategy, Replay Value",Windows,2026-09-01T15:59:51.826016,3,Niche / Emerging Titles,4.23410650459726
4555100,War Room Football,6.29,6.29,0,Very Positive,68.0,"29 Apr, 2026",Tanish Jagtap,Strategy,"Sports, Simulation, Football (American), Management, eSports","Windows, Mac",2026-09-01T15:59:54.025944,3,Niche / Emerging Titles,4.23410650459726
3951810,Cheater's Table,3.99,3.99,0,Very Positive,68.0,"2 Jun, 2026",Lagari,Strategy,"Multiplayer, Casual, PvP, Social Deduction, Online Co-Op",Windows,2026-09-01T15:59:55.641753,2,Free-to-Play Powerhouses (2),4.23410650459726
2916210,Warlords I + II,1.99,1.99,0,Very Positive,69.0,"15 May, 2024",Strategic Studies Group,Strategy,"Strategy, Turn-Based Strategy, Fantasy, Magic, Top-Down",Windows,2026-09-01T15:59:57.734242,2,Free-to-Play Powerhouses (2),4.248495242049359
2971440,Miko Sniper,2.49,2.49,0,Very Positive,70.0,"7 Jun, 2024",さめGames,Strategy,"2D Platformer, Shoot 'Em Up, Tower Defense, Shooter, Female Protagonist",Windows,2026-09-01T15:59:59.219015,2,Free-to-Play Powerhouses (2),4.2626798770413155
216670,Great Big War Game,6.99,6.99,0,Very Positive,70.0,"28 Aug, 2012",Rubicon Development,Strategy,"Strategy, Indie, Turn-Based Strategy, Turn-Based",Windows,2026-09-01T16:00:01.225753,3,Niche / Emerging Titles,4.2626798770413155
412930,Farm Mania: Hot Vacation,2.49,2.49,0,Very Positive,72.0,"23 Oct, 2015",Qumaron,Strategy,"Casual, Strategy, Adventure, Simulation",Windows,2026-09-01T16:00:02.877431,2,Free-to-Play Powerhouses (2),4.290459441148391
1964330,Madcap Mosaic,3.99,3.99,0,Very Positive,73.0,"15 Aug, 2022",1classydude,Strategy,"Strategy, Roguelite, Deckbuilding, Card Game, Roguelike",Windows,2026-09-01T16:00:05.058931,2,Free-to-Play Powerhouses (2),4.30406509320417
2686020,Faith in Despair,6.19,6.19,0,Very Positive,74.0,"11 Nov, 2025",Philipp Lehner,Strategy,"Roguelike Deckbuilder, Card Battler, Difficult, Card Game, Strategy","Windows, Mac, Linux",2026-09-01T16:00:07.257785,3,Niche / Emerging Titles,4.31748811353631
301920,War of the Human Tanks - ALTeR,6.49,6.49,0,Very Positive,80.0,"13 Feb, 2015",Yakiniku Banzai,Strategy,"Wargame, Combat, Strategy, Turn-Based Strategy, War",Windows,2026-09-01T16:00:09.658793,3,Niche / Emerging Titles,4.394449154672439
1358440,Halver,4.99,4.99,0,Very Positive,80.0,"11 Apr, 2024",Gologames,Strategy,"Puzzle Platformer, Logic, Puzzle, Physics, Precision Platformer","Windows, Mac, Linux",2026-09-01T16:00:10.842116,3,Niche / Emerging Titles,4.394449154672439
4581930,S.A.L.A.M.E.,2.69,2.69,0,Very Positive,83.0,"25 May, 2026",LTP Argentina,Strategy,"Casual, Simulation, Strategy, Card Game, Life Sim",Windows,2026-09-01T16:00:12.692180,2,Free-to-Play Powerhouses (2),4.430816798843313
3078530,Melody's Melon Mania,0.0,0.0,0,Very Positive,90.0,"16 Aug, 2024",Big Bang Studio,Strategy,"Casual, Puzzle, Arcade, Anime, Colorful",Windows,2026-09-01T16:00:13.874455,2,Free-to-Play Powerhouses (2),4.51085950651685
2711190,Hyperspace Deck Command,6.39,6.39,0,Very Positive,91.0,"7 Oct, 2025",Sleeper Games,Strategy,"Roguelike Deckbuilder, Card Game, Roguelike, Deckbuilding, Difficult",Windows,2026-09-01T16:00:16.092908,3,Niche / Emerging Titles,4.5217885770490405
1014280,The Devil's Calculator,1.89,1.89,0,Very Positive,92.0,"18 Feb, 2019",Christopher Cinq-Mars Jarvis,Strategy,"Puzzle, Indie, Logic, Experimental, Education","Windows, Mac, Linux",2026-09-01T16:00:17.976306,2,Free-to-Play Powerhouses (2),4.532599493153256
3723530,Paperwork,2.49,2.49,0,Very Positive,92.0,"17 Feb, 2026",Broken Record Studio,Strategy,"Incremental, City Builder, Puzzle, Automation, Capitalism","Windows, Mac",2026-09-01T16:00:19.709238,2,Free-to-Play Powerhouses (2),4.532599493153256
1648100,Kinduo,1.29,1.29,0,Very Positive,99.0,"29 Jul, 2021",Nibb Games,Strategy,"Local Co-Op, Puzzle Platformer, Pixel Graphics, Colorful, 2D",Windows,2026-09-01T16:00:21.492237,2,Free-to-Play Powerhouses (2),4.605170185988092
2455610,Sengoku Voxel Castle With Zundamon,6.49,6.49,0,Very Positive,105.0,"6 Dec, 2024",KC Project,Strategy,"Early Access, Strategy, RTS, Voxel, Tower Defense",Windows,2026-09-01T16:00:23.352201,3,Niche / Emerging Titles,4.663439094112067
1286010,Godless Tactics,3.99,3.99,0,Very Positive,108.0,"15 May, 2020",Ice Arrow Games,Strategy,"Strategy, Adventure, 2D, Turn-Based Tactics, Singleplayer",Windows,2026-09-01T16:00:25.566291,2,Free-to-Play Powerhouses (2),4.6913478822291435
3688310,Cosmic Tempest,0.9,0.9,0,Very Positive,109.0,"7 May, 2025",ZERO5GAMES,Strategy,"Strategy, Action, Casual, Simulation, Combat",Windows,2026-09-01T16:00:27.558593,2,Free-to-Play Powerhouses (2),4.700480365792417
1019920,Gensokyo Defenders,8.19,8.19,0,Very Positive,114.0,"24 Apr, 2019",Neetpia,Strategy,"Action, Strategy, Tower Defense, Anime, Faith",Windows,2026-09-01T16:00:29.425305,3,Niche / Emerging Titles,4.74493212836325
1741120,Fantasy General,5.99,5.99,0,Very Positive,118.0,"15 Sep, 2021",Strategic Simulations,Strategy,"Strategy, Singleplayer, Turn-Based Strategy, Fantasy, Turn-Based Combat",Windows,2026-09-01T16:00:31.259009,3,Niche / Emerging Titles,4.77912349311153
2682570,Octameta,0.0,0.0,0,Very Positive,119.0,"26 Jan, 2024",AQin_Gomeisa,Strategy,"Free to Play, Puzzle, Exploration, 3D Platformer, Incremental","Windows, Mac",2026-09-01T16:00:33.265315,2,Free-to-Play Powerhouses (2),4.787491742782046
1148450,Detective Jackie - Mystic Case,7.29,7.29,0,Very Positive,121.0,"7 Nov, 2019",Old Skull Games,Strategy,"Casual, Adventure, Strategy, Female Protagonist, Time Management","Windows, Mac",2026-09-01T16:00:35.558859,3,Niche / Emerging Titles,4.804021044733257
3141630,Montabi,9.49,9.49,0,Very Positive,121.0,"6 Aug, 2026",Mankibo,Strategy,"Strategy, Deckbuilding, Creature Collector, Card Battler, Turn-Based Combat","Windows, Mac",2026-09-01T16:00:36.992949,3,Niche / Emerging Titles,4.804021044733257
1213220,IRON GUARD,6.99,6.99,0,Very Positive,139.0,"1 Sep, 2021",Xlab Digital,Strategy,"VR, Tower Defense, Strategy, RTS, Sci-fi",Windows,2026-09-01T16:00:39.008220,3,Niche / Emerging Titles,4.941642422609304
2479770,Troublemaker 2: Beyond Dream,8.99,8.99,0,Very Positive,141.0,"15 Sep, 2025",Gamecom Team,Strategy,"Dialogue Heavy, Adventure, Beat 'em up, Action RPG, Combat",Windows,2026-09-01T16:00:40.675968,3,Niche / Emerging Titles,4.955827057601261
347590,Heroes of Hellas 3: Athens,2.99,2.99,0,Very Positive,145.0,"12 Mar, 2015",Alawar Casual,Strategy,"Casual, Strategy, Match 3, Singleplayer, Indie","Windows, Mac",2026-09-01T16:00:42.776046,2,Free-to-Play Powerhouses (2),4.983606621708336
1316390,Thermo Sudoku,2.99,2.99,0,Very Positive,157.0,"25 May, 2020",Studio Goya,Strategy,"Indie, Casual, Strategy, Puzzle, Board Game","Windows, Mac",2026-09-01T16:00:45.176144,2,Free-to-Play Powerhouses (2),5.062595033026967
2606920,Field of Honor,2.99,2.99,0,Very Positive,160.0,"29 Feb, 2024",civciv,Strategy,"Casual, Simulation, Sandbox, Shooter, FPS",Windows,2026-09-01T16:00:46.726189,2,Free-to-Play Powerhouses (2),5.081404364984463
564330,In Your Face TD,0.0,0.0,0,Very Positive,161.0,"22 Mar, 2017",BitBreak I/S,Strategy,"Strategy, Action, VR, Tower Defense, Free to Play",Windows,2026-09-01T16:00:48.025835,2,Free-to-Play Powerhouses (2),5.087596335232384
2799350,Emperor of the Fading Suns Enhanced,5.49,5.49,0,Very Positive,174.0,"4 Apr, 2025","Holistic Design, Inc.",Strategy,"Strategy, 4X, Turn-Based Strategy, Sci-fi, Lore-Rich","Windows, Linux",2026-09-01T16:00:49.976195,3,Niche / Emerging Titles,5.1647859739235145
642650,Pepper's Puzzles,3.99,3.99,0,Very Positive,182.0,"8 Aug, 2017",Emad,Strategy,"Casual, Indie, Relaxing, Puzzle, Level Editor",Windows,2026-09-01T16:00:51.143210,2,Free-to-Play Powerhouses (2),5.209486152841421
3930510,Don't Let It Starve,4.49,4.49,0,Very Positive,184.0,"12 Jun, 2026",Eduardo Scarpato,Strategy,"Strategy, Roguelike, Roguelite, Horror, Cooking","Windows, Linux",2026-09-01T16:00:52.528509,3,Niche / Emerging Titles,5.220355825078324
1257850,SOLAS 128,6.99,6.99,0,Very Positive,183.0,"25 Jan, 2021",Amicable Animal,Strategy,"Logic, Psychological, Programming, Soundtrack, Puzzle",Windows,2026-09-01T16:00:54.260285,3,Niche / Emerging Titles,5.214935757608986
4280940,Warhammer: Mark of Chaos - Gold Edition (Classic),7.04,7.04,0,Very Positive,183.0,"13 Apr, 2026",Black Hole Entertainment,Strategy,"Strategy, RTS, Fantasy, Strategy RPG, War",Windows,2026-09-01T16:00:56.175104,3,Niche / Emerging Titles,5.214935757608986
861330,Dungeon Deathball,6.99,6.99,0,Very Positive,193.0,"13 Oct, 2021",Matt Glanville,Strategy,"Tactical, Roguelite, Turn-Based Tactics, Turn-Based Strategy, Score Attack",Windows,2026-09-01T16:00:58.326339,3,Niche / Emerging Titles,5.267858159063328
1934100,Ardor,0.0,0.0,0,Very Positive,200.0,"6 May, 2022",Thaddeus Psarris,Strategy,"Deckbuilding, Grid-Based Movement, Singleplayer, Strategy, Turn-Based Combat",Windows,2026-09-01T16:00:59.725303,2,Free-to-Play Powerhouses (2),5.303304908059076
4323290,Flippant,1.89,1.89,0,Very Positive,200.0,"6 May, 2026",vomithog,Strategy,"Simulation, Strategy, Casual, Incremental, Idler",Windows,2026-09-01T16:01:01.397670,2,Free-to-Play Powerhouses (2),5.303304908059076
4189910,Dice In You,0.0,0.0,0,Very Positive,237.0,"11 Dec, 2025",Team DICE,Strategy,"Roguelike Deckbuilder, Deckbuilding, Strategy, Simulation, Roguelike","Windows, Mac",2026-09-01T16:01:02.958435,2,Free-to-Play Powerhouses (2),5.472270673671475
4267840,Be Queen Bee,0.0,0.0,0,Very Positive,239.0,"4 Feb, 2026",Three Blanket Studio,Strategy,"RTS, Wargame, PvE, Action RTS, Female Protagonist",Windows,2026-09-01T16:01:04.032393,2,Free-to-Play Powerhouses (2),5.480638923341991
4535880,Dice Have No Eyes,6.29,6.29,0,Very Positive,248.0,"19 May, 2026",Franek,Strategy,"Early Access, Roguelike, Surreal, Gambling, Pixel Graphics",Windows,2026-09-01T16:01:05.803614,3,Niche / Emerging Titles,5.517452896464707
448080,Fibbage XL,1.92,1.92,0,Very Positive,251.0,"24 Mar, 2016","Jackbox Games, Inc.",Strategy,"Casual, Strategy, Indie, Local Multiplayer, Trivia","Windows, Mac, Linux",2026-09-01T16:01:07.992025,2,Free-to-Play Powerhouses (2),5.529429087511423
3620940,Sushi Cat Legacy Collection,2.99,2.99,0,Very Positive,256.0,"10 Nov, 2025",Armor Games Studios,Strategy,"Strategy, Old School, Colorful, Cats, Casual","Windows, Mac",2026-09-01T16:01:10.259337,2,Free-to-Play Powerhouses (2),5.54907608489522
973220,SiNKR 2,2.49,2.49,0,Very Positive,264.0,"9 May, 2019",Robert Wahler,Strategy,"Strategy, Puzzle, Indie, Relaxing, Minimalist","Windows, Mac, Linux",2026-09-01T16:01:12.409180,2,Free-to-Play Powerhouses (2),5.579729825986222
2939600,Tower Networking Inc.,8.19,8.19,0,Very Positive,315.0,"30 Jul, 2025",Pocosia Studios,Strategy,"Early Access, Logic, Simulation, Online Co-Op, Programming","Windows, Linux",2026-09-01T16:01:14.568671,3,Niche / Emerging Titles,5.755742213586912
1172510,Unlock The King,0.9,0.9,0,Very Positive,329.0,"20 Nov, 2019",Minimol Games,Strategy,"Futuristic, Sokoban, Puzzle, Chess, Minimalist","Windows, Mac",2026-09-01T16:01:16.497204,2,Free-to-Play Powerhouses (2),5.799092654460526
1048920,The Jolly Gang's Misadventures in Africa / Масяня в полной Африке,3.99,3.99,0,Very Positive,350.0,"24 Mar, 2019",Alawar Stargaze,Strategy,"Adventure, Indie, Casual, Point & Click, Hidden Object",Windows,2026-09-01T16:01:18.391470,3,Niche / Emerging Titles,5.860786223465865
2800900,Rift Riff,6.49,6.49,0,Very Positive,365.0,"9 May, 2025",Adriaan de Jongh,Strategy,"Tower Defense, Minimalist, Strategy, Base Building, PvE","Windows, Mac, Linux",2026-09-01T16:01:19.974661,3,Niche / Emerging Titles,5.902633333401366
2427100,Cafe Master Story,7.49,7.49,0,Very Positive,370.0,"15 Oct, 2023","Kairosoft Co.,Ltd",Strategy,"Simulation, Casual, Strategy, Sandbox, Colony Sim",Windows,2026-09-01T16:01:21.574774,3,Niche / Emerging Titles,5.916202062607435
3167260,WAR RATS: The Rat em Up,6.19,6.19,0,Very Positive,376.0,"20 Nov, 2025",wootusart Industries,Strategy,"Action, Shoot 'Em Up, Difficult, Cartoon, 2D",Windows,2026-09-01T16:01:23.491543,3,Niche / Emerging Titles,5.932245187448011
2262930,Bombe,5.49,5.49,0,Very Positive,379.0,"4 Jun, 2023",Charlie Brej,Strategy,"Puzzle, Casual, Strategy, 2D, Automation","Windows, Mac, Linux",2026-09-01T16:01:24.976014,3,Niche / Emerging Titles,5.940171252720432
963280,Talk to Strangers,2.99,2.99,0,Very Positive,406.0,"19 Apr, 2019",Post Mortem Pixels,Strategy,"Life Sim, Casual, Survival, Visual Novel, Story Rich","Windows, Mac, Linux",2026-09-01T16:01:26.900480,2,Free-to-Play Powerhouses (2),6.008813185442595
2516820,LuckLand,4.99,4.99,0,Very Positive,421.0,"26 Aug, 2023",e-Jade,Strategy,"Roguelike Deckbuilder, Deckbuilding, Roguelite, Strategy, Indie",Windows,2026-09-01T16:01:28.642494,3,Niche / Emerging Titles,6.045005314036012
4311000,"Trust Me, I Nailed It",0.0,0.0,0,Very Positive,447.0,"5 Feb, 2026",Team Afternoon,Strategy,"Strategy, Free to Play, Turn-Based Strategy, Puzzle, Tactical RPG",Windows,2026-09-01T16:01:30.913493,2,Free-to-Play Powerhouses (2),6.104793232414985
1144020,GolfTopia,8.19,8.19,0,Very Positive,477.0,"30 Mar, 2021",MinMax Games Ltd.,Strategy,"Strategy, Sandbox, Golf, Simulation, Mini Golf",Windows,2026-09-01T16:01:32.558149,3,Niche / Emerging Titles,6.169610732491456
2488340,Dream Town Island,7.49,7.49,0,Very Positive,487.0,"12 Nov, 2023","Kairosoft Co.,Ltd",Strategy,"Simulation, Casual, Strategy, City Builder, Colony Sim",Windows,2026-09-01T16:01:34.500241,3,Niche / Emerging Titles,6.1903154058531475
3488460,dirtbag MAHJONG,4.99,4.99,0,Very Positive,50.0,"26 Nov, 2025",paranoodle,Strategy,"Mahjong, Pixel Graphics, LGBTQ+, Comedy, Party","Windows, Mac, Linux",2026-09-01T16:01:35.714687,3,Niche / Emerging Titles,3.9318256327243257
1748600,Sainthood,5.49,5.49,0,Very Positive,50.0,"1 Nov, 2024",Sainthood Project,Strategy,"Cozy, Relaxing, Casual, Strategy, Story Rich",Windows,2026-09-01T16:01:37.557729,3,Niche / Emerging Titles,3.9318256327243257
3669690,Noir Lords,5.99,5.99,0,Very Positive,51.0,"8 Aug, 2025",Speed Trail Games,Strategy,"Card Game, Card Battler, Roguelike Deckbuilder, Deckbuilding, Noir",Windows,2026-09-01T16:01:39.741829,3,Niche / Emerging Titles,3.9512437185814275
3254730,Escape 51,0.0,0.0,0,Very Positive,53.0,"27 Nov, 2024",51 Goobcells Production,Strategy,"Adventure, Puzzle, Stealth, Aliens, Space",Windows,2026-09-01T16:01:41.400982,2,Free-to-Play Powerhouses (2),3.9889840465642745
1950490,Nova: Cloudwalker's Tale,5.49,5.49,0,Very Positive,54.0,"3 Aug, 2023",Racoon & Sheep,Strategy,"Cute, Relaxing, Puzzle, Casual, Difficult","Windows, Mac",2026-09-01T16:01:42.772374,3,Niche / Emerging Titles,4.007333185232471
3424740,Firework War,0.0,0.0,0,Very Positive,54.0,"26 Jan, 2025",正方形劳伦斯,Strategy,"Casual, Strategy, Tower Defense, Funny, Abstract",Windows,2026-09-01T16:01:44.129081,2,Free-to-Play Powerhouses (2),4.007333185232471
2101280,The Pyraplex,4.99,4.99,0,Very Positive,54.0,"12 Feb, 2023","Kairosoft Co.,Ltd",Strategy,"Simulation, Strategy, Casual, Colony Sim, Life Sim",Windows,2026-09-01T16:01:46.374287,3,Niche / Emerging Titles,4.007333185232471
4196110,WOBBLY HEIST,0.0,0.0,0,Very Positive,55.0,"24 Jun, 2026",ISART DIGITAL,Strategy,"Casual, Stealth, Puzzle Platformer, Strategy, Cute",Windows,2026-09-01T16:01:47.764290,2,Free-to-Play Powerhouses (2),4.02535169073515
411060,Roads of Rome 2,2.49,2.49,0,Very Positive,57.0,"16 Oct, 2015",Qumaron,Strategy,"Casual, Strategy, Adventure, Simulation, Time Management",Windows,2026-09-01T16:01:49.310617,2,Free-to-Play Powerhouses (2),4.060443010546419
3565380,KunSpace,1.89,1.89,0,Very Positive,58.0,"5 Sep, 2025",DeadManLi,Strategy,"Puzzle, Casual, Psychological Horror, Dungeon Crawler, Indie",Windows,2026-09-01T16:01:51.107317,2,Free-to-Play Powerhouses (2),4.07753744390572
1470940,STAR FLEET II - Krellan Commander Version 2.0,5.49,5.49,0,Very Positive,59.0,"13 Nov, 2023","Trevor Sorensen, Mark Baldwin",Strategy,"Simulation, Strategy, Exploration, Space Sim, Immersive Sim",Windows,2026-09-01T16:01:52.929370,3,Niche / Emerging Titles,4.0943445622221
4044300,CorgiSpace,2.99,2.99,0,Very Positive,61.0,"10 Dec, 2025",Adam Saltsman,Strategy,"Puzzle, Action, Strategy, Sokoban, Metroidvania","Windows, Mac, Linux",2026-09-01T16:01:55.150767,2,Free-to-Play Powerhouses (2),4.127134385045092
2090700,WikiArena,1.29,1.29,0,Very Positive,62.0,"25 Oct, 2022",Ludokultur,Strategy,"Roguelite, Strategy, Puzzle, Trivia, Roguelike","Windows, Mac, Linux",2026-09-01T16:01:57.340668,2,Free-to-Play Powerhouses (2),4.143134726391533
3550060,Minesweeper Together,1.89,1.89,0,Very Positive,62.0,"16 May, 2025",anchikai,Strategy,"Strategy, Board Game, Puzzle, 2D, Pixel Graphics",Windows,2026-09-01T16:01:58.613472,2,Free-to-Play Powerhouses (2),4.143134726391533
1883920,Below the Crown,6.99,6.99,0,Very Positive,63.0,"21 Apr, 2026",Misfits Attic,Strategy,"Strategy, Turn-Based Tactics, Roguelite, Dungeon Crawler, Turn-Based Strategy",Windows,2026-09-01T16:02:00.827389,3,Niche / Emerging Titles,4.1588830833596715
1766000,Path of Ra,2.99,2.99,0,Very Positive,64.0,"5 Dec, 2022",Oneiric Tales,Strategy,"Singleplayer, Indie, Puzzle, Puzzle Platformer, Adventure",Windows,2026-09-01T16:02:02.593788,2,Free-to-Play Powerhouses (2),4.174387269895637
2172180,Howl,5.49,5.49,0,Very Positive,77.0,"14 Nov, 2023",Mi'pu'mi Games GmbH,Strategy,"Turn-Based Strategy, Strategy, Stylized, Puzzle, Fantasy",Windows,2026-09-01T16:02:04.887562,3,Niche / Emerging Titles,4.356708826689592
3929350,ploink,7.49,7.49,0,Very Positive,76.0,"17 Aug, 2026",Pyrocreep,Strategy,"Pinball, Roguelike, Roguelite, Deckbuilding, Turn-Based",Windows,2026-09-01T16:02:06.656931,3,Niche / Emerging Titles,4.343805421853684
2145460,Foodslingers,5.49,5.49,0,Very Positive,82.0,"18 Mar, 2026",Ardent Games,Strategy,"Online Co-Op, Multiplayer, Arcade, Cooking, First-Person","Windows, Mac",2026-09-01T16:02:08.429665,3,Niche / Emerging Titles,4.418840607796598
724680,Cosmo's Quickstop,8.19,8.19,0,Very Positive,83.0,"18 Aug, 2021",Big Sir Games,Strategy,"3D, Management, Time Management, Space, Arcade",Windows,2026-09-01T16:02:10.780855,3,Niche / Emerging Titles,4.430816798843313
1418830,Sayonara Golden Days,1.29,1.29,0,Very Positive,84.0,"19 May, 2021",NotDeadLuna Studio,Strategy,"Puzzle, Point & Click, Experimental, Turn-Based Tactics, Immersive Sim","Windows, Mac",2026-09-01T16:02:12.807333,2,Free-to-Play Powerhouses (2),4.442651256490317
2579550,Salvo Shuffle,0.0,0.0,0,Very Positive,84.0,"16 Aug, 2024",Agent_Jo,Strategy,"Strategy, Indie, Action Roguelike, Bullet Hell, Deckbuilding",Windows,2026-09-01T16:02:14.290710,2,Free-to-Play Powerhouses (2),4.442651256490317
1614340,Matchsticks - Coffee Break Club,1.29,1.29,0,Very Positive,87.0,"29 Jul, 2021",Rukerama Studio,Strategy,"Strategy, Logic, Indie, Puzzle, Relaxing","Windows, Mac",2026-09-01T16:02:16.323892,2,Free-to-Play Powerhouses (2),4.477336814478207
1547340,Puzzle Car,1.89,1.89,0,Very Positive,88.0,"27 Feb, 2021",Rising Moon Games,Strategy,"Puzzle, Logic, Transportation, Grid-Based Movement, Isometric","Windows, Linux",2026-09-01T16:02:17.757090,2,Free-to-Play Powerhouses (2),4.48863636973214
727020,Arcade Moonlander,0.9,0.9,0,Very Positive,94.0,"25 Oct, 2017",Daniel Paul Griffin,Strategy,"Racing, Exploration, Flight, Action, Real-Time",Windows,2026-09-01T16:02:19.590441,2,Free-to-Play Powerhouses (2),4.553876891600541
1237070,The Cyclist: Tactics,7.79,7.79,0,Very Positive,100.0,"29 Jul, 2021",Camshaft Software Ltd,Strategy,"Cycling, Management, Simulation, Turn-Based Tactics, Board Game","Windows, Mac",2026-09-01T16:02:21.623608,3,Niche / Emerging Titles,4.61512051684126
3488900,Kiloton,4.69,4.69,0,Very Positive,103.0,"21 Feb, 2025",Jack Morehart,Strategy,"Wargame, RTS, Grand Strategy, Diplomacy, Simulation","Windows, Mac",2026-09-01T16:02:23.340298,3,Niche / Emerging Titles,4.6443908991413725
3822990,Stellar Witch,0.0,0.0,0,Very Positive,122.0,"25 Jul, 2025",배머루@결속,Strategy,"Inventory Management, Strategy, Female Protagonist, Roguelike Deckbuilder, Action",Windows,2026-09-01T16:02:25.458190,2,Free-to-Play Powerhouses (2),4.812184355372417
1965800,Dice Tribes: Ambitions,5.49,5.49,0,Very Positive,123.0,"15 Jun, 2022",Sprouting Potato,Strategy,"Strategy, Indie, Board Game, Singleplayer, Solitaire","Windows, Mac, Linux",2026-09-01T16:02:27.771463,3,Niche / Emerging Titles,4.820281565605037
4834490,Pixel Texas Hold'em,0.0,0.0,0,Very Positive,125.0,"16 Jul, 2026",Pixel Dance,Strategy,"Casual, Simulation, Card Game, Tabletop, Board Game","Windows, Mac",2026-09-01T16:02:29.378070,2,Free-to-Play Powerhouses (2),4.836281906951478
2334280,Stick to the Plan,6.19,6.19,0,Very Positive,125.0,"12 Sep, 2023",Dead Pixel Tales,Strategy,"Puzzle, Cozy, Sokoban, Dogs, Family Friendly",Windows,2026-09-01T16:02:31.673745,3,Niche / Emerging Titles,4.836281906951478
938310,12 Labours of Hercules VIII: How I Met Megara,1.89,1.89,0,Very Positive,126.0,"26 Dec, 2018",Jetdogs Studios,Strategy,"Time Management, Strategy, Casual, Puzzle, Mythology","Windows, Mac",2026-09-01T16:02:33.023371,2,Free-to-Play Powerhouses (2),4.844187086458591
4289560,Pound for Pound: MMA Promotion Simulator,8.19,8.19,0,Very Positive,132.0,"20 Mar, 2026",Pound for Pound Games,Strategy,"Sports, Sandbox, Simulation, Boxing, Management","Windows, Mac, Linux",2026-09-01T16:02:34.740256,3,Niche / Emerging Titles,4.890349128221754
3234760,Orange Roulette,1.89,1.89,0,Very Positive,131.0,"7 Oct, 2024",Mikey Houser,Strategy,"Action, Simulation, Strategy, Survival, Perma Death",Windows,2026-09-01T16:02:36.740284,2,Free-to-Play Powerhouses (2),4.882801922586371
3007660,Bella Wants Blood,2.99,2.99,0,Very Positive,146.0,"24 Jul, 2024",Sonderland,Strategy,"Tower Defense, Roguelike, Horror, Funny, Hand-drawn","Windows, Mac, Linux",2026-09-01T16:02:37.956648,2,Free-to-Play Powerhouses (2),4.990432586778736
3204120,Maestro's Cold War 2,4.49,4.49,0,Very Positive,154.0,"31 Aug, 2026",Maestro Cinetik,Strategy,"Simulation, Political Sim, Sandbox, Turn-Based Strategy, Military","Windows, Mac, Linux",2026-09-01T16:02:40.090027,3,Niche / Emerging Titles,5.043425116919247
3395500,Yap Wizards Tower Defence,0.0,0.0,0,Very Positive,155.0,"30 May, 2025",Noffty Productions,Strategy,"Casual, Strategy, Tower Defense, 2D, Cartoony","Windows, Mac, Linux",2026-09-01T16:02:41.890254,2,Free-to-Play Powerhouses (2),5.049856007249537
1117310,Sandwich Sudoku,2.99,2.99,0,Very Positive,163.0,"19 Aug, 2019",Studio Goya,Strategy,"Strategy, Indie, Casual, Puzzle","Windows, Mac",2026-09-01T16:02:44.023157,2,Free-to-Play Powerhouses (2),5.099866427824199
1250560,Chess Sudoku,2.99,2.99,0,Very Positive,178.0,"2 Mar, 2020",Studio Goya,Strategy,"Indie, Casual, Strategy, Puzzle, Board Game","Windows, Mac",2026-09-01T16:02:45.289826,2,Free-to-Play Powerhouses (2),5.187385805840755
3860590,Barrel Roll,2.99,2.99,0,Very Positive,188.0,"23 Oct, 2025",Barrel Roll,Strategy,"Roguelike, Deckbuilding, Western, Roguelike Deckbuilder, Turn-Based Combat",Windows,2026-09-01T16:02:46.906683,2,Free-to-Play Powerhouses (2),5.241747015059643
1471960,Room to Grow,1.37,1.37,0,Very Positive,193.0,"25 Feb, 2021",Mischka Kamener,Strategy,"Puzzle, Difficult, Indie, Singleplayer, Sokoban","Windows, Mac",2026-09-01T16:02:48.613628,2,Free-to-Play Powerhouses (2),5.267858159063328
3845450,Gladiator Command,3.29,3.29,0,Very Positive,230.0,"5 Mar, 2026",Marius Spikas,Strategy,"Auto Battler, Management, Simulation, Strategy, Rome",Windows,2026-09-01T16:02:50.573466,2,Free-to-Play Powerhouses (2),5.442417710521793
2168080,Abyss Manager Idle,0.0,0.0,0,Very Positive,261.0,"26 Jan, 2026",D4 Laboratory,Strategy,"Strategy, Casual, Time Management, Simulation, Idler",Windows,2026-09-01T16:02:51.739673,2,Free-to-Play Powerhouses (2),5.568344503761097
1183500,Puppy Cross,2.99,2.99,0,Very Positive,273.0,"11 Feb, 2020",DIMANCHE CORP.,Strategy,"Indie, Casual, Strategy, Puzzle, Dogs",Windows,2026-09-01T16:02:53.632153,2,Free-to-Play Powerhouses (2),5.6131281063880705
3332060,Feng Shui Meowjong,2.99,2.99,0,Very Positive,276.0,"3 Feb, 2026",Wavebreak Studio,Strategy,"Roguelike Deckbuilder, Mahjong, Card Game, Strategy, Cats",Windows,2026-09-01T16:02:55.506392,2,Free-to-Play Powerhouses (2),5.6240175061873385
3345950,Capote,2.44,2.44,0,Very Positive,294.0,"20 Aug, 2026",Luski Game Studio,Strategy,"Card Game, Funny, Party Game, Strategy, Tabletop",Windows,2026-09-01T16:02:57.272991,2,Free-to-Play Powerhouses (2),5.68697535633982
909380,Traditional Chinese Medicine Simulator,6.99,6.99,0,Very Positive,303.0,"28 Jul, 2021",曲波,Strategy,"Early Access, Strategy, Simulation, Medical Sim, Immersive Sim","Windows, Mac",2026-09-01T16:02:59.623029,3,Niche / Emerging Titles,5.717027701406222
1637670,晚上nano好,0.0,0.0,0,Very Positive,319.0,"30 Jul, 2021",Marsh533,Strategy,"Casual, Match 3, Strategy, 2D, Relaxing",Windows,2026-09-01T16:03:01.222883,2,Free-to-Play Powerhouses (2),5.768320995793772
1739070,Bone's Cafe,6.99,6.99,0,Very Positive,339.0,"29 Oct, 2022",Acute Owl Studio,Strategy,"Cooking, Automation, Management, Strategy, Local Co-Op",Windows,2026-09-01T16:03:03.139505,3,Niche / Emerging Titles,5.8289456176102075
3292480,Ignited Entry,0.0,0.0,0,Very Positive,350.0,"11 Nov, 2024",JordiBoi,Strategy,"Psychological Horror, Story Rich, Indie, Casual, Adventure",Windows,2026-09-01T16:03:05.322948,2,Free-to-Play Powerhouses (2),5.860786223465865
3090980,Dungeon Tycoon: Prologue,0.0,0.0,0,Very Positive,370.0,"29 Jul, 2024",Lunheim Studios,Strategy,"Tower Defense, Dungeon Crawler, Economy, Management, Fantasy",Windows,2026-09-01T16:03:07.506445,2,Free-to-Play Powerhouses (2),5.916202062607435
1465510,DUSK '82: ULTIMATE EDITION,3.99,3.99,0,Very Positive,380.0,"22 Oct, 2021",David Szymanski,Strategy,"Puzzle, 2D, Arcade, Grid-Based Movement, Adventure",Windows,2026-09-01T16:03:09.589396,3,Niche / Emerging Titles,5.942799375126701
3044350,Nazi Zombies,0.0,0.0,0,Very Positive,404.0,"30 Jul, 2026",FossettGaming,Strategy,"Action, Strategy, FPS, Shooter, 3D","Windows, Linux",2026-09-01T16:03:10.522740,2,Free-to-Play Powerhouses (2),6.003887067106539
2492290,Uncover the Smoking Gun,8.19,8.19,0,Very Positive,413.0,"23 Jun, 2024","ReLU Games, Inc.",Strategy,"Immersive Sim, Interactive Fiction, Investigation, Crime, First-Person",Windows,2026-09-01T16:03:11.660959,3,Niche / Emerging Titles,6.025865973825314
3441280,The Greenening,1.59,1.59,0,Very Positive,470.0,"7 May, 2026",Erkberg Games,Strategy,"Incremental, Casual, Idler, Exploration, Nature",Windows,2026-09-01T16:03:13.756289,2,Free-to-Play Powerhouses (2),6.154858094016418
3294890,Five Nights at Roner's: Remastered,0.0,0.0,0,Very Positive,482.0,"21 Nov, 2024",Roane Vaydich,Strategy,"Strategy, Comedy, Point & Click, Action, Horror",Windows,2026-09-01T16:03:15.576295,2,Free-to-Play Powerhouses (2),6.180016653652572
2900760,SokoPenguin,0.67,0.67,0,Very Positive,68.0,"12 Apr, 2024",Vergiu,Strategy,"Sokoban, Puzzle, Cute, Pixel Graphics, Colorful",Windows,2026-09-01T16:03:17.439363,2,Free-to-Play Powerhouses (2),4.23410650459726
1678320,Heat Death,14.99,14.99,0,Very Positive,68.0,"18 Jul, 2022",Gallistrix,Strategy,"Roguelike Deckbuilder, Card Battler, Turn-Based Tactics, Difficult, Card Game","Windows, Mac",2026-09-01T16:03:19.189252,4,Premium / AAA,4.23410650459726
3180680,A la Card,6.99,6.99,0,Very Positive,68.0,"11 Dec, 2025",Shook Loose,Strategy,"Roguelike Deckbuilder, Card Game, Card Battler, Roguelike, Strategy",Windows,2026-09-01T16:03:21.205992,3,Niche / Emerging Titles,4.23410650459726
2273850,Beacon Patrol,2.99,2.99,0,Very Positive,68.0,"17 Sep, 2025",Shapes and Dreams,Strategy,"Simulation, Puzzle, Board Game, Tabletop, Turn-Based Tactics","Windows, Mac, Linux",2026-09-01T16:03:23.455880,2,Free-to-Play Powerhouses (2),4.23410650459726
1644750,Sheep,1.89,1.89,0,Very Positive,69.0,"12 Jun, 2025",Minds Eye Productions,Strategy,"Strategy, Puzzle Platformer, Puzzle, Farming Sim, Cartoony",Windows,2026-09-01T16:03:25.455941,2,Free-to-Play Powerhouses (2),4.248495242049359
1747510,An Architect's Adventure,5.49,5.49,0,Very Positive,70.0,"25 Mar, 2023",maou,Strategy,"Sokoban, Puzzle, Logic, 3D, Casual",Windows,2026-09-01T16:03:27.189094,3,Niche / Emerging Titles,4.2626798770413155
2835780,Gem Miner TD,6.49,6.49,0,Very Positive,70.0,"20 Jan, 2026",iFeral Games,Strategy,"Tower Defense, Roguelite, Mining, Replay Value, Strategy",Windows,2026-09-01T16:03:29.072609,3,Niche / Emerging Titles,4.2626798770413155
4366260,Federal Reserve Simulator,2.49,2.49,0,Very Positive,71.0,"13 Feb, 2026",Billmeade Gaming,Strategy,"Economy, Political Sim, Turn-Based Strategy, Historical, Management","Windows, Mac, Linux",2026-09-01T16:03:31.022540,2,Free-to-Play Powerhouses (2),4.276666119016055
2550630,808s&Genetics,1.29,1.29,0,Very Positive,72.0,"31 Aug, 2023",Magnesiumteng Machine,Strategy,"Casual, Education, Puzzle, Solitaire, Detective",Windows,2026-09-01T16:03:33.205752,2,Free-to-Play Powerhouses (2),4.290459441148391
329630,Command HQ,2.59,2.59,0,Very Positive,73.0,"6 Nov, 2014",Ozark Softscape,Strategy,"Strategy, Retro, Classic, 1990's, Wargame","Windows, Mac, Linux",2026-09-01T16:03:35.255607,2,Free-to-Play Powerhouses (2),4.30406509320417
1948870,Pierre's Adventures in French [Learn French],9.49,9.49,0,Very Positive,74.0,"14 Oct, 2022",Rocket Boy Games,Strategy,"Language Learning, Exploration, Education, Puzzle, Point & Click",Windows,2026-09-01T16:03:37.423864,3,Niche / Emerging Titles,4.31748811353631
1363690,Fantastic Contraption Classic 1 & 2,5.49,5.49,0,Very Positive,77.0,"10 Aug, 2020",Northway Games,Strategy,"Simulation, Strategy, Physics, Building, Puzzle",Windows,2026-09-01T16:03:39.455785,3,Niche / Emerging Titles,4.356708826689592
1161360,Shisensho Solitaire,1.29,1.29,0,Very Positive,80.0,"9 Oct, 2019",Nick Ramsay,Strategy,"Solitaire, Puzzle, Match 3, Casual, Relaxing",Windows,2026-09-01T16:03:41.172342,2,Free-to-Play Powerhouses (2),4.394449154672439
1358790,Tipston Salvage,7.49,7.49,0,Very Positive,80.0,"10 Oct, 2024",Pontus Karlsson,Strategy,"Local Co-Op, Co-op Campaign, Difficult, Family Friendly, Time Management",Windows,2026-09-01T16:03:43.105579,3,Niche / Emerging Titles,4.394449154672439
2493160,1 Bit Survivor,2.49,2.49,0,Very Positive,81.0,"11 Aug, 2023",Chaz Acheronti,Strategy,"Survival Horror, Turn-Based Combat, Roguelike, Dungeon Crawler, Casual",Windows,2026-09-01T16:03:45.305607,2,Free-to-Play Powerhouses (2),4.406719247264253
2614980,Square Logic,1.03,1.03,0,Very Positive,81.0,"14 Dec, 2023",Climbing Goat Games,Strategy,"Puzzle, Logic, Casual, Minimalist, Experimental","Windows, Linux",2026-09-01T16:03:47.771992,2,Free-to-Play Powerhouses (2),4.406719247264253
4092050,Dictator Simulator: Gradnar,2.99,2.99,0,Very Positive,83.0,"21 Nov, 2025",GortagonGame,Strategy,"Simulation, Strategy, Visual Novel, Choices Matter, Dystopian",Windows,2026-09-01T16:03:48.988840,2,Free-to-Play Powerhouses (2),4.430816798843313
2854140,Herta's Chess Game,0.0,0.0,0,Very Positive,88.0,"25 Aug, 2024",Oct.Works,Strategy,"Turn-Based Strategy, 2D, Strategy, Cute, Pixel Graphics",Windows,2026-09-01T16:03:50.988585,2,Free-to-Play Powerhouses (2),4.48863636973214
1888660,Mini Pipes - A Logic Puzzle Pipes Game,0.9,0.9,0,Very Positive,91.0,"18 Apr, 2022",Sprovieri Games,Strategy,"Puzzle, Minimalist, Logic, Strategy, Relaxing",Windows,2026-09-01T16:03:52.755426,2,Free-to-Play Powerhouses (2),4.5217885770490405
746560,Gadgeteer,6.99,6.99,0,Very Positive,95.0,"27 Aug, 2020",Metanaut,Strategy,"Simulation, Indie, VR, Puzzle, Physics",Windows,2026-09-01T16:03:54.538731,3,Niche / Emerging Titles,4.564348191467836
4914570,ON&OFF,0.0,0.0,0,Very Positive,96.0,"31 Jul, 2026",DopamineCrucian,Strategy,"Roguelike Deckbuilder, Card Game, Indie, Free to Play, Strategy",Windows,2026-09-01T16:03:55.887890,2,Free-to-Play Powerhouses (2),4.574710978503383
4622330,CD Market - Music Label Sim,4.25,4.25,0,Very Positive,98.0,"17 Jul, 2026",Lost Star Games,Strategy,"Simulation, Management, Strategy, Music, Capitalism","Windows, Mac, Linux",2026-09-01T16:03:58.121968,3,Niche / Emerging Titles,4.59511985013459
3892910,SkyShard: City Battler,8.55,8.55,0,Very Positive,105.0,"25 May, 2026",ItsBen321,Strategy,"Early Access, Auto Battler, Inventory Management, PvP, PvE",Windows,2026-09-01T16:03:59.888692,3,Niche / Emerging Titles,4.663439094112067
3281980,Demigoddess!,3.99,3.99,0,Very Positive,111.0,"30 Jul, 2025",SNP Engineering,Strategy,"Strategy, Turn-Based Strategy, Turn-Based Tactics, Dark Fantasy, Fantasy",Windows,2026-09-01T16:04:01.755459,2,Free-to-Play Powerhouses (2),4.718498871295094
3953060,Galaxy Defense War,4.34,4.34,0,Very Positive,115.0,"15 Dec, 2025",Zero Space,Strategy,"Strategy, Roguelite, Tower Defense, 2D, Base Building",Windows,2026-09-01T16:04:03.871856,3,Niche / Emerging Titles,4.7535901911063645
3034400,Medieval Businessman,0.0,0.0,0,Very Positive,128.0,"20 Jun, 2024",Teamey,Strategy,"Real Time Tactics, City Builder, Indie, Top-Down, Strategy",Windows,2026-09-01T16:04:05.421913,2,Free-to-Play Powerhouses (2),4.859812404361672
1492620,Jelly Is Sticky,6.99,6.99,0,Very Positive,134.0,"19 May, 2022",Lunarch Studios,Strategy,"Puzzle, Sokoban, Casual, Cozy, Grid-Based Movement",Windows,2026-09-01T16:04:07.441371,3,Niche / Emerging Titles,4.90527477843843
1444090,Colorful Colore,1.89,1.89,0,Very Positive,137.0,"24 Oct, 2020",Gagonfe,Strategy,"Strategy, Casual, Arcade, 2D, Indie",Windows,2026-09-01T16:04:09.621873,2,Free-to-Play Powerhouses (2),4.927253685157205
3395930,Mashina,6.29,6.29,0,Very Positive,139.0,"31 Jul, 2025",Talha and Jack Co,Strategy,"Strategy, Puzzle, Exploration, 2.5D, 3D",Windows,2026-09-01T16:04:11.638172,3,Niche / Emerging Titles,4.941642422609304
3024410,astragali,0.0,0.0,0,Very Positive,143.0,"31 Jan, 2025",0range,Strategy,"Board Game, Deckbuilding, Physics, Roguelike, Roguelite","Windows, Linux",2026-09-01T16:04:13.105049,2,Free-to-Play Powerhouses (2),4.969813299576001
3641420,Magecraft: Spellbuilding,0.0,0.0,0,Very Positive,142.0,"12 Sep, 2025",Violet Grimoire,Strategy,"Roguelike Deckbuilder, Card Game, Card Battler, Roguelite, Deckbuilding",Windows,2026-09-01T16:04:14.621790,2,Free-to-Play Powerhouses (2),4.962844630259907
3898970,Better Minesweeper,0.0,0.0,0,Very Positive,163.0,"14 Jun, 2026",Pyrite Standard,Strategy,"Strategy, Puzzle, 2D, Perma Death, Procedural Generation","Windows, Linux",2026-09-01T16:04:16.404952,2,Free-to-Play Powerhouses (2),5.099866427824199
3839810,ShellMobile: Titan Rampart,3.49,3.49,0,Very Positive,181.0,"31 Dec, 2025",红景天娱乐,Strategy,"Strategy, Wargame, Mechs, Base Building, Casual",Windows,2026-09-01T16:04:18.621636,2,Free-to-Play Powerhouses (2),5.204006687076795
2137470,Regency Solitaire II,6.99,6.99,0,Very Positive,208.0,"22 Feb, 2024",Grey Alien Games,Strategy,"Solitaire, Puzzle, Visual Novel, Board Game, Card Game",Windows,2026-09-01T16:04:20.271518,3,Niche / Emerging Titles,5.342334251964811
869690,Cat Lady - The Card Game,2.49,2.49,0,Very Positive,229.0,"12 Dec, 2019",Nomad Games,Strategy,"Casual, Strategy, Cats, Card Game, Solitaire",Windows,2026-09-01T16:04:22.054686,2,Free-to-Play Powerhouses (2),5.438079308923196
1727520,Yamafuda! 2nd station,6.49,6.49,0,Very Positive,261.0,"24 Sep, 2021",KPC,Strategy,"Roguelike Deckbuilder, Cute, Card Game, Casual, Relaxing","Windows, Mac",2026-09-01T16:04:23.723799,3,Niche / Emerging Titles,5.568344503761097
3984570,策马守天关,0.0,0.0,0,Very Positive,263.0,"10 Dec, 2025",XINLINE GAMES,Strategy,"Strategy, Tower Defense, Action RTS, 2.5D, Realistic",Windows,2026-09-01T16:04:25.757609,2,Free-to-Play Powerhouses (2),5.575949103146316
1988940,からぱりうぉーず,0.0,0.0,0,Very Positive,262.0,"26 May, 2022",こおりみず,Strategy,"Strategy, Simulation, Real Time Tactics, 2D, Cute",Windows,2026-09-01T16:04:28.271092,2,Free-to-Play Powerhouses (2),5.572154032177765
3219580,Theta and Paralldox on Worldlines,4.94,4.94,0,Very Positive,269.0,"3 Feb, 2026",XXela,Strategy,"Puzzle, Sokoban, Logic, Time Manipulation, Cute",Windows,2026-09-01T16:04:30.121268,3,Niche / Emerging Titles,5.598421958998375
3623530,Deified,8.55,8.55,0,Very Positive,277.0,"27 Apr, 2026",Unexpected,Strategy,"Strategy, Roguelike, Turn-Based Strategy, Dungeon Crawler, Roguelite","Windows, Linux",2026-09-01T16:04:32.104849,3,Niche / Emerging Titles,5.627621113690637
3762790,Terraformental,3.49,3.49,0,Very Positive,358.0,"28 Jan, 2026",Shady Games,Strategy,"Text-Based, Time Management, Exploration, Nonlinear, Strategy","Windows, Mac",2026-09-01T16:04:33.955887,2,Free-to-Play Powerhouses (2),5.883322388488279
1180130,The Final Earth 2,5.49,5.49,0,Very Positive,403.0,"15 Jul, 2022",Florian van Strien,Strategy,"Colony Sim, Strategy, Space, Management, Building",Windows,2026-09-01T16:04:35.671309,3,Niche / Emerging Titles,6.0014148779611505
342610,HyperRogue,5.49,5.49,0,Very Positive,403.0,"16 Jan, 2015",Zeno Rogue,Strategy,"Turn-Based Tactics, Psychedelic, Experimental, Hex Grid, Surreal","Windows, Mac, Linux",2026-09-01T16:04:37.321081,3,Niche / Emerging Titles,6.0014148779611505
1046030,ISLANDERS,3.49,3.49,0,Overwhelmingly Positive,10218.0,"4 Apr, 2019",Coatsink,Strategy,"Relaxing, City Builder, Strategy, Building, Puzzle","Windows, Mac",2026-09-01T16:04:55.304194,0,Free-to-Play Powerhouses,9.23200401161221
453090,Parkitect,10.49,10.49,0,Very Positive,4729.0,"29 Nov, 2018",Texel Raptor,Strategy,"Relaxing, Level Editor, Simulation, Management, Building","Windows, Mac, Linux",2026-09-01T16:04:57.204055,1,Popular Mid-Range,8.46168048148598
540840,Lara Croft GO,1.04,1.04,0,Very Positive,1384.0,"4 Dec, 2016",Square Enix Montréal,Strategy,"Puzzle, Adventure, Female Protagonist, Turn-Based, Singleplayer","Windows, Mac, Linux",2026-09-01T16:04:59.187461,0,Free-to-Play Powerhouses,7.233455418621439
4297840,Rock Bottom,3.99,3.99,0,Very Positive,1554.0,"14 Jul, 2026",Logan Games,Strategy,"Incremental, Casual, Action, Adventure, Mining",Windows,2026-09-01T16:05:01.004307,0,Free-to-Play Powerhouses,7.349230824613334
3129930,Nonentity Galaxy,5.49,5.49,0,Very Positive,582.0,"3 Feb, 2026",Brick-Up Studio,Strategy,"Strategy, Tactical, Roguelite, Resource Management, Dark Humor",Windows,2026-09-01T16:05:03.270893,3,Niche / Emerging Titles,6.368187186350492
965590,Sagrada,5.49,5.49,0,Very Positive,317.0,"31 Mar, 2020",Dire Wolf,Strategy,"Board Game, Tabletop, Strategy, Logic, Puzzle","Windows, Mac",2026-09-01T16:05:05.553970,3,Niche / Emerging Titles,5.762051382780177
2112740,Humanica,6.99,6.99,0,Very Positive,171.0,"3 Mar, 2026",PanfachDev,Strategy,"Early Access, City Builder, Simulation, Survival, Management",Windows,2026-09-01T16:05:07.670588,3,Niche / Emerging Titles,5.147494476813453
1455230,Dungeon Slime:  Puzzle's Adventure,0.83,0.83,0,Very Positive,105.0,"15 Dec, 2020",Daniel Siqueira Abdelnur,Strategy,"Puzzle, Strategy, Casual, Tactical, Mystery Dungeon",Windows,2026-09-01T16:05:09.353892,2,Free-to-Play Powerhouses (2),4.663439094112067
1151990,Slip 'n Slime,5.49,5.49,0,Very Positive,74.0,"28 Aug, 2025",Wild Magic Studio,Strategy,"Casual, Puzzle, Cute, Pixel Graphics, Top-Down","Windows, Mac, Linux",2026-09-01T16:05:11.220738,3,Niche / Emerging Titles,4.31748811353631
397400,HueBots,0.0,0.0,0,Very Positive,74.0,"26 Aug, 2015",Huebotics,Strategy,"Free to Play, Strategy, Casual, Indie, Puzzle","Windows, Mac, Linux",2026-09-01T16:05:13.170650,2,Free-to-Play Powerhouses (2),4.31748811353631
4280820,Water Boiling Simulator,0.63,0.63,0,Very Positive,75.0,"15 Jan, 2026",wolfyer,Strategy,"Horror, Survival Horror, Psychological Horror, First-Person, Exploration","Windows, Linux",2026-09-01T16:05:14.853866,2,Free-to-Play Powerhouses (2),4.330733340286331
1694260,Moons of Ardan,9.99,9.99,0,Very Positive,76.0,"21 Oct, 2021",Pandora Technology,Strategy,"Early Access, City Builder, Colony Sim, Building, Space",Windows,2026-09-01T16:05:16.153783,3,Niche / Emerging Titles,4.343805421853684
3074200,The Rookery,5.49,5.49,0,Very Positive,77.0,"12 Sep, 2024",Glyder Games,Strategy,"Chess, Roguelite, Turn-Based Tactics, Turn-Based Strategy, Strategy","Windows, Mac",2026-09-01T16:05:18.320455,3,Niche / Emerging Titles,4.356708826689592
2781470,The Killing Stone,6.49,6.49,0,Very Positive,78.0,"18 Feb, 2026",Question,Strategy,"Early Access, Card Battler, Card Game, Story Rich, Strategy",Windows,2026-09-01T16:05:20.658239,3,Niche / Emerging Titles,4.3694478524670215
355920,Pixel Puzzles 2: Space,2.99,2.99,0,Very Positive,79.0,"19 Feb, 2016",Pixel Puzzles,Strategy,"Casual, Indie, Puzzle, Simulation, Strategy",Windows,2026-09-01T16:05:22.787115,2,Free-to-Play Powerhouses (2),4.382026634673881
1703930,Kriegsfront Battlescaper - Diorama Editor,0.0,0.0,0,Very Positive,86.0,"4 Aug, 2022",Toge Productions,Strategy,"Mechs, Level Editor, Character Customization, City Builder, Utilities",Windows,2026-09-01T16:05:23.703643,2,Free-to-Play Powerhouses (2),4.465908118654584
2258670,Crawlspace 2,0.0,0.0,0,Very Positive,86.0,"18 Jan, 2023",Kiririn,Strategy,"Horror, Strategy, Action, Singleplayer, Survival Horror",Windows,2026-09-01T16:05:25.503701,2,Free-to-Play Powerhouses (2),4.465908118654584
392330,Take Command - 2nd Manassas,5.49,5.49,0,Very Positive,86.0,"28 Oct, 2016",MadMinute Games,Strategy,"Wargame, Real Time Tactics, War, Artificial Intelligence, RTS",Windows,2026-09-01T16:05:27.720512,3,Niche / Emerging Titles,4.465908118654584
3718870,NetDive,1.89,1.89,0,Very Positive,87.0,"15 Aug, 2025",DK Liao,Strategy,"Casual, Idler, Arcade, Strategy, Simulation","Windows, Mac",2026-09-01T16:05:29.253438,2,Free-to-Play Powerhouses (2),4.477336814478207
862110,Super Jigsaw Puzzle: Cities,2.99,2.99,0,Very Positive,87.0,"29 May, 2018",Flat Cat Games,Strategy,"Casual, Indie, Simulation, Puzzle, Strategy",Windows,2026-09-01T16:05:30.920166,2,Free-to-Play Powerhouses (2),4.477336814478207
1482490,SEIKEN-MANIFESTIA,12.99,12.99,0,Very Positive,87.0,"17 May, 2021",hikarumiwa.,Strategy,"RTS, Real Time Tactics, Strategy, PvE, Singleplayer","Windows, Mac",2026-09-01T16:05:33.303389,3,Niche / Emerging Titles,4.477336814478207
2743970,One-inch Tactics,8.19,8.19,0,Very Positive,88.0,"19 May, 2024",KOGADO STUDIO,Strategy,"Turn-Based Tactics, Mechs, Strategy, Wargame, Tactical",Windows,2026-09-01T16:05:34.803337,3,Niche / Emerging Titles,4.48863636973214
2136110,Vox Populi: Brazil 2022,1.04,1.04,0,Very Positive,88.0,"16 Feb, 2024",Velsin,Strategy,"Strategy, Pixel Graphics, Political Sim, Card Battler, Card Game",Windows,2026-09-01T16:05:36.703270,2,Free-to-Play Powerhouses (2),4.48863636973214
4017450,Villainy,4.49,4.49,0,Very Positive,88.0,"15 Dec, 2025",Studio Rend,Strategy,"Action, Social Deduction, Pixel Graphics, PvP, Fantasy",Windows,2026-09-01T16:05:38.470336,3,Niche / Emerging Titles,4.48863636973214
421260,Militia,5.99,5.99,0,Very Positive,90.0,"2 Dec, 2015",BrainGoodGames,Strategy,"Turn-Based Tactics, Turn-Based, Board Game, Turn-Based Strategy, Tabletop","Windows, Mac, Linux",2026-09-01T16:05:40.055709,3,Niche / Emerging Titles,4.51085950651685
1401570,Cold Call,0.9,0.9,0,Very Positive,93.0,"24 Dec, 2020",Moonbit,Strategy,"Horror, Survival Horror, Side Scroller, Singleplayer, 2D Platformer",Windows,2026-09-01T16:05:42.003338,2,Free-to-Play Powerhouses (2),4.543294782270004
2307260,Cardeneer,0.0,0.0,0,Very Positive,95.0,"10 Nov, 2023",Nordic Softworks,Strategy,"Card Game, Level Editor, PvP, Singleplayer, Multiplayer",Windows,2026-09-01T16:05:44.219908,2,Free-to-Play Powerhouses (2),4.564348191467836
4311010,EXE.CUTOR,0.0,0.0,0,Very Positive,103.0,"4 Feb, 2026",A.S.K.S.,Strategy,"Strategy, Free to Play, Indie, Card Game, Turn-Based Strategy",Windows,2026-09-01T16:05:46.503243,2,Free-to-Play Powerhouses (2),4.6443908991413725
1847390,Ruins Of Mitriom,0.0,0.0,0,Very Positive,105.0,"11 Jan, 2022",Pixel-Archipel,Strategy,"Beat 'em up, 2D, Action-Adventure, Party Game, Hack and Slash","Windows, Mac, Linux",2026-09-01T16:05:48.203198,2,Free-to-Play Powerhouses (2),4.663439094112067
2077870,My Dad Left Me,0.0,0.0,0,Very Positive,109.0,"5 Aug, 2022",CatgirlLydia,Strategy,"Action, Adventure, Simulation, Strategy, Arcade",Windows,2026-09-01T16:05:50.336503,2,Free-to-Play Powerhouses (2),4.700480365792417
824570,Kine,3.99,3.99,0,Very Positive,110.0,"19 Oct, 2020",Chump Squad,Strategy,"Sokoban, Difficult, Funny, Strategy, 3D",Windows,2026-09-01T16:05:51.986238,2,Free-to-Play Powerhouses (2),4.709530201312334
2439780,Godzilla Voxel Wars,3.49,3.49,0,Very Positive,111.0,"31 Oct, 2023","TOHO CO., LTD.",Strategy,"Turn-Based Tactics, Puzzle, Beat 'em up, Turn-Based Strategy, Tabletop","Windows, Mac",2026-09-01T16:05:53.586422,2,Free-to-Play Powerhouses (2),4.718498871295094
2941580,Journey of Wrestling,6.99,6.99,0,Very Positive,113.0,"5 Jun, 2024",Clean Bean Studios,Strategy,"Sports, Simulation, Wrestling, Management, Sandbox",Windows,2026-09-01T16:05:55.153228,3,Niche / Emerging Titles,4.736198448394496
1642610,魔法迷域,5.49,5.49,0,Very Positive,115.0,"10 Jun, 2021",武汉幻狮科技有限公司,Strategy,"Strategy, Turn-Based Strategy, Roguelite, Singleplayer, Indie",Windows,2026-09-01T16:05:57.336740,3,Niche / Emerging Titles,4.7535901911063645
2594020,Oxytone,3.99,3.99,0,Very Positive,117.0,"22 Nov, 2023",OxGames,Strategy,"Relaxing, Strategy, Turn-Based Tactics, Replay Value, Puzzle","Windows, Mac",2026-09-01T16:05:59.602901,2,Free-to-Play Powerhouses (2),4.770684624465665
3165500,Grumpy Gaffer,0.9,0.9,0,Very Positive,117.0,"30 Oct, 2024",RC Games Studio,Strategy,"Strategy, Tower Defense, Singleplayer, Old School, Cartoony",Windows,2026-09-01T16:06:01.286512,2,Free-to-Play Powerhouses (2),4.770684624465665
1727590,THE SPIRIT LIFT,8.19,8.19,0,Very Positive,118.0,"27 Jan, 2026",prettysmart games,Strategy,"Roguelike Deckbuilder, Card Game, Roguelike, Roguelite, Card Battler",Windows,2026-09-01T16:06:02.572209,3,Niche / Emerging Titles,4.77912349311153
716010,Inline,0.0,0.0,0,Very Positive,124.0,"1 Jun, 2018",Light Bringer Games inc.,Strategy,"Casual, Indie, Strategy, Puzzle, Relaxing","Windows, Mac, Linux",2026-09-01T16:06:04.686125,2,Free-to-Play Powerhouses (2),4.8283137373023015
3082030,Microtopia: Prologue,0.0,0.0,0,Very Positive,129.0,"10 Oct, 2024",Cordyceps Collective,Strategy,"Automation, Colony Sim, Base Building, Resource Management, Sandbox",Windows,2026-09-01T16:06:06.942085,2,Free-to-Play Powerhouses (2),4.867534450455582
3235170,Islets Defense,5.49,5.49,0,Very Positive,129.0,"18 Jun, 2025",MiniGoof,Strategy,"Strategy, Tower Defense, City Builder, Resource Management, Base Building",Windows,2026-09-01T16:06:09.189621,3,Niche / Emerging Titles,4.867534450455582
4149620,Low Poly Mouse Game,0.0,0.0,0,Very Positive,135.0,"9 Dec, 2025",LPM Studios,Strategy,"Third Person, Online Co-Op, Co-op, Casual, Multiplayer","Windows, Mac",2026-09-01T16:06:11.019528,2,Free-to-Play Powerhouses (2),4.912654885736052
1077160,Game Of Puzzles: Animals,0.0,0.0,0,Very Positive,136.0,"17 May, 2019",Snkl Studio,Strategy,"Free to Play, Casual, Indie, Strategy, Puzzle",Windows,2026-09-01T16:06:12.769548,2,Free-to-Play Powerhouses (2),4.919980925828125
2132430,XXX_CYBERRAT_XXX,3.49,3.49,0,Very Positive,137.0,"20 Feb, 2023",Nocturne Studio,Strategy,"Horror, Hacking, Psychological, Dark, Simulation",Windows,2026-09-01T16:06:14.736264,2,Free-to-Play Powerhouses (2),4.927253685157205
2888470,Castle Doombad Classic,5.49,5.49,0,Very Positive,137.0,"12 Dec, 2024",Grumpyface Studios,Strategy,"Strategy, Tower Defense, Casual, Puzzle, 2D","Windows, Mac",2026-09-01T16:06:16.951936,3,Niche / Emerging Titles,4.927253685157205
1787760,Pets at Work,1.89,1.89,0,Very Positive,140.0,"28 Feb, 2022",Nibb Games,Strategy,"Local Co-Op, Puzzle Platformer, Dogs, Cats, Pixel Graphics",Windows,2026-09-01T16:06:18.885980,2,Free-to-Play Powerhouses (2),4.948759890378168
1907060,Craft Hero - Prologue,0.0,0.0,0,Very Positive,158.0,"7 Mar, 2022",PandaCat 熊喵独立游戏,Strategy,"Crafting, Sandbox, Base Building, Pixel Graphics, Top-Down",Windows,2026-09-01T16:06:20.669489,2,Free-to-Play Powerhouses (2),5.0689042022202315
1832050,All Quiet Roads,3.99,3.99,0,Very Positive,158.0,"11 Apr, 2022",Scheme Street,Strategy,"Simulation, Strategy, Minimalist, City Builder, Top-Down","Windows, Mac",2026-09-01T16:06:22.519199,2,Free-to-Play Powerhouses (2),5.0689042022202315
3971650,Lazy Witch's Factory,8.18,8.18,0,Very Positive,162.0,"20 Aug, 2026",MELTCLOCK.Inc,Strategy,"Early Access, Automation, Base Building, Cute, Roguelite",Windows,2026-09-01T16:06:24.436093,3,Niche / Emerging Titles,5.093750200806762
3352300,The Electrifying Incident: A Monster Mini-Expedition,2.99,2.99,0,Very Positive,164.0,"15 Apr, 2025",Draknek and Friends,Strategy,"Puzzle, Sokoban, Sci-fi, Casual, Strategy","Windows, Mac",2026-09-01T16:06:26.335796,2,Free-to-Play Powerhouses (2),5.10594547390058
1377260,Miracle Sudoku,2.99,2.99,0,Very Positive,174.0,"13 Aug, 2020",Studio Goya,Strategy,"Casual, Puzzle, Board Game, 2D, Word Game","Windows, Mac",2026-09-01T16:06:28.385651,2,Free-to-Play Powerhouses (2),5.1647859739235145
267980,Hostile Waters: Antaeus Rising,1.89,1.89,0,Very Positive,176.0,"30 Jan, 2014",Rage Software,Strategy,"Strategy, Action, Sci-fi, Singleplayer, Classic",Windows,2026-09-01T16:06:30.169343,2,Free-to-Play Powerhouses (2),5.176149732573829
4096600,Project KILLDANCE,0.0,0.0,0,Very Positive,176.0,"15 Jan, 2026",Toge Productions,Strategy,"Strategy, Card Game, Card Battler, 2D, Action",Windows,2026-09-01T16:06:32.269484,2,Free-to-Play Powerhouses (2),5.176149732573829
1436680,Gachi run: Running of the slaves,0.9,0.9,0,Very Positive,178.0,"6 Nov, 2020",Slaves,Strategy,"Indie, Casual, Adventure, Action, Sexual Content",Windows,2026-09-01T16:06:33.572898,2,Free-to-Play Powerhouses (2),5.187385805840755
454190,Cubicolor,2.99,2.99,0,Very Positive,185.0,"18 Mar, 2016",Moltenplay,Strategy,"Casual, Indie, Puzzle, Singleplayer, Strategy","Windows, Mac, Linux",2026-09-01T16:06:34.974448,2,Free-to-Play Powerhouses (2),5.225746673713202
202690,Hegemony Gold: Wars of Ancient Greece,6.99,6.99,0,Very Positive,192.0,"30 Mar, 2012",Longbow Games,Strategy,"Strategy, Indie, Historical, RTS, Real-Time with Pause",Windows,2026-09-01T16:06:36.852525,3,Niche / Emerging Titles,5.262690188904886
2948680,Outlive 25,2.16,2.16,0,Very Positive,191.0,"30 Apr, 2026",Continuum Entertainment,Strategy,"RTS, Old School, Futuristic, Isometric, Retro",Windows,2026-09-01T16:06:38.469010,2,Free-to-Play Powerhouses (2),5.2574953720277815
4031360,SkyInFlames,3.99,3.99,0,Very Positive,212.0,"27 Apr, 2026",VasyliyBritva,Strategy,"Time Management, Wargame, Real Time Tactics, Strategy, Sandbox",Windows,2026-09-01T16:06:40.152305,3,Niche / Emerging Titles,5.3612921657094255
3057190,LOOTPLOT,1.49,1.49,0,Very Positive,221.0,"9 Sep, 2025",CodeTheory Ltd,Strategy,"Strategy, Roguelike, Roguelite, 2D, Pixel Graphics","Windows, Linux",2026-09-01T16:06:42.402491,2,Free-to-Play Powerhouses (2),5.402677381872279
2337140,Can't Live Without Electricity,4.99,4.99,0,Very Positive,229.0,"13 Apr, 2023",MELOVITY,Strategy,"Strategy, Simulation, Casual, Indie, Management","Windows, Mac",2026-09-01T16:06:44.535775,3,Niche / Emerging Titles,5.438079308923196
357600,Unium,1.29,1.29,0,Very Positive,228.0,"27 Mar, 2015",Kittehface Software,Strategy,"Casual, Indie, Puzzle, Strategy, Minimalist","Windows, Mac, Linux",2026-09-01T16:06:46.035362,2,Free-to-Play Powerhouses (2),5.43372200355424
858040,Sudoku Jigsaw / 拼图数独,1.89,1.89,0,Very Positive,237.0,"13 Sep, 2018",Konstructors,Strategy,"Casual, Strategy, Indie, Puzzle, Difficult","Windows, Mac, Linux",2026-09-01T16:06:48.018706,2,Free-to-Play Powerhouses (2),5.472270673671475
450140,Seven Kingdoms: Ancient Adversaries,3.49,3.49,0,Very Positive,238.0,"22 Mar, 2016",Enlight Software Limited,Strategy,"Strategy, RTS, Classic",Windows,2026-09-01T16:06:49.651962,2,Free-to-Play Powerhouses (2),5.476463551931511
1189060,The Floor Is Still Really Cheap Lava,0.0,0.0,0,Very Positive,247.0,"25 Nov, 2020",Congo Jungle Games,Strategy,"Third-Person Shooter, PvP, Shooter, Runner, Multiplayer",Windows,2026-09-01T16:06:51.768686,2,Free-to-Play Powerhouses (2),5.5134287461649825
3181470,Cat & Farm Pals,0.9,0.9,0,Very Positive,260.0,"16 May, 2025",Teneke Kafalar Spotlight,Strategy,"Casual, Simulation, Strategy, Puzzle, Physics",Windows,2026-09-01T16:06:53.869035,2,Free-to-Play Powerhouses (2),5.564520407322694
61730,Critter Crunch,6.99,6.99,0,Very Positive,274.0,"11 Sep, 2012",Capybara Games,Strategy,"Indie, Casual, Puzzle, Action, Cute","Windows, Mac",2026-09-01T16:06:56.018578,3,Niche / Emerging Titles,5.616771097666572
1923680,Mega Mall Story,4.99,4.99,0,Very Positive,295.0,"3 Jul, 2022","Kairosoft Co.,Ltd",Strategy,"2D Platformer, Colony Sim, Sandbox, Dungeon Crawler, City Builder",Windows,2026-09-01T16:06:57.735898,3,Niche / Emerging Titles,5.69035945432406
655480,Solar Settlers,9.99,9.99,0,Very Positive,297.0,"21 Jul, 2017",BrainGoodGames,Strategy,"Strategy, Card Game, Turn-Based, Board Game, Puzzle","Windows, Mac, Linux",2026-09-01T16:06:59.201814,3,Niche / Emerging Titles,5.697093486505405
2319730,Winnie's Hole,6.99,6.99,0,Very Positive,324.0,"26 Jan, 2026",Twice Different,Strategy,"Early Access, Roguelite, Dungeon Crawler, Turn-Based Strategy, Dark Humor",Windows,2026-09-01T16:07:00.968630,3,Niche / Emerging Titles,5.783825182329737
1169100,Gazillionaire,5.49,5.49,0,Very Positive,329.0,"14 Jan, 2020",LavaMind,Strategy,"Casual, Strategy, Indie, Simulation, Economy","Windows, Mac",2026-09-01T16:07:02.518660,3,Niche / Emerging Titles,5.799092654460526
2492390,Logiart Grimoire,9.99,9.99,0,Very Positive,333.0,"15 Mar, 2024",Jupiter Corporation,Strategy,"Puzzle, Casual, Word Game, Pixel Graphics, Fantasy",Windows,2026-09-01T16:07:04.168808,3,Niche / Emerging Titles,5.811140992976701
1380650,Draft of Darkness,6.99,6.99,0,Very Positive,336.0,"23 Aug, 2023",Crawly Games,Strategy,"Roguelike Deckbuilder, Survival Horror, Dungeon Crawler, Card Battler, Perma Death","Windows, Linux",2026-09-01T16:07:06.385328,3,Niche / Emerging Titles,5.820082930352362
2897240,Puffin Planes,3.09,3.09,0,Very Positive,339.0,"4 Sep, 2024",CATINRAIN LLC,Strategy,"Flight, Time Management, Transportation, Sandbox, Economy",Windows,2026-09-01T16:07:07.785289,2,Free-to-Play Powerhouses (2),5.8289456176102075
2847740,Super Drift Blade,3.99,3.99,0,Very Positive,345.0,"12 Aug, 2025",Liujiajun,Strategy,"Exploration, Detective, Adventure, Roguelite, Time Manipulation",Windows,2026-09-01T16:07:09.685123,3,Niche / Emerging Titles,5.846438775057725
2963540,Idle Waters,2.99,2.99,0,Very Positive,349.0,"12 Jun, 2025",Ignita Games,Strategy,"Idler, Simulation, Fishing, Pixel Graphics, Relaxing",Windows,2026-09-01T16:07:10.968316,2,Free-to-Play Powerhouses (2),5.857933154483459
463930,The Dweller,4.99,4.99,0,Very Positive,401.0,"19 May, 2016",Villainous  Games,Strategy,"Indie, Casual, Simulation, Strategy, Puzzle","Windows, Linux",2026-09-01T16:07:13.134888,3,Niche / Emerging Titles,5.996452088619021
1755580,The Jackbox Party Starter,4.09,4.09,0,Very Positive,403.0,"29 Jun, 2022","Jackbox Games, Inc.",Strategy,"Casual, Trivia, 2D, Cartoon, Colorful","Windows, Mac, Linux",2026-09-01T16:07:14.451859,3,Niche / Emerging Titles,6.0014148779611505
1969810,Enter the Chronosphere,3.19,3.19,0,Very Positive,414.0,"25 May, 2026",Effort Star,Strategy,"Early Access, Space, Difficult, Sci-fi, Action Roguelike","Windows, Mac",2026-09-01T16:07:16.185048,2,Free-to-Play Powerhouses (2),6.028278520230698
931270,MicroTown,5.49,5.49,0,Very Positive,444.0,"30 Aug, 2019",Snowy Ash Games,Strategy,"City Builder, Colony Sim, Base Building, Resource Management, Medieval","Windows, Mac, Linux",2026-09-01T16:07:17.351890,3,Niche / Emerging Titles,6.09807428216624
888040,Metal Fatigue,0.52,0.52,0,Very Positive,457.0,"31 Jul, 2018",Zono,Strategy,"Strategy, RTS, Classic, Mechs, Robots",Windows,2026-09-01T16:07:19.201424,2,Free-to-Play Powerhouses (2),6.126869184114185
1985320,Kādomon: Hyper Auto Battlers Prologue,0.0,0.0,0,Very Positive,482.0,"1 Feb, 2024",Dino Rocket,Strategy,"Auto Battler, Creature Collector, Roguelite, Casual, Deckbuilding",Windows,2026-09-01T16:07:20.968145,2,Free-to-Play Powerhouses (2),6.180016653652572
2348090,Crop Rotation,5.49,5.49,0,Very Positive,509.0,"15 Sep, 2023",Sprouting Potato,Strategy,"Roguelike Deckbuilder, Deckbuilding, Card Game, Auto Battler, Farming","Windows, Mac, Linux",2026-09-01T16:07:22.968228,3,Niche / Emerging Titles,6.234410725718371
4028640,DEFRAG,1.89,1.89,0,Very Positive,520.0,"12 Nov, 2025",BlueDot Studio,Strategy,"Incremental, Bullet Hell, Bullet Heaven, Casual, Management","Windows, Mac",2026-09-01T16:07:24.851738,2,Free-to-Play Powerhouses (2),6.255750041753367
1957990,Tile Cities,1.89,1.89,0,Very Positive,551.0,"5 May, 2022",yevhen8,Strategy,"Strategy, City Builder, Casual, Turn-Based Tactics, Puzzle",Windows,2026-09-01T16:07:26.018494,2,Free-to-Play Powerhouses (2),6.313548046277095
621000,异常 | Exception,2.49,2.49,0,Very Positive,566.0,"4 Jul, 2019",Kunpo Games,Strategy,"Strategy, Indie, Programming, Robots, Pixel Graphics",Windows,2026-09-01T16:07:28.484966,2,Free-to-Play Powerhouses (2),6.340359303727752
45400,Fortix,0.99,0.99,0,Very Positive,587.0,"14 Apr, 2010",Nemesys Games,Strategy,"Indie, Casual, Arcade, Fantasy, Singleplayer","Windows, Mac",2026-09-01T16:07:30.617873,2,Free-to-Play Powerhouses (2),6.376726947898627
1264970,The Conquest of Go,6.99,6.99,0,Very Positive,576.0,"10 Dec, 2025",Wolfey Studios,Strategy,"Turn-Based, Strategy, Board Game, Tabletop, 2D","Windows, Mac",2026-09-01T16:07:32.368001,3,Niche / Emerging Titles,6.3578422665081
2137700,I'm on Observation Duty 6,6.19,6.19,0,Very Positive,651.0,"1 Sep, 2023",Notovia,Strategy,"Psychological Horror, Puzzle, Hidden Object, Horror, Mystery","Windows, Mac, Linux",2026-09-01T16:07:35.067874,3,Niche / Emerging Titles,6.480044561926653
2308630,Dawnfolk,3.19,3.19,0,Very Positive,661.0,"13 Feb, 2025",Darenn Keller,Strategy,"Puzzle, Strategy, City Builder, Casual, Resource Management","Windows, Mac, Linux",2026-09-01T16:07:36.934833,2,Free-to-Play Powerhouses (2),6.495265555937008
3022810,HackHub: Free Trial,0.0,0.0,0,Very Positive,700.0,"4 Nov, 2024",HotBunny,Strategy,"Simulation, Strategy, Puzzle, Hacking, Grand Strategy","Windows, Mac",2026-09-01T16:07:39.184393,0,Free-to-Play Powerhouses,6.55250788703459
1660910,Tanks: The Crusades,0.0,0.0,0,Very Positive,733.0,"24 Jun, 2021",Aehmttw (Matei Budiu),Strategy,"Tanks, Arcade, Strategy, Arena Shooter, Retro","Windows, Mac, Linux",2026-09-01T16:07:41.001261,0,Free-to-Play Powerhouses,6.598509028614515
2438990,Ark Nova,7.82,7.82,0,Very Positive,813.0,"20 Jun, 2025",Dire Wolf,Strategy,"Strategy, Board Game, PvP, PvE, Resource Management","Windows, Mac",2026-09-01T16:07:42.950989,3,Niche / Emerging Titles,6.70196036600254
1910150,Walk of Life,7.14,7.14,0,Very Positive,825.0,"30 Apr, 2026",Porcelain Fortress,Strategy,"Life Sim, Party Game, 4 Player Local, Funny, Multiplayer","Windows, Mac",2026-09-01T16:07:44.303068,3,Niche / Emerging Titles,6.716594773520978
1791610,Touhou Mystery Reel,0.0,0.0,0,Very Positive,951.0,"13 Feb, 2022",Iceprite,Strategy,"Early Access, Casual, Adventure, Action, Strategy",Windows,2026-09-01T16:07:46.367895,0,Free-to-Play Powerhouses,6.858565034791365
2691350,.Forty-Five,0.0,0.0,0,Very Positive,1010.0,"24 Mar, 2024",Microwave Studios,Strategy,"Roguelike Deckbuilder, Western, Free to Play, Card Game, Roguelite",Windows,2026-09-01T16:07:48.567487,0,Free-to-Play Powerhouses,6.918695219020472
2364580,Titanium Court,8.99,8.99,0,Very Positive,1027.0,"23 Apr, 2026",AP Thomson,Strategy,"Surreal, Funny, Match 3, Tower Defense, Strategy","Windows, Mac",2026-09-01T16:07:50.650919,1,Popular Mid-Range,6.93537044601511
572220,MageQuit,6.99,6.99,0,Very Positive,1033.0,"10 Oct, 2019",Bowlcut Studios,Strategy,"Magic, Physics, Multiplayer, PvP, Funny","Windows, Mac, Linux",2026-09-01T16:07:52.284419,1,Popular Mid-Range,6.9411900550683745
2599270,Gem Defender: Soyjak Survivors,2.49,2.49,0,Very Positive,1034.0,"23 Oct, 2023",Coby Dox,Strategy,"Action, Bullet Hell, Shooter, Stylized, Strategy","Windows, Mac, Linux",2026-09-01T16:07:54.084205,0,Free-to-Play Powerhouses,6.942156705699469
1429850,Sumerian Six,10.49,10.49,0,Very Positive,1075.0,"2 Sep, 2024",Artificer,Strategy,"Action, 3D, Colorful, Atmospheric, Dark Comedy",Windows,2026-09-01T16:07:56.234170,1,Popular Mid-Range,6.98100574072173
559330,A Fisherman's Tale,6.99,6.99,0,Very Positive,1084.0,"22 Jan, 2019",InnerspaceVR,Strategy,"VR, Puzzle, Adventure, Physics, Strategy",Windows,2026-09-01T16:07:57.284275,1,Popular Mid-Range,6.98933526597456
3617620,My Card Is Better Than Your Card!,6.99,6.99,0,Very Positive,1174.0,"6 Oct, 2025",Utu Studios,Strategy,"Roguelike, Card Game, Deckbuilding, Turn-Based, Strategy",Windows,2026-09-01T16:07:59.467439,1,Popular Mid-Range,7.069023426578259
2820700,A Gentlemen's Dispute,3.99,3.99,0,Very Positive,1190.0,"19 Sep, 2025",Blast Furnace Games,Strategy,"Multiplayer, Action, Funny, Casual, Fighting","Windows, Mac",2026-09-01T16:08:01.350851,0,Free-to-Play Powerhouses,7.0825485693553
644390,D&D Lords of Waterdeep,5.49,5.49,0,Very Positive,1541.0,"1 Sep, 2017","Playdek, Inc.",Strategy,"Strategy, Board Game, Tabletop, Fantasy, Turn-Based","Windows, Mac",2026-09-01T16:08:03.267875,1,Popular Mid-Range,7.340835554123275
782250,Hush Hush - Only Your Love Can Save Them,8.19,8.19,0,Very Positive,1554.0,"20 Apr, 2023",Sad Panda Studios,Strategy,"Sexual Content, Nudity, Dating Sim, Visual Novel, Anime","Windows, Mac, Linux",2026-09-01T16:08:05.500997,1,Popular Mid-Range,7.349230824613334
1052990,A Monster's Expedition,7.99,7.99,0,Very Positive,1580.0,"10 Sep, 2020",Draknek & Friends,Strategy,"Puzzle, Open World, Adventure, Sokoban, Family Friendly","Windows, Mac, Linux",2026-09-01T16:08:07.000651,1,Popular Mid-Range,7.365812837209472
1785820,Urbek City Builder: Prologue,0.0,0.0,0,Very Positive,1704.0,"10 Mar, 2022",Estudios Kremlinois,Strategy,"City Builder, Building, Sandbox, Management, Resource Management",Windows,2026-09-01T16:08:08.684015,0,Free-to-Play Powerhouses,7.4413203897176174
3133060,Gnomes,4.99,4.99,0,Very Positive,1739.0,"4 Apr, 2025",DYSTOPIAN,Strategy,"Tower Defense, Turn-Based, Procedural Generation, Roguelike, Dwarves",Windows,2026-09-01T16:08:10.417436,1,Popular Mid-Range,7.461640392208575
1967510,Railbound,3.56,3.56,0,Very Positive,1813.0,"6 Sep, 2022",Afterburn,Strategy,"Wholesome, Trains, Puzzle, Strategy, Difficult","Windows, Mac",2026-09-01T16:08:12.500504,0,Free-to-Play Powerhouses,7.503289630675082
476460,Picross Touch,0.0,0.0,0,Very Positive,1831.0,"24 Aug, 2016",Jon Gallant,Strategy,"Puzzle, Free to Play, Casual, Indie, Strategy","Windows, Mac, Linux",2026-09-01T16:08:14.634150,0,Free-to-Play Powerhouses,7.513163545234075
2617400,Minimalist Tower Defense,2.99,2.99,0,Very Positive,1818.0,"25 Jan, 2024",Happy213,Strategy,"Tower Defense, Strategy, Real Time Tactics, Top-Down, 2D",Windows,2026-09-01T16:08:16.200585,0,Free-to-Play Powerhouses,7.506042178518122
1602000,Hotel Architect,13.39,13.39,0,Very Positive,1896.0,"14 May, 2026",Pathos Interactive,Strategy,"Simulation, Management, Building, City Builder, Casual",Windows,2026-09-01T16:08:17.817081,1,Popular Mid-Range,7.5480289699350145
722060,Dominions 5 - Warriors of the Faith,3.24,3.24,0,Very Positive,1924.0,"27 Nov, 2017",Illwinter Game Design,Strategy,"Strategy, Turn-Based Strategy, Fantasy, Indie, God Game","Windows, Mac, Linux",2026-09-01T16:08:19.917248,0,Free-to-Play Powerhouses,7.562681246721884
2541530,AETHUS,6.14,6.14,0,Very Positive,1995.0,"6 Mar, 2026",Pawsmonaut Games,Strategy,"Survival, Base Building, Story Rich, Crafting, Mining",Windows,2026-09-01T16:08:21.633865,1,Popular Mid-Range,7.59890045687141
1875060,Reus 2,8.49,8.49,0,Overwhelmingly Positive,1460.0,"28 May, 2024",Abbey Games,Strategy,"God Game, Puzzle, Colony Sim, City Builder, Base Building",Windows,2026-09-01T16:08:23.689456,1,Popular Mid-Range,7.2868764117507
2674590,Beltmatic,3.99,3.99,0,Very Positive,1521.0,"29 Mar, 2024",Notional Games,Strategy,"Automation, Casual, Base Building, Resource Management, Sandbox",Windows,2026-09-01T16:08:25.900605,0,Free-to-Play Powerhouses,7.3277805384216315
322450,FRAMED Collection,1.09,1.09,0,Very Positive,541.0,"17 May, 2018",Loveshack Entertainment,Strategy,"Puzzle, Casual, Indie, Comic Book, Noir","Windows, Mac, Linux",2026-09-01T16:08:27.933770,2,Free-to-Play Powerhouses (2),6.295266001439646
4304930,Chef Knight,3.99,3.99,0,Overwhelmingly Positive,1255.0,"1 Jun, 2026",Clover Bite,Strategy,"Incremental, Strategy, Casual, Simulation, Resource Management",Windows,2026-09-01T16:08:30.116837,0,Free-to-Play Powerhouses,7.135687347028144
1005300,The Jackbox Party Pack 6,5.76,5.76,0,Overwhelmingly Positive,2051.0,"16 Oct, 2019","Jackbox Games, Inc.",Strategy,"Trivia, Casual, Multiplayer, Indie, Local Multiplayer","Windows, Mac, Linux",2026-09-01T16:08:31.650108,1,Popular Mid-Range,7.62657020629066
2919650,Cookard,0.0,0.0,0,Very Positive,1137.0,"10 May, 2024",Panitia GameDev,Strategy,"Card Game, Free to Play, Cooking, Resource Management, Crafting","Windows, Mac",2026-09-01T16:08:33.516856,0,Free-to-Play Powerhouses,7.037027614686276
204530,Infested Planet,0.9,0.9,0,Very Positive,1871.0,"6 Mar, 2014",Rocket Bear Games,Strategy,"Strategy, Tower Defense, Action, RTS, Indie",Windows,2026-09-01T16:08:35.216696,0,Free-to-Play Powerhouses,7.534762657037537
21970,R.U.S.E.™,20.69299999999982,20.69299999999982,0,Very Positive,1584.0,"9 Sep, 2010",Eugen Systems,Strategy,"Strategy, RTS, World War II, Multiplayer, Historical",Windows,2026-09-01T16:08:37.383561,5,Premium Blockbusters,7.368339686311381
610180,The Jackbox Party Pack 4,2.97,2.97,0,Overwhelmingly Positive,1961.0,"18 Oct, 2017","Jackbox Games, Inc.",Strategy,"Trivia, Casual, Local Multiplayer, Indie, Strategy","Windows, Mac, Linux",2026-09-01T16:08:39.633305,0,Free-to-Play Powerhouses,7.581719640125308
2999060,Politics The Game,5.49,5.49,0,Very Positive,2513.0,"22 Oct, 2025",Simplicity Games,Strategy,"Political Sim, Strategy, Simulation, Comedy, Diplomacy","Windows, Mac",2026-09-01T16:08:41.920567,1,Popular Mid-Range,7.829630389150193
3720,Evil Genius,9.99,9.99,0,Very Positive,2369.0,"22 Jun, 2009",Elixir Studios,Strategy,"Base Building, Strategy, Villain Protagonist, Comedy, Singleplayer",Windows,2026-09-01T16:08:43.899840,1,Popular Mid-Range,7.7706452341291765
733070,Sudoku Universe / 数独宇宙,1.89,1.89,0,Very Positive,494.0,"18 Dec, 2017",Konstructors,Strategy,"Casual, Indie, Puzzle, Strategy, Relaxing","Windows, Mac, Linux",2026-09-01T16:08:46.100195,2,Free-to-Play Powerhouses (2),6.20455776256869
329130,Reassembly,6.99,6.99,0,Very Positive,2432.0,"19 Feb, 2015",Anisoptera Games,Strategy,"Building, Space, Sandbox, Strategy, 2D","Windows, Mac, Linux",2026-09-01T16:08:47.199405,1,Popular Mid-Range,7.796880342783522
2853590,Void War,8.19,8.19,0,Very Positive,3153.0,"2 Jun, 2025",Tundra,Strategy,"Space, Roguelite, Perma Death, Choices Matter, Strategy",Windows,2026-09-01T16:08:48.833175,1,Popular Mid-Range,8.056426767522984
2353760,Landfall Archives,0.0,0.0,0,Overwhelmingly Positive,2642.0,"31 Mar, 2023",landfall,Strategy,"Physics, Singleplayer, Comedy, Casual, Simulation",Windows,2026-09-01T16:08:50.766670,0,Free-to-Play Powerhouses,7.879669914604289
1689500,Dune: Imperium,7.82,7.82,0,Very Positive,2303.0,"13 Mar, 2024",Dire Wolf,Strategy,"Board Game, Strategy, Deckbuilding, Sci-fi, Card Game","Windows, Mac",2026-09-01T16:08:52.666570,1,Popular Mid-Range,7.742402021815782
1283190,Neighbours back From Hell,6.99,6.99,0,Overwhelmingly Positive,805.0,"8 Oct, 2020",Farbworks,Strategy,"Point & Click, Puzzle, Stealth, Comedy, Singleplayer",Windows,2026-09-01T16:08:54.049782,3,Niche / Emerging Titles,6.692083742506628
1649950,News Tower,11.99,11.99,0,Very Positive,2806.0,"18 Nov, 2025",Sparrow Night,Strategy,"Management, Simulation, Strategy, Sandbox, Indie","Windows, Mac",2026-09-01T16:08:56.149714,1,Popular Mid-Range,7.939871576361883
848480,Creeper World 4,8.49,8.49,0,Very Positive,3845.0,"3 Dec, 2020",Knuckle Cracker,Strategy,"Tower Defense, Real Time Tactics, Wargame, Building, RTS",Windows,2026-09-01T16:08:57.833019,1,Popular Mid-Range,8.254788926148725
1084020,TheoTown,5.49,5.49,0,Very Positive,1579.0,"5 Jun, 2019",Lobby Divinus,Strategy,"City Builder, Simulation, Pixel Graphics, Sandbox, Strategy","Windows, Mac, Linux",2026-09-01T16:08:59.816803,1,Popular Mid-Range,7.365180126021013
874390,The Battle of Polytopia,6.99,6.99,0,Overwhelmingly Positive,3282.0,"4 Aug, 2020",Midjiwan AB,Strategy,"Strategy, Turn-Based, Multiplayer, Turn-Based Strategy, Singleplayer","Windows, Mac, Linux",2026-09-01T16:09:01.549914,1,Popular Mid-Range,8.096512917501594
22000,World of Goo,6.99,6.99,0,Very Positive,2530.0,"13 Oct, 2008",2D BOY,Strategy,"Puzzle, Indie, Physics, Singleplayer, Great Soundtrack","Windows, Mac, Linux",2026-09-01T16:09:03.866350,1,Popular Mid-Range,7.836369760545124
1139890,Dictators:No Peace Countryballs,0.9,0.9,0,Overwhelmingly Positive,2237.0,"1 Jan, 2020",RPN Indie Developer,Strategy,"Strategy, Simulation, War, Casual, Indie","Windows, Mac, Linux",2026-09-01T16:09:05.383167,0,Free-to-Play Powerhouses,7.71333788887187
960690,One Step From Eden,8.19,8.19,0,Very Positive,3716.0,"26 Mar, 2020",Thomas Moon Kang,Strategy,"Action Roguelike, Roguelite, Deckbuilding, Difficult, Card Battler","Windows, Mac, Linux",2026-09-01T16:09:06.933191,1,Popular Mid-Range,8.220672170297252
450390,The Lab,0.0,0.0,0,Overwhelmingly Positive,4446.0,"5 Apr, 2016",Valve,Strategy,"Free to Play, VR, Singleplayer, Action, First-Person",Windows,2026-09-01T16:09:08.299665,0,Free-to-Play Powerhouses,8.399984990510696
268130,Heat Signature,6.99,6.99,0,Very Positive,6184.0,"21 Sep, 2017",Suspicious Developments,Strategy,"Space, Stealth, Indie, Top-Down, Roguelike",Windows,2026-09-01T16:09:10.532974,1,Popular Mid-Range,8.729882284826589
773790,Ostriv,11.49,11.49,0,Very Positive,2808.0,"19 Mar, 2020",yevhen8,Strategy,"Early Access, City Builder, Strategy, Simulation, Historical",Windows,2026-09-01T16:09:12.249614,1,Popular Mid-Range,7.940583827104244
32510,LEGO® Star Wars™ III - The Clone Wars™,19.99,19.99,0,Very Positive,4140.0,"22 Mar, 2011",Traveller's Tales,Strategy,"Action, Adventure, Local Co-Op, Multiplayer, Family Friendly",Windows,2026-09-01T16:09:14.399625,5,Premium Blockbusters,8.328692583545568
285310,RollerCoaster Tycoon®: Deluxe,1.49,1.49,0,Very Positive,5512.0,"21 May, 2014",Chris Sawyer Productions,Strategy,"Simulation, Management, Classic, Sandbox, Strategy",Windows,2026-09-01T16:09:16.382958,0,Free-to-Play Powerhouses,8.614864218589684
351920,Crazy Machines 3,0.59,0.59,0,Very Positive,2464.0,"18 Oct, 2016",Fakt Software,Strategy,"Simulation, Puzzle, Physics, Strategy, Sandbox",Windows,2026-09-01T16:09:18.466166,0,Free-to-Play Powerhouses,7.80994708647679
362620,Software Inc.,11.5,11.5,0,Very Positive,5600.0,"1 May, 2015",Coredumping,Strategy,"Early Access, Management, Economy, Simulation, Capitalism","Windows, Mac, Linux",2026-09-01T16:09:20.482649,1,Popular Mid-Range,8.630700432209832
217200,Worms Armageddon,14.99,14.99,0,Very Positive,3684.0,"19 Mar, 2013",Team17 Digital Ltd,Strategy,"Multiplayer, Strategy, Classic, Turn-Based, Turn-Based Strategy",Windows,2026-09-01T16:09:22.742616,5,Premium Blockbusters,8.212025804623437
218680,Scribblenauts Unlimited,19.99,19.99,0,Very Positive,5347.0,"15 Feb, 2013",5th Cell Media,Strategy,"Puzzle, Casual, Adventure, Sandbox, Family Friendly",Windows,2026-09-01T16:09:24.620624,5,Premium Blockbusters,8.584477938221834
248610,Door Kickers,7.66,7.66,0,Very Positive,3640.0,"20 Oct, 2014",KillHouse Games,Strategy,"Tactical, Strategy, Top-Down, Simulation, Action","Windows, Linux",2026-09-01T16:09:26.599442,1,Popular Mid-Range,8.200013648175434
533300,Zup!,1.29,1.29,0,Very Positive,2226.0,"4 Oct, 2016",Quiet River,Strategy,"Puzzle, Casual, Indie, Fast-Paced, 2D",Windows,2026-09-01T16:09:28.449262,0,Free-to-Play Powerhouses,7.708410667257367
1162750,Songs of Syx,8.49,8.49,0,Very Positive,6380.0,"21 Sep, 2020",Gamatron AB,Strategy,"Early Access, City Builder, Colony Sim, Strategy, Sandbox","Windows, Mac, Linux",2026-09-01T16:09:30.665768,1,Popular Mid-Range,8.761080103868347
4570,"Warhammer 40,000: Dawn of War - Anniversary Edition (Classic)",6.99,6.99,0,Very Positive,5579.0,"7 Aug, 2007",Relic Entertainment,Strategy,"Strategy, RTS, Base Building, Sci-fi, Multiplayer",Windows,2026-09-01T16:09:32.682402,1,Popular Mid-Range,8.626944055375356
1473350,(the) Gnorp Apologue,3.99,3.99,0,Overwhelmingly Positive,7371.0,"14 Dec, 2023",Myco,Strategy,"Incremental, Idler, Strategy, Building, Economy",Windows,2026-09-01T16:09:34.265768,0,Free-to-Play Powerhouses,8.905444318789714
1054490,Wingspan,8.99,8.99,0,Very Positive,6526.0,"17 Sep, 2020",Monster Couch,Strategy,"Building, Board Game, Card Game, Strategy, Relaxing","Windows, Mac",2026-09-01T16:09:36.551555,1,Popular Mid-Range,8.783702698635217
962400,Granny,4.49,4.49,0,Very Positive,4419.0,"20 Nov, 2018",DVloper,Strategy,"Horror, Survival Horror, Multiplayer, Singleplayer, First-Person",Windows,2026-09-01T16:09:38.328869,1,Popular Mid-Range,8.393894975071744
306020,Bloons TD 5,5.49,5.49,0,Very Positive,7459.0,"19 Nov, 2014",Ninja Kiwi,Strategy,"Tower Defense, Strategy, Co-op, Family Friendly, Action","Windows, Mac",2026-09-01T16:09:40.515561,1,Popular Mid-Range,8.917310693197807
589870,Learn to Fly 3,0.0,0.0,0,Very Positive,9204.0,"12 May, 2017",Light Bringer Games inc.,Strategy,"Free to Play, Casual, Physics, Simulation, Indie",Windows,2026-09-01T16:09:42.298824,0,Free-to-Play Powerhouses,9.127502093667179
799600,Cosmoteer: Starship Architect & Commander,5.73,5.73,0,Very Positive,7570.0,"24 Oct, 2022",Walternate Realities,Strategy,"Sci-fi, Singleplayer, Building, Space, 2D",Windows,2026-09-01T16:09:43.199688,1,Popular Mid-Range,8.932080438103307
228200,Company of Heroes,6.99,6.99,0,Very Positive,5202.0,"13 Oct, 2009",Relic Entertainment,Strategy,"Strategy, World War II, RTS, War, Singleplayer",Windows,2026-09-01T16:09:45.150912,1,Popular Mid-Range,8.556990661290303
287450,Rise of Nations: Extended Edition,19.99,19.99,0,Very Positive,7922.0,"12 Jun, 2014",SkyBox Labs,Strategy,"Strategy, RTS, Classic, Historical, Multiplayer",Windows,2026-09-01T16:09:46.568895,5,Premium Blockbusters,8.977525200965243
463530,Empires of the Undergrowth,3.59,3.59,0,Overwhelmingly Positive,10771.0,"7 Jun, 2024",Slug Disco,Strategy,"Strategy, Simulation, Base Building, City Builder, Grand Strategy","Windows, Mac",2026-09-01T16:09:48.731839,0,Free-to-Play Powerhouses,9.28470545393149
1012880,60 Seconds! Reatomized,6.29,6.29,0,Overwhelmingly Positive,5345.0,"25 Jul, 2019",Robot Gentleman,Strategy,"2D, Choose Your Own Adventure, Dark Humor, Turn-Based Tactics, Strategy","Windows, Mac",2026-09-01T16:09:50.415150,1,Popular Mid-Range,8.584103896698863
1599600,PlateUp!,8.19,8.19,0,Overwhelmingly Positive,12328.0,"4 Aug, 2022",It's happening,Strategy,"Co-op, Management, Cooking, Local Co-Op, Roguelite",Windows,2026-09-01T16:09:52.265655,1,Popular Mid-Range,9.419709489868552
630,Alien Swarm,0.0,0.0,0,Very Positive,10318.0,"19 Jul, 2010",Valve,Strategy,"Free to Play, Co-op, Action, Multiplayer, Online Co-Op",Windows,2026-09-01T16:09:53.931987,0,Free-to-Play Powerhouses,9.241742135115715
975370,Dwarf Fortress,14.49,14.49,0,Very Positive,24091.0,"6 Dec, 2022",Bay 12 Games,Strategy,"Dwarves, Colony Sim, Base Building, Simulation, Strategy","Windows, Linux",2026-09-01T16:09:55.481701,5,Premium Blockbusters,10.089635114163611
1336490,Against the Storm,3.59,3.59,0,Overwhelmingly Positive,19006.0,"8 Dec, 2023",Eremite Games,Strategy,"Strategy, Simulation, City Builder, Base Building, Building",Windows,2026-09-01T16:09:57.414772,0,Free-to-Play Powerhouses,9.852562611350837
6060,"STAR WARS™ Battlefront II (Classic, 2005)",9.99,9.99,0,Very Positive,34882.0,"8 Jul, 2009",Pandemic Studios,Strategy,"Action, Multiplayer, Shooter, Classic, Third-Person Shooter",Windows,2026-09-01T16:09:58.431615,1,Popular Mid-Range,10.45975488349865
568220,Lobotomy Corporation | Monster Management Simulation,8.49,8.49,0,Very Positive,14418.0,"9 Apr, 2018",ProjectMoon,Strategy,"Management, Difficult, Story Rich, Psychological Horror, Simulation",Windows,2026-09-01T16:09:59.848532,1,Popular Mid-Range,9.576302060306647
246620,Plague Inc: Evolved,1.39,1.39,0,Very Positive,26956.0,"18 Feb, 2016",Ndemic Creations,Strategy,"Strategy, Simulation, Outbreak Sim, Indie, Singleplayer","Windows, Mac, Linux",2026-09-01T16:10:01.131992,0,Free-to-Play Powerhouses,10.201998282870223
602960,Barotrauma,7.99,7.99,0,Overwhelmingly Positive,28668.0,"13 Mar, 2023",FakeFish,Strategy,"Co-op, Multiplayer, Survival, Submarine, Survival Horror","Windows, Mac, Linux",2026-09-01T16:10:02.648520,1,Popular Mid-Range,10.26357167860395
212680,FTL: Faster Than Light,6.79,6.79,0,Overwhelmingly Positive,40274.09999999998,"14 Sep, 2012",Subset Games,Strategy,"Roguelike, Space, Strategy, Sci-fi, Indie","Windows, Mac, Linux",2026-09-01T16:10:04.414498,1,Popular Mid-Range,10.603488690971949
871720,Ultimate Custom Night,0.0,0.0,0,Very Positive,31897.0,"27 Jun, 2018",Scott Cawthon,Strategy,"Free to Play, Horror, Singleplayer, Difficult, Robots",Windows,2026-09-01T16:10:05.878379,0,Free-to-Play Powerhouses,10.3702985908827
787860,Farming Simulator 19,8.99,8.99,0,Very Positive,24040.0,"19 Nov, 2018",GIANTS Software,Strategy,"Simulation, Farming Sim, Multiplayer, Agriculture, Realistic","Windows, Mac",2026-09-01T16:10:07.563469,1,Popular Mid-Range,10.087515985121769
813780,Age of Empires II: Definitive Edition,19.99,19.99,0,Overwhelmingly Positive,40274.09999999998,"14 Nov, 2019",World's Edge,Strategy,"Strategy, RTS, City Builder, Multiplayer, Base Building","Windows, Mac",2026-09-01T16:10:08.679772,5,Premium Blockbusters,10.603488690971949
"813780,1389240,1557210,1869820",Age of Empires II: Definitive Edition,19.99,19.99,0,Very Positive,40274.09999999998,"14 Nov, 2019",World's Edge,Strategy,"Strategy, RTS, City Builder, Multiplayer, Base Building","Windows, Mac",2026-09-01T16:10:10.647867,5,Premium Blockbusters,10.603488690971949
"35140,200260,208650,367480",Batman: Arkham Collection,20.69299999999982,20.69299999999982,0,Very Positive,40274.09999999998,"28 Nov, 2018",Rocksteady Studios,Strategy,"Action, Stealth, Third Person, Superhero, Adventure",Windows,2026-09-01T16:10:12.081153,5,Premium Blockbusters,10.603488690971949
322330,Don't Starve Together,3.39,3.39,0,Overwhelmingly Positive,40274.09999999998,"21 Apr, 2016",Klei Entertainment,Strategy,"Survival, Open World Survival Craft, Multiplayer, Co-op, Open World","Windows, Mac, Linux",2026-09-01T16:10:13.431169,0,Free-to-Play Powerhouses,10.603488690971949
2455110,Yokai Art: Survival Prologue,0.0,0.0,0,Very Positive,60.0,"19 Aug, 2023",Secret Labo,Strategy,"Roguelite, Survival, Tower Defense, Strategy, Deckbuilding",Windows,2026-09-01T16:10:14.594570,2,Free-to-Play Powerhouses (2),4.110873864173311
3597480,HOMESICKNESS,3.99,3.99,0,Very Positive,60.0,"26 May, 2025",jnity,Strategy,"Psychological Horror, Nostalgia, Exploration, Story Rich, Experimental",Windows,2026-09-01T16:10:16.332036,2,Free-to-Play Powerhouses (2),4.110873864173311
3165590,Gemblades,4.99,4.99,0,Very Positive,60.0,"7 Aug, 2026",Ace Benoff,Strategy,"Strategy, Card Game, Deckbuilding, Roguelite, Roguelike Deckbuilder",Windows,2026-09-01T16:10:17.845663,3,Niche / Emerging Titles,4.110873864173311
322170,Geometry Dash,2.99,2.99,0,Very Positive,40274.09999999998,"22 Dec, 2014",RobTop Games,Strategy,"Difficult, Music, Level Editor, Great Soundtrack, 2D","Windows, Mac",2026-09-01T16:10:36.030218,0,Free-to-Play Powerhouses,10.603488690971949
493900,Dungeons 3,3.39,3.39,0,Very Positive,4963.0,"13 Oct, 2017",Realmforge Studios,Strategy,"Strategy, Villain Protagonist, Base Building, Simulation, RTS","Windows, Mac, Linux",2026-09-01T16:10:37.647423,0,Free-to-Play Powerhouses,8.509967146324497
2421410,Cyber Manhunt 2: New World - The Hacking Simulator,9.99,9.99,0,Very Positive,351.0,"20 Jan, 2025",Aluba Van+,Strategy,"Detective, Puzzle, Mystery, Point & Click, Investigation","Windows, Mac",2026-09-01T16:10:39.578751,3,Niche / Emerging Titles,5.863631175598097
3132930,Monument Valley 3,6.99,6.99,0,Very Positive,429.0,"22 Jul, 2025",ustwo games,Strategy,"Casual, Relaxing, Colorful, Atmospheric, Puzzle",Windows,2026-09-01T16:10:41.812909,3,Niche / Emerging Titles,6.063785208687608
1909420,Tinyfolks,2.49,2.49,0,Very Positive,1068.0,"1 Jun, 2022",Pierre Vandermaesen,Strategy,"Tactical RPG, RPG, Tactical, Pixel Graphics, Turn-Based Tactics","Windows, Mac, Linux",2026-09-01T16:10:43.563815,0,Free-to-Play Powerhouses,6.974478911025045
1533680,Dead Grid,6.5,6.5,0,Very Positive,494.0,"4 Feb, 2026",Atom Void,Strategy,"Tactical RPG, Turn-Based Tactics, Board Game, Strategy RPG, Turn-Based Strategy",Windows,2026-09-01T16:10:45.537968,3,Niche / Emerging Titles,6.20455776256869
3367430,Battleship Command,11.24,11.24,0,Very Positive,273.0,"2 Jun, 2026",Bracer,Strategy,"Action, Simulation, Strategy, Wargame, Naval",Windows,2026-09-01T16:10:47.712104,3,Niche / Emerging Titles,5.6131281063880705
3866920,NAMAKORIUM (ナマコリウム),4.33,4.33,0,Very Positive,148.0,"18 May, 2026",Polyscape Inc.,Strategy,"Casual, Simulation, Strategy, Point & Click, 3D Platformer",Windows,2026-09-01T16:10:49.864129,3,Niche / Emerging Titles,5.003946305945459
1919350,Coral Cove,0.0,0.0,0,Very Positive,149.0,"24 Apr, 2023",Sandro Figo,Strategy,"Casual, Hex Grid, Strategy, Match 3, Turn-Based Strategy",Windows,2026-09-01T16:10:51.997104,2,Free-to-Play Powerhouses (2),5.0106352940962555
3472850,Path of Dao,2.49,2.49,0,Very Positive,149.0,"14 Apr, 2025",梦鲸工作室,Strategy,"Casual, Match 3, 2D, Strategy, Simulation","Windows, Mac",2026-09-01T16:10:53.444985,2,Free-to-Play Powerhouses (2),5.0106352940962555
705340,Kofi Quest,8.19,8.19,0,Very Positive,159.0,"28 Jan, 2020",Loftur Studio,Strategy,"RPG, Adventure, Strategy, Indie, Comedy",Windows,2026-09-01T16:10:55.330169,3,Niche / Emerging Titles,5.075173815233827
4037830,Xenosensory,1.6,1.6,0,Very Positive,160.0,"31 Dec, 2025",caiys,Strategy,"Casual, Incremental, Strategy, Idler, Simulation",Windows,2026-09-01T16:10:56.513594,2,Free-to-Play Powerhouses (2),5.081404364984463
431700,Age of Fear 3: The Legend,5.07,5.07,0,Very Positive,164.0,"1 Sep, 2017",Leslaw Sliwko,Strategy,"Tactical RPG, Turn-Based Tactics, Perma Death, Difficult, Strategy RPG","Windows, Mac, Linux",2026-09-01T16:10:58.860276,3,Niche / Emerging Titles,5.10594547390058
2269540,ANIWARS: Call of the Void,6.49,6.49,0,Very Positive,179.0,"17 Nov, 2025",Breaker Interactive,Strategy,"Early Access, Tactical RPG, Turn-Based Tactics, CRPG, Party-Based RPG",Windows,2026-09-01T16:11:00.512465,3,Niche / Emerging Titles,5.19295685089021
1866430,Rhapsody: A Musical Adventure,10.49,10.49,0,Very Positive,182.0,"30 Aug, 2022","Nippon Ichi Software, Inc.",Strategy,"RPG, JRPG, Turn-Based Tactics, 2D, Anime",Windows,2026-09-01T16:11:02.696884,3,Niche / Emerging Titles,5.209486152841421
306640,Battle Academy 2: Eastern Front,12.99,12.99,0,Very Positive,180.0,"12 Sep, 2014",Slitherine Ltd.,Strategy,"Strategy, World War II, Turn-Based, Turn-Based Strategy, Wargame",Windows,2026-09-01T16:11:04.511563,3,Niche / Emerging Titles,5.198497031265826
3162110,Space Cycle,1.29,1.29,0,Very Positive,181.0,"29 Oct, 2024",Some Sugar Studio,Strategy,"Roguelite, Tower Defense, Strategy, Space, Sci-fi",Windows,2026-09-01T16:11:06.796046,2,Free-to-Play Powerhouses (2),5.204006687076795
1078960,The Saga of Nino's Transmigration (尼諾的異世界物語 ~ 光與影與各自的信仰 ~),0.0,0.0,0,Very Positive,190.0,"16 Oct, 2019",FirePillar2,Strategy,"Free to Play, Strategy, Indie, Adventure, RPG",Windows,2026-09-01T16:11:08.906338,2,Free-to-Play Powerhouses (2),5.25227342804663
1861880,Air Traffic: Greenlight,4.49,4.49,0,Very Positive,196.0,"3 Feb, 2022",GyroX,Strategy,"Time Management, Flight, Immersive Sim, Management, Transportation",Windows,2026-09-01T16:11:10.902644,3,Niche / Emerging Titles,5.2832037287379885
1422630,Active Neurons - Wonders Of The World,0.0,0.0,0,Very Positive,203.0,"13 Oct, 2020",Nikolai Usachev,Strategy,"Free to Play, Puzzle, Relaxing, Minimalist, Colorful",Windows,2026-09-01T16:11:12.628920,2,Free-to-Play Powerhouses (2),5.318119993844216
1309200,3D Math - Ultra,1.29,1.29,0,Very Positive,216.0,"16 Jun, 2020",Big Mind Games 9000,Strategy,"Casual, Indie, Simulation, Sports, Strategy","Windows, Mac, Linux",2026-09-01T16:11:14.659783,2,Free-to-Play Powerhouses (2),5.37989735354046
3525620,Wall Street Raider,7.99,7.99,0,Very Positive,214.0,"14 May, 2026",Ronin Software,Strategy,"Simulation, Capitalism, Economy, Singleplayer, Management",Windows,2026-09-01T16:11:16.446478,3,Niche / Emerging Titles,5.3706380281276624
1404090,Trivia Tricks,6.99,6.99,0,Very Positive,219.0,"8 Oct, 2024",3-Tricks,Strategy,"Comedy, Colorful, Trivia, Multiplayer, Cartoon","Windows, Mac",2026-09-01T16:11:18.746498,3,Niche / Emerging Titles,5.393627546352362
3380740,Boo! Are you scared? The Chests Game,1.89,1.89,0,Very Positive,229.0,"9 Jan, 2025",Inanity Catchers Team,Strategy,"Card Game, Indie, Horror, Memes, Casual",Windows,2026-09-01T16:11:20.711705,2,Free-to-Play Powerhouses (2),5.438079308923196
3950050,Touhou Witch's Night Market,2.99,2.99,0,Very Positive,235.0,"2 Dec, 2025",Meboxen Studio,Strategy,"Strategy, Roguelike, Auto Battler, 2D, Pixel Graphics",Windows,2026-09-01T16:11:22.578721,2,Free-to-Play Powerhouses (2),5.4638318050256105
971220,Rogue Monster Rush,6.19,6.19,0,Very Positive,241.0,"7 Mar, 2026",Ghost Vibes LLC,Strategy,"Tower Defense, Creature Collector, Roguelike, Indie, Strategy",Windows,2026-09-01T16:11:24.082687,3,Niche / Emerging Titles,5.488937726156687
467760,Trapper's Delight,4.49,4.49,0,Very Positive,248.0,"6 Mar, 2018",Shrimpcave Industries,Strategy,"Strategy, Action, Casual, Local Multiplayer, Building","Windows, Mac",2026-09-01T16:11:25.595600,3,Niche / Emerging Titles,5.517452896464707
337850,Avernum 2: Crystal Souls,19.99,19.99,0,Very Positive,252.0,"14 Jan, 2015",Spiderweb Software,Strategy,"RPG, Indie, Strategy, Adventure, Isometric","Windows, Mac",2026-09-01T16:11:27.779612,4,Premium / AAA,5.53338948872752
1373930,Dino Nest,2.99,2.99,0,Very Positive,258.0,"28 Apr, 2022",Raptor Claw Games,Strategy,"Simulation, Strategy, Dinosaurs, Management, Survival",Windows,2026-09-01T16:11:29.218814,2,Free-to-Play Powerhouses (2),5.556828061699537
2004440,Pocket City,1.89,1.89,0,Very Positive,262.0,"21 Aug, 2022",Codebrew Games Inc.,Strategy,"Casual, Simulation, City Builder, Strategy, 2.5D","Windows, Mac",2026-09-01T16:11:31.031748,2,Free-to-Play Powerhouses (2),5.572154032177765
494720,Morphblade,2.99,2.99,0,Very Positive,264.0,"3 Mar, 2017",Suspicious Developments,Strategy,"Casual, Indie, Strategy, Turn-Based, Hex Grid",Windows,2026-09-01T16:11:32.844782,2,Free-to-Play Powerhouses (2),5.579729825986222
2657310,Godrop,4.99,4.99,0,Very Positive,269.0,"3 Apr, 2024",KATOR Game Studio,Strategy,"Action Roguelike, Cute, Female Protagonist, Spaceships, Sci-fi",Windows,2026-09-01T16:11:35.295102,3,Niche / Emerging Titles,5.598421958998375
3209750,STARIO: Haven Tower,6.79,6.79,0,Very Positive,279.0,"25 Sep, 2025",Stargate Games,Strategy,"City Builder, Resource Management, Strategy, Post-apocalyptic, Simulation",Windows,2026-09-01T16:11:36.229111,3,Niche / Emerging Titles,5.634789603169249
1460540,Farlanders: Prologue,0.0,0.0,0,Very Positive,288.0,"18 May, 2021",Andrii Bychkovskyi,Strategy,"Base Building, Colony Sim, Mars, Strategy, Procedural Generation","Windows, Mac, Linux",2026-09-01T16:11:37.472063,2,Free-to-Play Powerhouses (2),5.666426688112432
97130,Kohan II: Kings of War,9.99,9.99,0,Very Positive,285.0,"24 Aug, 2011",Lootmax Games,Strategy,"Strategy, RTS, Fantasy, Dwarves, Classic",Windows,2026-09-01T16:11:39.505290,3,Niche / Emerging Titles,5.655991810819852
2298300,CARNAGE OFFERING Tower Defense,9.43,9.43,0,Very Positive,296.0,"17 Sep, 2023",Futurtech,Strategy,"Tower Defense, Strategy, RTS, Action, Adventure",Windows,2026-09-01T16:11:41.611866,3,Niche / Emerging Titles,5.6937321388027
2107860,Yggdra Union,8.49,8.49,0,Very Positive,308.0,"26 Jul, 2023",Sting,Strategy,"RPG, Strategy, Strategy RPG, Turn-Based Tactics, 2D",Windows,2026-09-01T16:11:43.547984,3,Niche / Emerging Titles,5.733341276897746
2111090,Let's! Revolution!,8.19,8.19,0,Very Positive,315.0,"19 Jul, 2023",BUCK Games,Strategy,"Turn-Based Tactics, Dungeon Crawler, Roguelite, Puzzle, Perma Death","Windows, Mac",2026-09-01T16:11:45.505094,3,Niche / Emerging Titles,5.755742213586912
2403430,Soccer Kids Alpha,0.0,0.0,0,Very Positive,312.0,"27 Jun, 2023",Acid Wizard Studio,Strategy,"Strategy, Sports, Turn-Based Tactics, Party-Based RPG, Turn-Based Strategy",Windows,2026-09-01T16:11:47.161618,2,Free-to-Play Powerhouses (2),5.746203190540153
2450400,Trash of the Titans,4.99,4.99,0,Very Positive,312.0,"29 May, 2024",Raccoon Tour,Strategy,"Early Access, Tactical RPG, Turn-Based Tactics, Roguelite, Dungeon Crawler",Windows,2026-09-01T16:11:49.061055,3,Niche / Emerging Titles,5.746203190540153
380670,Final Approach,14.99,14.99,0,Very Positive,332.0,"4 Apr, 2016",Phaser Lock Interactive,Strategy,"VR, Casual, Strategy, Indie, Simulation",Windows,2026-09-01T16:11:51.174818,5,Premium Blockbusters,5.808142489980444
216090,Go Home Dinosaurs!,5.49,5.49,0,Very Positive,344.0,"14 Mar, 2013",Fire Hose Games,Strategy,"Tower Defense, Dinosaurs, Puzzle, Card Game, Strategy",Windows,2026-09-01T16:11:52.662530,3,Niche / Emerging Titles,5.84354441703136
1424710,Geneforge 1 - Mutagen,8.19,8.19,0,Very Positive,355.0,"24 Feb, 2021",Spiderweb Software,Strategy,"CRPG, RPG, Dungeon Crawler, Turn-Based, Party-Based RPG","Windows, Mac",2026-09-01T16:11:54.866790,3,Niche / Emerging Titles,5.87493073085203
294590,Wars and Warriors: Joan of Arc,3.99,3.99,0,Very Positive,365.0,"3 Sep, 2015",Enlight Software Limited,Strategy,"Action, Strategy, Historical, Female Protagonist, Medieval",Windows,2026-09-01T16:11:56.694705,3,Niche / Emerging Titles,5.902633333401366
985080,食用系少女 Food Girls,8.19,8.19,0,Very Positive,365.0,"6 Jun, 2019",SimonCreative,Strategy,"Casual, Indie, Visual Novel, Anime, Cute","Windows, Mac",2026-09-01T16:11:58.778186,3,Niche / Emerging Titles,5.902633333401366
1742450,西游记2021,5.49,5.49,0,Very Positive,376.0,"30 Sep, 2021",FC Maker,Strategy,"RPG, Adventure, Casual, Mythology, Strategy",Windows,2026-09-01T16:12:00.445916,3,Niche / Emerging Titles,5.932245187448011
3519530,Merge Maestro,2.49,2.49,0,Very Positive,383.0,"19 Jun, 2025",Stingless,Strategy,"Roguelike Deckbuilder, Strategy, Roguelike, Arcade, Deckbuilding","Windows, Mac",2026-09-01T16:12:02.410669,2,Free-to-Play Powerhouses (2),5.950642552587727
1452850,Tiny Toy Tanks,0.0,0.0,0,Very Positive,382.0,"20 Nov, 2020",Retro Gears,Strategy,"Action, Casual, Strategy, Arcade, Shooter",Windows,2026-09-01T16:12:04.928873,2,Free-to-Play Powerhouses (2),5.948034989180646
701870,Swarm Queen,2.29,2.29,0,Very Positive,383.0,"19 Dec, 2017",Helmi Bastami (Flyborg.net),Strategy,"RTS, 2.5D, Aliens, Strategy, Difficult",Windows,2026-09-01T16:12:06.420757,2,Free-to-Play Powerhouses (2),5.950642552587727
2840480,FLATHEAD,1.29,1.29,0,Very Positive,386.0,"30 May, 2024",Tim Oxton,Strategy,"Psychological Horror, Puzzle, Lovecraftian, Strategy, Surreal",Windows,2026-09-01T16:12:08.458569,2,Free-to-Play Powerhouses (2),5.958424693029782
1993180,Quilts and Cats of Calico,8.99,8.99,0,Very Positive,405.0,"5 Mar, 2024",Monster Couch,Strategy,"Board Game, Strategy, Puzzle, Cats, Relaxing","Windows, Mac",2026-09-01T16:12:10.445619,3,Niche / Emerging Titles,6.0063531596017325
579940,Race for the Galaxy,7.99,7.99,0,Very Positive,432.0,"27 Jun, 2017",Temple Gates Games,Strategy,"Strategy, Board Game, Card Game, Space, Deckbuilding",Windows,2026-09-01T16:12:12.745580,3,Niche / Emerging Titles,6.07073772800249
554600,Learn Japanese To Survive! Katakana War,6.99,6.99,0,Very Positive,438.0,"30 Jan, 2017",Sleepy Duck,Strategy,"RPG, Education, Indie, Adventure, Strategy",Windows,2026-09-01T16:12:14.795558,3,Niche / Emerging Titles,6.0844994130751715
1163740,Card Hog,2.99,2.99,0,Very Positive,464.0,"4 Dec, 2023",SnoutUp,Strategy,"Card Battler, Turn-Based, Roguelike Deckbuilder, Deckbuilding, Roguelite",Windows,2026-09-01T16:12:17.096049,2,Free-to-Play Powerhouses (2),6.142037405587356
252130,Divide By Sheep,2.99,2.99,0,Very Positive,477.0,"2 Jul, 2015",Victor Solodilov,Strategy,"Puzzle, Casual, Indie, Cute, Adventure","Windows, Mac",2026-09-01T16:12:18.727916,2,Free-to-Play Powerhouses (2),6.169610732491456
303690,FATE: The Cursed King,4.49,4.49,0,Very Positive,484.0,"19 Nov, 2014",WildTangent,Strategy,"RPG, Adventure, Action, Dungeon Crawler, Singleplayer",Windows,2026-09-01T16:12:20.778707,3,Niche / Emerging Titles,6.184148890937483
3057670,Pluto,6.79,6.79,0,Very Positive,505.0,"9 Mar, 2026",Siege Wizard Interactive,Strategy,"Strategy, Card Game, Roguelike, Deckbuilding, Dark Fantasy","Windows, Mac, Linux",2026-09-01T16:12:23.012017,3,Niche / Emerging Titles,6.226536669287466
657690,The Caribbean Sail,9.99,9.99,0,Very Positive,502.0,"19 Sep, 2017",Victorian Clambake,Strategy,"Pirates, Adventure, Sailing, Choices Matter, Action","Windows, Linux",2026-09-01T16:12:24.478646,3,Niche / Emerging Titles,6.220590170099739
676420,SiNKR,2.49,2.49,0,Very Positive,534.0,"12 Oct, 2017",Robert Wahler,Strategy,"Strategy, Puzzle, Minimalist, Casual, Indie","Windows, Mac, Linux",2026-09-01T16:12:26.910053,2,Free-to-Play Powerhouses (2),6.282266746896006
1918520,Ninja Village,4.99,4.99,0,Very Positive,542.0,"22 May, 2022","Kairosoft Co.,Ltd",Strategy,"Tactical RPG, Wargame, Colony Sim, City Builder, RPG",Windows,2026-09-01T16:12:28.327233,3,Niche / Emerging Titles,6.297109319933935
290260,Sokobond,5.49,5.49,0,Very Positive,546.0,"21 Jul, 2014",Alan Hazelden,Strategy,"Sokoban, Science, Difficult, Puzzle, Abstract","Windows, Mac",2026-09-01T16:12:30.372735,3,Niche / Emerging Titles,6.304448802421981
1893620,Circadian Dice,3.49,3.49,0,Very Positive,549.0,"11 Jul, 2022",Shuffle Up Games,Strategy,"Roguelike Deckbuilder, Deckbuilding, Turn-Based Tactics, Singleplayer, Strategy",Windows,2026-09-01T16:12:31.745186,2,Free-to-Play Powerhouses (2),6.309918278226516
1897650,Dream Tactics,3.89,3.89,0,Very Positive,575.0,"15 Apr, 2024",Spectra Entertainment Inc.,Strategy,"JRPG, Tactical, Strategy, Turn-Based Tactics, Card Battler",Windows,2026-09-01T16:12:33.828255,3,Niche / Emerging Titles,6.3561076606958915
1482770,Terra Firma,0.0,0.0,0,Very Positive,605.0,"20 Feb, 2025",Working as Intended,Strategy,"Simulation, Strategy, God Game, Sandbox, Life Sim",Windows,2026-09-01T16:12:35.960876,2,Free-to-Play Powerhouses (2),6.406879986069314
977230,Mars Power Industries Deluxe,3.49,3.49,0,Very Positive,622.0,"4 Nov, 2019",7A Games,Strategy,"Wholesome, Stylized, Resource Management, Puzzle, Management","Windows, Mac, Linux",2026-09-01T16:12:37.961831,2,Free-to-Play Powerhouses (2),6.434546518787453
1437820,Heroes of the Three Kingdoms,0.9,0.9,0,Very Positive,663.0,"12 Nov, 2020","USERJOY Technology Co.,Ltd.",Strategy,"Strategy, Strategy RPG, Singleplayer, 2D, Military",Windows,2026-09-01T16:12:39.790919,0,Free-to-Play Powerhouses,6.498282149476434
2555950,Million Depth,7.49,7.49,0,Very Positive,667.0,"11 Nov, 2025",Cyber Space Biotope,Strategy,"Crafting, Time Manipulation, Action Roguelike, Multiple Endings, Time Travel",Windows,2026-09-01T16:12:42.010633,3,Niche / Emerging Titles,6.504288173536645
3894170,Trench Face,1.89,1.89,0,Very Positive,710.0,"2 Sep, 2025",Pulse Blue,Strategy,"RPG, Strategy, Survival Horror, World War I, Horror",Windows,2026-09-01T16:12:43.676705,0,Free-to-Play Powerhouses,6.566672429803241
1189440,VenusBlood FRONTIER International,12.99,12.99,0,Very Positive,759.0,"7 Feb, 2020",Ninetail,Strategy,"RPG, Strategy, Simulation, Adventure, Sexual Content",Windows,2026-09-01T16:12:45.611609,1,Popular Mid-Range,6.633318433280377
476240,KNIGHTS,0.45,0.45,0,Very Positive,775.0,"30 May, 2016",Arzola's,Strategy,"Puzzle, Tabletop, Immersive Sim, Strategy, 2D","Windows, Mac, Linux",2026-09-01T16:12:46.927351,0,Free-to-Play Powerhouses,6.654152520183219
3523750,Down with the Ship,5.99,5.99,0,Very Positive,802.0,"15 May, 2026",Iron Anchor Games,Strategy,"Early Access, Auto Battler, Inventory Management, Deckbuilding, Replay Value","Windows, Mac",2026-09-01T16:12:49.277377,3,Niche / Emerging Titles,6.688354713946762
6080,Thrillville®: Off the Rails™,9.99,9.99,0,Very Positive,812.0,"8 Jul, 2009",Frontier,Strategy,"Simulation, Management, Strategy, Adventure, Action",Windows,2026-09-01T16:12:51.494717,1,Popular Mid-Range,6.70073110954781
1478070,Fights in Tight Spaces (Prologue),0.0,0.0,0,Very Positive,820.0,"14 Dec, 2020",Ground Shatter,Strategy,"Deckbuilding, Turn-Based Tactics, Strategy, Beat 'em up, Card Game",Windows,2026-09-01T16:12:52.844666,0,Free-to-Play Powerhouses,6.710523109452428
625980,Yomawari: Midnight Shadows,9.99,9.99,0,Very Positive,857.0,"24 Oct, 2017","Nippon Ichi Software, Inc.",Strategy,"Horror, Adventure, Strategy, Cute, Gore",Windows,2026-09-01T16:12:54.962112,1,Popular Mid-Range,6.754604099487962
699180,Human-powered spacecraft,0.9,0.9,0,Very Positive,850.0,"3 May, 2018",Shiv,Strategy,"Incremental, Casual, Indie, Idler, Relaxing",Windows,2026-09-01T16:12:57.178189,0,Free-to-Play Powerhouses,6.7464121285733745
3011360,Primordialis,8.19,8.19,0,Very Positive,955.0,"2 Jul, 2025",Kyler Natividad,Strategy,"Early Access, Simulation, Physics, Action Roguelike, Exploration",Windows,2026-09-01T16:12:59.027055,1,Popular Mid-Range,6.862757913051401
351510,Quiplash,3.01,3.01,0,Very Positive,995.0,"30 Jun, 2015","Jackbox Games, Inc.",Strategy,"Casual, Multiplayer, Comedy, Indie, Strategy","Windows, Mac, Linux",2026-09-01T16:13:00.471326,0,Free-to-Play Powerhouses,6.903747257584598
3818020,Evil School,5.79,5.79,0,Very Positive,1008.0,"13 Aug, 2026",CineGame Interactive,Strategy,"FMV, Visual Novel, Interactive Fiction, RPG, Strategy","Windows, Mac",2026-09-01T16:13:02.177016,3,Niche / Emerging Titles,6.9167150203536085
944010,S.W.I.N.E. HD Remaster,1.09,1.09,0,Very Positive,1017.0,"23 May, 2019",Kite Games,Strategy,"Strategy, RTS, Retro, Funny, Real Time Tactics",Windows,2026-09-01T16:13:04.143675,0,Free-to-Play Powerhouses,6.925595197110468
2089350,Hatsune Miku Logic Paint S,6.99,6.99,0,Very Positive,1076.0,"19 Nov, 2022",Crypton Future Media,Strategy,"Puzzle, Casual, 2D, Relaxing, Colorful",Windows,2026-09-01T16:13:05.561382,1,Popular Mid-Range,6.981934677156389
3730790,Q-UP,5.49,5.49,0,Very Positive,1124.0,"5 Nov, 2025",Everybody House Games,Strategy,"Incremental, Auto Battler, Deckbuilding, Strategy, eSports","Windows, Mac",2026-09-01T16:13:06.844677,1,Popular Mid-Range,7.025538314638521
1269690,Attack on Toys,3.99,3.99,0,Very Positive,1155.0,"24 Sep, 2021",N7T-GAMES,Strategy,"Early Access, Action RTS, Third-Person Shooter, Real Time Tactics, Grand Strategy",Windows,2026-09-01T16:13:08.174678,0,Free-to-Play Powerhouses,7.052721049232323
1357860,Fuga: Melodies of Steel,20.69299999999982,20.69299999999982,0,Very Positive,1175.0,"28 Jul, 2021",CyberConnect2,Strategy,"RPG, Strategy, JRPG, Dogs, Turn-Based Tactics",Windows,2026-09-01T16:13:10.527702,5,Premium Blockbusters,7.069874128458572
3480990,There Are No Orcs,4.99,4.99,0,Very Positive,1178.0,"5 Nov, 2025",BaseTrade Studio,Strategy,"RTS, Auto Battler, Tower Defense, City Builder, Card Game",Windows,2026-09-01T16:13:12.325792,1,Popular Mid-Range,7.072421900537371
3364770,Misty Judgment,4.99,4.99,0,Very Positive,1200.0,"12 Sep, 2025",次元边界,Strategy,"Interactive Fiction, FMV, Visual Novel, Mystery, Strategy",Windows,2026-09-01T16:13:14.476762,1,Popular Mid-Range,7.0909098220799835
2527690,Through time the girl puzzle,0.0,0.0,0,Very Positive,1201.0,"7 Sep, 2023",Philosophy♂,Strategy,"Sexual Content, Nudity, Hentai, Indie, Casual",Windows,2026-09-01T16:13:16.677881,0,Free-to-Play Powerhouses,7.091742115095153
351700,UnReal World,2.1,2.1,0,Very Positive,1221.0,"26 Feb, 2016",Sami Maaranen (creator),Strategy,"Open World, Survival, Roguelike, Sandbox, RPG","Windows, Mac, Linux",2026-09-01T16:13:18.744459,0,Free-to-Play Powerhouses,7.108244139731541
2517850,Toy Shire: Room One,0.0,0.0,0,Very Positive,1274.0,"13 Mar, 2024",Bluespy Studios,Strategy,"Tower Defense, Strategy, Free to Play, RTS, Cute",Windows,2026-09-01T16:13:20.326686,0,Free-to-Play Powerhouses,7.150701457592526
1839810,Out Of Hands,9.99,9.99,0,Very Positive,1317.0,"21 Apr, 2025",Game River,Strategy,"Surreal, Card Battler, Psychological Horror, Multiple Endings, Stylized",Windows,2026-09-01T16:13:22.292625,1,Popular Mid-Range,7.183870715062453
1151450,Utawarerumono: Prelude to the Fallen,19.99,19.99,0,Very Positive,1327.0,"22 Jan, 2021",AQUAPLUS,Strategy,"Turn-Based Tactics, Visual Novel, Anime, Samurai, Story Rich",Windows,2026-09-01T16:13:24.341489,5,Premium Blockbusters,7.191429330036379
1462470,Vectorio Classic,0.0,0.0,0,Very Positive,1477.0,"22 Mar, 2021",Ben Nichols,Strategy,"Base Building, Tower Defense, Survival, Strategy, Multiplayer","Windows, Mac, Linux",2026-09-01T16:13:26.226262,0,Free-to-Play Powerhouses,7.298445101508147
1332470,Gladiator Guild Manager: Prologue,0.0,0.0,0,Very Positive,1557.0,"27 Aug, 2020",Entertainment Forge,Strategy,"Simulation, Auto Battler, Strategy, Management, Fantasy",Windows,2026-09-01T16:13:27.895811,0,Free-to-Play Powerhouses,7.351158226430694
1377450,Knell of St. Godhrkar,0.0,0.0,0,Very Positive,1576.0,"4 Dec, 2021",-二律背反-,Strategy,"Adventure, RPG, Visual Novel, Story Rich, Strategy","Windows, Mac",2026-09-01T16:13:28.913418,0,Free-to-Play Powerhouses,7.3632795869630385
2121150,Chess for idiots,0.0,0.0,0,Very Positive,1580.0,"1 Feb, 2024",Polish Hacker,Strategy,"Early Access, Parody, Abstract, Turn-Based Strategy, Multiplayer",Windows,2026-09-01T16:13:31.209484,0,Free-to-Play Powerhouses,7.365812837209472
1155330,Showgunners,10.49,10.49,0,Very Positive,1637.0,"2 May, 2023",Artificer,Strategy,"Turn-Based Tactics, Turn-Based Combat, Tactical, Turn-Based Strategy, Action",Windows,2026-09-01T16:13:33.341542,1,Popular Mid-Range,7.401231264413015
1980530,Kiwi Clicker - Juiced Up,2.99,2.99,0,Very Positive,1652.0,"29 Jul, 2022",Dimitri Kipper,Strategy,"Incremental, Casual, Indie, Idler, Collectathon",Windows,2026-09-01T16:13:35.344157,0,Free-to-Play Powerhouses,7.410347097821024
1000030,"Cook, Serve, Delicious! 3?!",2.04,2.04,0,Very Positive,1765.0,"14 Oct, 2020",Vertigo Gaming Inc.,Strategy,"Typing, Management, Difficult, Casual, Arcade","Windows, Mac",2026-09-01T16:13:37.058765,0,Free-to-Play Powerhouses,7.476472381163905
1951230,Pizza Possum,3.99,3.99,0,Very Positive,1797.0,"28 Sep, 2023",Friedemann,Strategy,"Adventure, Exploration, Strategy, Colorful, 3D",Windows,2026-09-01T16:13:39.084977,0,Free-to-Play Powerhouses,7.494430215031565
1437830,Heroes of the Three Kingdoms 2,0.9,0.9,0,Very Positive,1838.0,"12 Nov, 2020","USERJOY Technology Co.,Ltd.",Strategy,"Strategy, Strategy RPG, Singleplayer, 2D, Historical",Windows,2026-09-01T16:13:41.009143,0,Free-to-Play Powerhouses,7.516977224604321
2414270,Sunderfolk,19.99,19.99,0,Very Positive,1868.0,"23 Apr, 2025",Secret Door,Strategy,"Tactical RPG, Turn-Based Tactics, Fantasy, Party-Based RPG, PvE",Windows,2026-09-01T16:13:43.393857,5,Premium Blockbusters,7.533158807455563
1182370,Mr. Hopp's Playhouse,0.0,0.0,0,Very Positive,1875.0,"15 Nov, 2019",Moonbit,Strategy,"Horror, Free to Play, Indie, Singleplayer, Pixel Graphics",Windows,2026-09-01T16:13:45.477237,0,Free-to-Play Powerhouses,7.53689712956617
725340,Lines X Free,0.0,0.0,0,Very Positive,1974.0,"31 Oct, 2017",Konstructors,Strategy,"Puzzle, Casual, Free to Play, Indie, Strategy","Windows, Mac, Linux",2026-09-01T16:13:46.048073,0,Free-to-Play Powerhouses,7.5883236773352225
757210,EMERGENCY 4 Deluxe,7.79,7.79,0,Very Positive,626.0,"24 Apr, 2018",Sixteen Tons Entertainment,Strategy,"Simulation, Strategy, Mod, Moddable, Singleplayer",Windows,2026-09-01T16:13:47.793874,3,Niche / Emerging Titles,6.440946540632921
2426530,Nova Roma,8.99,8.99,0,Very Positive,1440.0,"26 Mar, 2026",Lion Shield,Strategy,"Strategy, Simulation, City Builder, Base Building, Grand Strategy","Windows, Mac",2026-09-01T16:13:49.491893,1,Popular Mid-Range,7.273092595999522
2486750,Beecarbonize,0.0,0.0,0,Very Positive,1246.0,"1 Aug, 2023",Charles Games,Strategy,"Strategy, Resource Management, Card Game, Simulation, Roguelike","Windows, Mac",2026-09-01T16:13:51.181284,0,Free-to-Play Powerhouses,7.1284959456800365
774461,The Jackbox Party Pack 5,2.09,2.09,0,Very Positive,2007.0,"17 Oct, 2018","Jackbox Games, Inc.",Strategy,"Casual, Local Multiplayer, Comedy, Trivia, Multiplayer","Windows, Mac, Linux",2026-09-01T16:13:53.076118,0,Free-to-Play Powerhouses,7.60489448081162
2396240,SteamWorld Heist II,10.49,10.49,0,Very Positive,1351.0,"8 Aug, 2024",Thunderful Development,Strategy,"Funny, Turn-Based Tactics, Singleplayer, Turn-Based Strategy, Turn-Based",Windows,2026-09-01T16:13:55.425524,1,Popular Mid-Range,7.20934025660291
1264280,Slipways,7.49,7.49,0,Very Positive,1805.0,"3 Jun, 2021",Beetlewing,Strategy,"Strategy, Puzzle, Turn-Based Strategy, Relaxing, Sandbox","Windows, Mac",2026-09-01T16:13:57.275227,1,Popular Mid-Range,7.498869733976931
3267900,Click and Conquer,0.65,0.65,0,Very Positive,1527.0,"25 Jun, 2025",SOCKHOUSE STUDIOS,Strategy,"Incremental, Casual, Simulation, Idler, Pixel Graphics","Windows, Mac, Linux",2026-09-01T16:13:59.260469,0,Free-to-Play Powerhouses,7.331714969726466
342580,12 Labours of Hercules,1.89,1.89,0,Very Positive,783.0,"23 Mar, 2015",Jetdogs Studios,Strategy,"Time Management, Strategy, Casual, Puzzle, Mythology","Windows, Mac, Linux",2026-09-01T16:14:01.417299,0,Free-to-Play Powerhouses,6.664409020350408
2195120,Go-Go Town!,12.49,12.49,0,Overwhelmingly Positive,1217.0,"16 Jul, 2026",Prideful Sloth,Strategy,"Simulation, City Builder, Decorating, Life Sim, Building",Windows,2026-09-01T16:14:03.643004,1,Popular Mid-Range,7.1049654482698426
853550,Equilinox,5.49,5.49,0,Very Positive,2103.0,"23 Nov, 2018",ThinMatrix,Strategy,"Simulation, Indie, Casual, Relaxing, Sandbox","Windows, Mac, Linux",2026-09-01T16:14:06.209394,1,Popular Mid-Range,7.651595573857601
591460,Parkasaurus,8.49,8.49,0,Very Positive,1920.0,"12 Aug, 2020",Washbear Studio,Strategy,"Management, Dinosaurs, City Builder, Building, Simulation",Windows,2026-09-01T16:14:06.293624,1,Popular Mid-Range,7.560601162768557
922460,Cheeky Chooks,0.0,0.0,0,Very Positive,2154.0,"31 Oct, 2018",Trilum Studios,Strategy,"Free to Play, Casual, Indie, Strategy, Cute","Windows, Mac",2026-09-01T16:14:07.667206,0,Free-to-Play Powerhouses,7.675546002537848
1021210,Cyber Knights: Flashpoint,10.49,10.49,0,Very Positive,2548.0,"2 Jun, 2025",Trese Brothers,Strategy,"Turn-Based Combat, Tactical, Isometric, Cyberpunk, Perma Death","Windows, Mac, Linux",2026-09-01T16:14:09.773954,1,Popular Mid-Range,7.8434564043761155
3711170,SubZero,9.99,9.99,0,Very Positive,2901.0,"29 May, 2026",Joy Media Limited,Strategy,"FMV, Zombies, Adventure, Post-apocalyptic, Immersive Sim",Windows,2026-09-01T16:14:11.810091,1,Popular Mid-Range,7.973155433444133
2533960,SUMMERHOUSE,2.99,2.99,0,Very Positive,1434.0,"8 Mar, 2024",Friedemann,Strategy,"Sandbox, Relaxing, Singleplayer, Casual, City Builder","Windows, Mac",2026-09-01T16:14:13.893344,0,Free-to-Play Powerhouses,7.268920128193722
3545990,美女，请别影响我成仙,6.49,6.49,0,Very Positive,3128.0,"19 Jun, 2025",蒸汽满满工作室,Strategy,"FMV, Visual Novel, Interactive Fiction, Cinematic, Casual",Windows,2026-09-01T16:14:15.624696,1,Popular Mid-Range,8.048468743668883
1999740,THE BUTTON by Elendow,0.0,0.0,0,Very Positive,2159.0,"26 May, 2023",Elendow,Strategy,"Incremental, Psychological Horror, 2D, Point & Click, Free to Play","Windows, Linux",2026-09-01T16:14:17.881915,0,Free-to-Play Powerhouses,7.67786350067821
1069160,SKALD: Against the Black Priory,3.49,3.49,0,Very Positive,2914.0,"30 May, 2024",High North Studios AS,Strategy,"Strategy, Singleplayer, Atmospheric, Minimalist, Exploration","Windows, Mac",2026-09-01T16:14:19.893381,0,Free-to-Play Powerhouses,7.977625098784593
416680,Zombie Night Terror,6.49,6.49,0,Very Positive,1085.0,"20 Jul, 2016",NoClip,Strategy,"Zombies, Strategy, Pixel Graphics, Indie, Action","Windows, Mac, Linux",2026-09-01T16:14:22.041763,1,Popular Mid-Range,6.990256500493881
1927740,Monument Valley 2,3.99,3.99,0,Very Positive,822.0,"12 Jul, 2022",ustwo games,Strategy,"Casual, Strategy, Puzzle, Action, Design & Illustration",Windows,2026-09-01T16:14:24.231133,0,Free-to-Play Powerhouses,6.71295620067707
1521580,Perfect Heist 2,3.19,3.19,0,Very Positive,2444.0,"10 Dec, 2021",yeswecamp,Strategy,"Action, Multiplayer, Stealth, Shooter, Strategy","Windows, Linux",2026-09-01T16:14:26.159811,0,Free-to-Play Powerhouses,7.801800401908973
1579380,Shadow Tactics: Aiko's Choice,2.74,2.74,0,Very Positive,1226.0,"6 Dec, 2021",Mimimi Games,Strategy,"Real Time Tactics, Strategy, Isometric, Stealth, Action","Windows, Linux",2026-09-01T16:14:27.615777,0,Free-to-Play Powerhouses,7.112327444710911
1182110,Weed Shop 3,8.19,8.19,0,Very Positive,3524.0,"20 Apr, 2022",Weed Games,Strategy,"Immersive Sim, Management, Building, FPS, Economy",Windows,2026-09-01T16:14:29.759190,1,Popular Mid-Range,8.16763571524637
2128480,Staffer Case: A Supernatural Mystery Adventure,4.19,4.19,0,Very Positive,202.0,"30 Apr, 2023",Team Tetrapod,Strategy,"Detective, Story Rich, Mystery, Visual Novel, Atmospheric","Windows, Mac",2026-09-01T16:14:31.841323,3,Niche / Emerging Titles,5.313205979041787
322190,SteamWorld Heist,6.99,6.99,0,Very Positive,2377.0,"7 Jun, 2016",Image & Form Games,Strategy,"Strategy, Turn-Based, Steampunk, RPG, Indie","Windows, Mac, Linux",2026-09-01T16:14:34.026469,1,Popular Mid-Range,7.774015077250727
334920,Zero-K,0.0,0.0,0,Very Positive,3199.0,"27 Apr, 2018",Zero-K Team,Strategy,"Strategy, Free to Play, RTS, Indie, Multiplayer","Windows, Linux",2026-09-01T16:14:35.307892,0,Free-to-Play Powerhouses,8.070906088787819
1138660,Black Book,8.49,8.49,0,Very Positive,1071.0,"10 Aug, 2021",Morteshka,Strategy,"Card Battler, Turn-Based Tactics, Female Protagonist, Card Game, Turn-Based","Windows, Mac",2026-09-01T16:14:36.759684,1,Popular Mid-Range,6.977281341630747
263760,Turbo Dismount™,5.49,5.49,0,Very Positive,4306.0,"21 May, 2014",Secret Exit Ltd.,Strategy,"Funny, Simulation, Physics, Destruction, Singleplayer","Windows, Mac",2026-09-01T16:14:38.842844,1,Popular Mid-Range,8.36799688505411
24810,Command & Conquer™ 3: Kane’s Wrath,0.0,0.0,0,Very Positive,2785.0,,EA Los Angeles,Strategy,"Strategy, Level Editor, Family Friendly, Action, Multiplayer",Windows,2026-09-01T16:14:40.876406,0,Free-to-Play Powerhouses,7.932362154339751
1275350,Ninja Kiwi Archive,0.0,0.0,0,Very Positive,5001.0,"8 Jul, 2020",Ninja Kiwi,Strategy,"Casual, Arcade, Strategy, Tower Defense, Action",Windows,2026-09-01T16:14:42.725281,0,Free-to-Play Powerhouses,8.517593111437565
1109570,Word Game,11.99,11.99,0,Very Positive,5929.0,"21 Jan, 2022",Team9,Strategy,"Exploration, Puzzle, Choose Your Own Adventure, Strategy, 2D","Windows, Mac, Linux",2026-09-01T16:14:44.840911,1,Popular Mid-Range,8.68777949199177
1477070,Depersonalization,8.19,8.19,0,Very Positive,303.0,"8 Aug, 2024",MeowNature,Strategy,"Lovecraftian, Pixel Graphics, Investigation, RPG, Strategy RPG","Windows, Mac",2026-09-01T16:14:46.609494,3,Niche / Emerging Titles,5.717027701406222
679900,Swords & Souls: Neverseen,6.99,6.99,0,Very Positive,2812.0,"22 Jul, 2019",SoulGame Studio,Strategy,"Indie, RPG, Turn-Based Combat, Character Customization, Singleplayer","Windows, Mac",2026-09-01T16:14:48.659437,1,Popular Mid-Range,7.9420068084898565
26800,Braid,14.99,14.99,0,Very Positive,3476.0,"10 Apr, 2009",Number None,Strategy,"Puzzle Platformer, Puzzle, 2D Platformer, Platformer, Indie","Windows, Mac, Linux",2026-09-01T16:14:50.225897,5,Premium Blockbusters,8.153925132007862
1342330,Mad Games Tycoon 2,8.49,8.49,0,Very Positive,2210.0,"31 May, 2023",Eggcode,Strategy,"Management, Economy, Simulation, Game Development, Strategy","Windows, Mac",2026-09-01T16:14:52.105987,1,Popular Mid-Range,7.701200180857446
3631290,Slots & Daggers,4.49,4.49,0,Very Positive,4435.0,"24 Oct, 2025",Friedemann,Strategy,"Strategy, Casual, Roguelike, Dark Fantasy, 1990's","Windows, Mac",2026-09-01T16:14:54.060206,1,Popular Mid-Range,8.397508348470257
3769130,Keep on Mining!,1.94,1.94,0,Very Positive,3058.0,"30 Jul, 2025",EagleEye Games,Strategy,"Incremental, Idler, Casual, Relaxing, Mining",Windows,2026-09-01T16:14:55.342584,0,Free-to-Play Powerhouses,8.025843344150903
251150,The Legend of Heroes: Trails in the Sky,19.99,19.99,0,Very Positive,6331.0,"29 Jul, 2014",Nihon Falcom,Strategy,"JRPG, Story Rich, RPG, Anime, Great Soundtrack",Windows,2026-09-01T16:14:57.675929,5,Premium Blockbusters,8.753371421000903
470310,TROUBLESHOOTER: Abandoned Children,13.99,13.99,0,Very Positive,3376.0,"23 Apr, 2020",Dandylion,Strategy,"Turn-Based Tactics, Tactical RPG, CRPG, Turn-Based, Strategy RPG",Windows,2026-09-01T16:14:59.730897,5,Premium Blockbusters,8.124743020385568
397340,SimplePlanes,6.49,6.49,0,Very Positive,6928.0,"17 Dec, 2015","Jundroo, LLC",Strategy,"Flight, Sandbox, Physics, Building, Automation","Windows, Mac",2026-09-01T16:15:01.541892,1,Popular Mid-Range,8.843470781627381
1367550,Kingdom Rush Vengeance - Tower Defense,8.19,8.19,0,Very Positive,2075.0,"15 Oct, 2020",Ironhide Game Studio,Strategy,"Tower Defense, Strategy, Singleplayer, 2D, Difficult","Windows, Mac",2026-09-01T16:15:03.591646,1,Popular Mid-Range,7.638198244285779
1404850,Luck be a Landlord,5.49,5.49,0,Very Positive,5324.0,"6 Jan, 2023",TrampolineTales,Strategy,"Roguelike Deckbuilder, Deckbuilding, Roguelite, Strategy, Procedural Generation","Windows, Mac, Linux",2026-09-01T16:15:05.191469,1,Popular Mid-Range,8.580167990577626
2194530,Yog-Sothoth’s Yard,5.89,5.89,0,Very Positive,252.0,"19 Oct, 2023",Bone Nail,Strategy,"Lovecraftian, Dating Sim, Horror, Dark, City Builder",Windows,2026-09-01T16:15:07.042462,3,Niche / Emerging Titles,5.53338948872752
204880,Sins of a Solar Empire®: Rebellion,10.99,10.99,0,Very Positive,7350.0,"12 Jun, 2012",Ironclad Games Corporation,Strategy,"Management, Diplomacy, Online Co-Op, Multiplayer, Singleplayer",Windows,2026-09-01T16:15:09.038639,1,Popular Mid-Range,8.902591637374087
"204880,228600",Sins of a Solar Empire®: Rebellion: Game and Soundtrack Bundle,14.49,14.49,0,Very Positive,10261.0,,Ironclad Games Corporation,Strategy,"Management, Diplomacy, Online Co-Op, Multiplayer, Singleplayer",Windows,2026-09-01T16:15:11.027261,5,Premium Blockbusters,9.23620303150191
658850,Do Not Feed the Monkeys,7.29,7.29,0,Very Positive,2313.0,"23 Oct, 2018",Fictiorama Studios,Strategy,"Point & Click, Political Sim, Management, Dark Humor, Choices Matter","Windows, Mac, Linux",2026-09-01T16:15:12.932205,1,Popular Mid-Range,7.746732907753622
2229850,Command & Conquer Red Alert™ 2 and Yuri’s Revenge™,0.0,0.0,0,Overwhelmingly Positive,4291.0,"7 Mar, 2024",Westwood Pacific,Strategy,"Strategy, RTS, Action, Singleplayer, Multiplayer",Windows,2026-09-01T16:15:14.173748,0,Free-to-Play Powerhouses,8.36450810375059
2958130,Jurassic World Evolution 3,20.69299999999982,20.69299999999982,0,Very Positive,7346.0,"21 Oct, 2025",Frontier Developments,Strategy,"Simulation, Dinosaurs, Strategy, Sandbox, City Builder",Windows,2026-09-01T16:15:16.092448,5,Premium Blockbusters,8.902047345620277
65800,Dungeon Defenders,6.99,6.99,0,Very Positive,8754.0,"18 Oct, 2011",Chromatic Games,Strategy,"Multiplayer, Online Co-Op, Tower Defense, Singleplayer, Strategy",Windows,2026-09-01T16:15:18.157363,1,Popular Mid-Range,9.077380244719953
688420,Bad North: Jotunn Edition,1.39,1.39,0,Very Positive,5611.0,"16 Nov, 2018",Plausible Concept,Strategy,"Wargame, Vikings, Real Time Tactics, Tower Defense, Minimalist","Windows, Mac",2026-09-01T16:15:20.346250,0,Free-to-Play Powerhouses,8.632662441222351
1971650,OCTOPATH TRAVELER II,20.69299999999982,20.69299999999982,0,Very Positive,4744.0,"24 Feb, 2023",Square Enix,Strategy,"RPG, Turn-Based, JRPG, 2.5D, Party-Based RPG",Windows,2026-09-01T16:15:22.425458,5,Premium Blockbusters,8.464846711044029
601840,Griftlands,4.25,4.25,0,Very Positive,5271.0,"1 Jun, 2021",Klei Entertainment,Strategy,"Card Battler, Roguelite, Deckbuilding, Choices Matter, RPG","Windows, Mac, Linux",2026-09-01T16:15:24.492091,0,Free-to-Play Powerhouses,8.570165076182343
6860,Hitman: Blood Money,5.49,5.49,0,Very Positive,6665.0,"15 Mar, 2007",Io-Interactive A/S,Strategy,"Stealth, Action, Assassins, Singleplayer, Third Person",Windows,2026-09-01T16:15:26.542108,1,Popular Mid-Range,8.804775258867686
282800,100% Orange Juice,3.99,3.99,0,Very Positive,8722.0,"16 May, 2014",Orange_Juice,Strategy,"Anime, Board Game, Cute, Multiplayer, Strategy","Windows, Mac, Linux",2026-09-01T16:15:28.842002,0,Free-to-Play Powerhouses,9.07371849443322
397950,Clustertruck,6.99,6.99,0,Very Positive,9869.0,"27 Sep, 2016",Landfall,Strategy,"Parkour, Automobile Sim, Action, First-Person, 3D Platformer","Windows, Mac, Linux",2026-09-01T16:15:30.208659,1,Popular Mid-Range,9.197255132427527
388090,Five Nights at Freddy's 4,4.49,4.49,0,Very Positive,8835.0,"23 Jul, 2015",Scott Cawthon,Strategy,"Horror, Survival Horror, Singleplayer, First-Person, Robots",Windows,2026-09-01T16:15:32.008702,1,Popular Mid-Range,9.086589564540008
293760,Automation - The Car Company Tycoon Game,10.49,10.49,0,Very Positive,12269.0,"12 Mar, 2015",Camshaft Software Ltd,Strategy,"Simulation, Management, Building, Sandbox, Automobile Sim",Windows,2026-09-01T16:15:33.625343,1,Popular Mid-Range,9.414912537704957
"4560,9340,20540,228200",Company of Heroes Complete Pack,16.49,16.49,0,Very Positive,19866.0,"13 Oct, 2009",Relic Entertainment,Strategy,"Strategy, World War II, RTS, Multiplayer, Military",Windows,2026-09-01T16:15:35.946997,5,Premium Blockbusters,9.896815342768063
447020,Farming Simulator 17,8.19,8.19,0,Very Positive,6965.0,"24 Oct, 2016",GIANTS Software,Strategy,"Farming Sim, Simulation, Multiplayer, Automobile Sim, Agriculture","Windows, Mac",2026-09-01T16:15:36.924310,1,Popular Mid-Range,8.848796450925947
332800,Five Nights at Freddy's 2,4.49,4.49,0,Very Positive,14237.0,"10 Nov, 2014",Scott Cawthon,Strategy,"Horror, Singleplayer, Survival Horror, Robots, Psychological Horror",Windows,2026-09-01T16:15:38.938384,1,Popular Mid-Range,9.563669725663818
3117820,Sultan's Game,9.99,9.99,0,Very Positive,1328.0,"30 Mar, 2025",Double Cross,Strategy,"Singleplayer, Story Rich, RPG, Card Game, Strategy","Windows, Mac, Linux",2026-09-01T16:15:41.091947,1,Popular Mid-Range,7.192182058713246
1189490,觅长生,8.49,8.49,0,Very Positive,394.0,"12 Jan, 2023",Chalcedony Network,Strategy,"RPG, Open World, Martial Arts, Strategy, Xianxia",Windows,2026-09-01T16:15:43.141868,3,Niche / Emerging Titles,5.978885764901122
237930,Transistor,8.19,8.19,0,Very Positive,16160.0,"20 May, 2014",Supergiant Games,Strategy,"Great Soundtrack, Female Protagonist, Indie, Cyberpunk, Story Rich","Windows, Mac, Linux",2026-09-01T16:15:45.391734,1,Popular Mid-Range,9.690356211348643
326460,ShellShock Live,3.99,3.99,0,Very Positive,17061.0,"22 May, 2020",kChamp Games,Strategy,"Tanks, Multiplayer, Strategy, 2D, Action","Windows, Mac, Linux",2026-09-01T16:15:46.908431,0,Free-to-Play Powerhouses,9.74460904746864
569480,Kingdoms and Castles,10.99,10.99,0,Very Positive,19623.0,"20 Jul, 2017","Lion Shield, LLC",Strategy,"City Builder, Colony Sim, Resource Management, Management, Simulation","Windows, Mac, Linux",2026-09-01T16:15:49.091615,1,Popular Mid-Range,9.884508585938326
266840,Age of Mythology: Extended Edition,20.69299999999982,20.69299999999982,0,Very Positive,14226.0,"8 May, 2014",SkyBox Labs,Strategy,"Strategy, Mythology, RTS, Classic, Multiplayer",Windows,2026-09-01T16:15:50.458268,5,Premium Blockbusters,9.562896846651167
"38400,38420,38410",Fallout Classic Collection,19.99,19.99,0,Very Positive,32862.0,,Interplay Inc.,Strategy,"RPG, Post-apocalyptic, Classic, Open World, Isometric",Windows,2026-09-01T16:15:52.211004,5,Premium Blockbusters,10.400102683833003
738060,Freddy Fazbear's Pizzeria Simulator,0.0,0.0,0,Very Positive,20923.0,"4 Dec, 2017",Scott Cawthon,Strategy,"Free to Play, Horror, Singleplayer, Robots, Survival Horror",Windows,2026-09-01T16:15:53.814271,0,Free-to-Play Powerhouses,9.948652104490503
10180,Call of Duty®: Modern Warfare® 2 (2009),19.99,19.99,0,Very Positive,17098.0,"11 Nov, 2009",Infinity Ward,Strategy,"Action, FPS, Multiplayer, Shooter, First-Person","Windows, Mac",2026-09-01T16:15:57.224778,5,Premium Blockbusters,9.746775261248594
200510,XCOM: Enemy Unknown,14.99,14.99,0,Very Positive,25029.0,"11 Oct, 2012",Firaxis Games,Strategy,"Turn-Based Strategy, Tactical, Strategy, Sci-fi, Turn-Based","Windows, Linux",2026-09-01T16:15:58.440493,5,Premium Blockbusters,10.12783038442582
203140,Hitman: Absolution™,8.19,8.19,0,Very Positive,14221.0,"19 Nov, 2012",Io-Interactive A/S,Strategy,"Stealth, Action, Assassins, Third Person, Singleplayer",Windows,2026-09-01T16:16:00.357240,1,Popular Mid-Range,9.562545340443464
282070,This War of Mine,8.19,8.19,0,Very Positive,23021.0,"14 Nov, 2014",11 bit studios,Strategy,"Survival, War, Atmospheric, Singleplayer, Strategy","Windows, Linux",2026-09-01T16:16:01.423789,1,Popular Mid-Range,10.044205559475007
674940,Stick Fight: The Game,1.07,1.07,0,Very Positive,40274.09999999998,"28 Sep, 2017",Landfall West,Strategy,"Multiplayer, Funny, Fighting, Local Multiplayer, Action","Windows, Mac",2026-09-01T16:16:03.407944,0,Free-to-Play Powerhouses,10.603488690971949
648800,Raft,7.36,7.36,0,Very Positive,40274.09999999998,"20 Jun, 2022",Redbeet Interactive,Strategy,"Survival, Multiplayer, Open World Survival Craft, Co-op, Crafting",Windows,2026-09-01T16:16:04.907987,1,Popular Mid-Range,10.603488690971949
1061270,Blacklist Brigade,5.49,5.49,0,Very Positive,50.0,"24 Jul, 2025",Goat Forest Games,Strategy,"Top-Down Shooter, Difficult, Online Co-Op, Top-Down, Shooter",Windows,2026-09-01T16:16:07.107858,3,Niche / Emerging Titles,3.9318256327243257
1829450,Dr. Kobushi's Labyrinthine Laboratory,5.49,5.49,0,Very Positive,50.0,"14 Sep, 2022",Symbolic Software,Strategy,"Puzzle, Strategy, Turn-Based Strategy, Sokoban, Pixel Graphics","Windows, Mac, Linux",2026-09-01T16:16:09.158036,3,Niche / Emerging Titles,3.9318256327243257
2851110,Golden Warden,5.49,5.49,0,Very Positive,50.0,"5 Mar, 2025",xpii,Strategy,"Casual, Strategy, Auto Battler, Roguelike, 2D Platformer",Windows,2026-09-01T16:16:11.521687,3,Niche / Emerging Titles,3.9318256327243257
3406890,Touhou: Divine Land -Majesty in Game-,8.55,8.55,0,Very Positive,50.0,"17 Jul, 2026",Oct.Works,Strategy,"Turn-Based Strategy, Strategy RPG, Anime, Pixel Graphics, Top-Down",Windows,2026-09-01T16:16:13.605909,3,Niche / Emerging Titles,3.9318256327243257
2257840,Arena Story～Rouge And Princess Knight～,4.99,4.99,0,Very Positive,51.0,"16 Mar, 2023",Kokutou Umeboshi,Strategy,"RPG, Roguelite, Strategy, Deckbuilding, Card Game",Windows,2026-09-01T16:16:14.841271,3,Niche / Emerging Titles,3.9512437185814275
1739340,Mr. Hopp's Manor Escape,2.49,2.49,0,Very Positive,52.0,"17 Oct, 2021",Moonbit,Strategy,"Action, Strategy, Puzzle, Side Scroller, Pixel Graphics",Windows,2026-09-01T16:16:16.774613,2,Free-to-Play Powerhouses (2),3.970291913552122
4537100,diffiCULT,2.39,2.39,0,Very Positive,52.0,"14 Jul, 2026",Ouz Games,Strategy,"Early Access, Social Deduction, Co-op, Espionage, Cult",Windows,2026-09-01T16:16:18.807739,2,Free-to-Play Powerhouses (2),3.970291913552122
3667720,Heroes Against Time,3.99,3.99,0,Very Positive,53.0,"18 Sep, 2025",David Vinokurov,Strategy,"Roguelite, Resource Management, Team-Based, Fantasy, Replay Value","Windows, Linux",2026-09-01T16:16:20.957763,2,Free-to-Play Powerhouses (2),3.9889840465642745
3208470,Magic Sword,0.0,0.0,0,Very Positive,56.0,"4 Oct, 2024",Virtue Voyage Gaming LLC,Strategy,"CRPG, Exploration, Tactical RPG, Turn-Based Tactics, PvP",Windows,2026-09-01T16:16:22.650336,2,Free-to-Play Powerhouses (2),4.04305126783455
2996280,デュエホロ (DUEHOLO),2.49,2.49,0,Very Positive,56.0,"28 Jun, 2024",テイク,Strategy,"Roguelike Deckbuilder, Cute, Card Game, Strategy, Female Protagonist",Windows,2026-09-01T16:16:24.705065,2,Free-to-Play Powerhouses (2),4.04305126783455
2059480,Interrogation Simulator,1.29,1.29,0,Very Positive,58.0,"31 Oct, 2022",Otis Miller,Strategy,"Choose Your Own Adventure, Immersive Sim, Interactive Fiction, Puzzle, Visual Novel","Windows, Linux",2026-09-01T16:16:26.657597,2,Free-to-Play Powerhouses (2),4.07753744390572
4293110,Silan: Monster Girl Master!,5.79,5.79,0,Very Positive,58.0,"16 Jul, 2026",愛の勇者,Strategy,"JRPG, Souls-like, Creature Collector, Turn-Based Combat, Card Battler",Windows,2026-09-01T16:16:28.608411,3,Niche / Emerging Titles,4.07753744390572
2412700,It Is Ticking,7.0,7.0,0,Very Positive,59.0,"17 May, 2023",YenThe Studio,Strategy,"Casual, Simulation, Indie, Puzzle, Strategy",Windows,2026-09-01T16:16:30.307512,3,Niche / Emerging Titles,4.0943445622221
3066440,Archipel Logic Infinite,3.59,3.59,0,Very Positive,59.0,"30 Sep, 2024",WanderLux Games,Strategy,"Puzzle, Difficult, Casual, Procedural Generation, Logic",Windows,2026-09-01T16:16:32.106603,2,Free-to-Play Powerhouses (2),4.0943445622221
3249900,Bloxpath,3.49,3.49,0,Very Positive,59.0,"3 Jun, 2025",agoo,Strategy,"Sokoban, Puzzle, Strategy, 3D, Isometric",Windows,2026-09-01T16:16:34.240943,2,Free-to-Play Powerhouses (2),4.0943445622221
2524660,大三国时代,0.0,0.0,0,Very Positive,67.0,"23 Apr, 2026",大三国时代项目组,Strategy,"Strategy, Simulation, Grand Strategy, War, Historical",Windows,2026-09-01T16:16:36.224183,2,Free-to-Play Powerhouses (2),4.219507705176107
1128690,Plunge,4.49,4.49,0,Very Positive,67.0,"23 Aug, 2019",Spooky Buns,Strategy,"Indie, Strategy, Action, Adventure, Roguelike","Windows, Mac",2026-09-01T16:16:37.972144,3,Niche / Emerging Titles,4.219507705176107
2010900,Obscure Chronicle of Dynasty,1.89,1.89,0,Very Positive,68.0,"21 Jul, 2023",IsaacZhang,Strategy,"Early Access, Turn-Based Tactics, Story Rich, Historical, Interactive Fiction",Windows,2026-09-01T16:16:40.140837,2,Free-to-Play Powerhouses (2),4.23410650459726
1705580,SiNKR 3,2.49,2.49,0,Very Positive,69.0,"25 Aug, 2022",Robert Wahler,Strategy,"Strategy, Puzzle, Logic, Relaxing, Minimalist","Windows, Mac, Linux",2026-09-01T16:16:41.690629,2,Free-to-Play Powerhouses (2),4.248495242049359
1240240,Legendary Knight,4.49,4.49,0,Very Positive,70.0,"28 Feb, 2020",Oki Aki,Strategy,"Action Roguelike, Hack and Slash, Real Time Tactics, Tower Defense, Action RPG",Windows,2026-09-01T16:16:43.940586,3,Niche / Emerging Titles,4.2626798770413155
2705480,Nonogram 3D : Mega Puzzle,4.49,4.49,0,Very Positive,70.0,"9 Dec, 2024",Seven Jams,Strategy,"Puzzle, Strategy, Indie, 3D, Logic",Windows,2026-09-01T16:16:46.173899,3,Niche / Emerging Titles,4.2626798770413155
4289020,Monstergirl Hunters,7.29,7.29,0,Very Positive,70.0,"3 Mar, 2026",MadoWorks,Strategy,"City Builder, Creature Collector, Simulation, Economy, Turn-Based Strategy",Windows,2026-09-01T16:16:48.029484,3,Niche / Emerging Titles,4.2626798770413155
4738660,Touhou Defense Tale ~ AI Test in Touhou ~,0.0,0.0,0,Very Positive,71.0,"27 Jun, 2026",식신공방,Strategy,"Strategy, Tower Defense, Singleplayer, PvE, Top-Down",Windows,2026-09-01T16:16:49.807073,2,Free-to-Play Powerhouses (2),4.276666119016055
1192910,食用系少女：美食內戰 Food Girls：Civil War,8.19,8.19,0,Very Positive,71.0,"13 Dec, 2019",SimonCreative,Strategy,"Indie, Visual Novel, Cute, Anime, Adventure","Windows, Mac",2026-09-01T16:16:51.973753,3,Niche / Emerging Titles,4.276666119016055
1070550,Don't Escape Trilogy,2.99,2.99,0,Overwhelmingly Positive,733.0,"29 Jul, 2019",scriptwelder,Indie,"Adventure, Indie, Point & Click, Horror, Pixel Graphics",Windows,2026-09-01T16:18:23.173242,0,Free-to-Play Powerhouses,6.598509028614515
1713610,Purrgatory,0.0,0.0,0,Overwhelmingly Positive,4077.0,"22 Aug, 2021",Niv,Indie,"Visual Novel, Cute, LGBTQ+, Point & Click, Cats",Windows,2026-09-01T16:18:26.990547,0,Free-to-Play Powerhouses,8.3133619511344
2672090,Cats and Seek: Osaka,0.0,0.0,0,Overwhelmingly Positive,1856.0,"27 Nov, 2023",Noobzilla,Indie,"Cats, Hidden Object, Free to Play, Wholesome, Puzzle","Windows, Linux",2026-09-01T16:18:29.006616,0,Free-to-Play Powerhouses,7.526717561352706
577480,Higurashi When They Cry Hou - Ch.5 Meakashi,2.91,2.91,0,Overwhelmingly Positive,1057.0,"28 Apr, 2017",07th Expansion,Indie,"Horror, Visual Novel, Adventure, Anime, Psychological Horror","Windows, Mac, Linux",2026-09-01T16:18:30.846652,0,Free-to-Play Powerhouses,6.964135612418245
4521340,Gaming Burnout Treatment Center,0.9,0.9,0,Overwhelmingly Positive,517.0,"31 May, 2026",Wave Games,Indie,"Casual, Simulation, Funny, Medical Sim, Utilities",Windows,2026-09-01T16:18:32.856491,2,Free-to-Play Powerhouses (2),6.249975242259483
1289310,Helltaker,0.0,0.0,0,Overwhelmingly Positive,40274.09999999998,"11 May, 2020",vanripper,Indie,"Free to Play, Puzzle, Cute, Demons, Indie","Windows, Mac, Linux",2026-09-01T16:18:34.872766,0,Free-to-Play Powerhouses,10.603488690971949
557600,Gorogoa,1.87,1.87,0,Overwhelmingly Positive,5545.0,"14 Dec, 2017",Buried Signal,Indie,"Puzzle, Hand-drawn, Indie, Beautiful, Singleplayer","Windows, Mac",2026-09-01T16:18:36.395003,0,Free-to-Play Powerhouses,8.620832226175724
1406990,NEKOPARA Vol. 4,5.49,5.49,0,Overwhelmingly Positive,1640.0,"26 Nov, 2020",NEKO WORKs,Indie,"Sexual Content, Hentai, Anime, Visual Novel, Nudity",Windows,2026-09-01T16:18:38.539620,1,Popular Mid-Range,7.403061091090091
532110,Rusty Lake: Roots,3.99,3.99,0,Overwhelmingly Positive,1779.0,"20 Oct, 2016",Rusty Lake,Indie,"Puzzle, Point & Click, Indie, Psychological Horror, Adventure","Windows, Mac",2026-09-01T16:18:40.412747,0,Free-to-Play Powerhouses,7.484368643286131
2667970,100 Asian Cats,0.0,0.0,0,Overwhelmingly Positive,3427.0,"17 Dec, 2023",100 Cozy Games,Indie,"Hidden Object, Cats, Ninja, Free to Play, Puzzle",Windows,2026-09-01T16:18:42.478362,0,Free-to-Play Powerhouses,8.13973227971767
2240530,BABBDI,0.0,0.0,0,Overwhelmingly Positive,5464.0,"22 Dec, 2022",Sirius Lemaitre,Indie,"Exploration, Atmospheric, Walking Simulator, Surreal, Free to Play","Windows, Mac, Linux",2026-09-01T16:18:43.878298,0,Free-to-Play Powerhouses,8.60611940061064
3035120,Is This Seat Taken?,5.49,5.49,0,Overwhelmingly Positive,5789.0,"7 Aug, 2025",Poti Poti Studio,Indie,"Puzzle, Casual, Relaxing, Cute, Logic","Windows, Mac, Linux",2026-09-01T16:18:45.939683,1,Popular Mid-Range,8.663887570567042
1281800,Samsara Room,0.0,0.0,0,Overwhelmingly Positive,2749.0,"29 Apr, 2020",Rusty Lake,Indie,"Indie, Puzzle, Adventure, Free to Play, Point & Click","Windows, Mac",2026-09-01T16:18:47.273518,0,Free-to-Play Powerhouses,7.919356190660617
420110,NEKOPARA Vol. 2,5.49,5.49,0,Overwhelmingly Positive,2934.0,"19 Feb, 2016",NEKO WORKs,Indie,"Anime, Sexual Content, Cute, Nudity, Visual Novel",Windows,2026-09-01T16:18:49.261550,1,Popular Mid-Range,7.984462732262196
1369320,Virtual Cottage,0.0,0.0,0,Overwhelmingly Positive,7393.0,"7 Oct, 2020",DU&I,Indie,"Cozy, Relaxing, Casual, Utilities, Life Sim","Windows, Mac, Linux",2026-09-01T16:18:50.972516,0,Free-to-Play Powerhouses,8.908424139496578
909080,Cube Escape: Paradox,0.0,0.0,0,Overwhelmingly Positive,3277.0,"20 Sep, 2018",Rusty Lake,Indie,"Puzzle, Free to Play, Psychological Horror, Point & Click, Mystery","Windows, Mac",2026-09-01T16:18:52.756032,0,Free-to-Play Powerhouses,8.094988759303774
990630,The Last Campfire,6.99,6.99,0,Overwhelmingly Positive,5749.0,"7 Oct, 2021",Hello Games,Indie,"Puzzle, Adventure, Singleplayer, Cute, Indie",Windows,2026-09-01T16:18:54.878049,1,Popular Mid-Range,8.656955133791396
362680,Fran Bow,6.99,6.99,0,Overwhelmingly Positive,8445.0,"27 Aug, 2015",Killmonday Games AB,Indie,"Psychological Horror, Point & Click, Story Rich, Puzzle, Horror","Windows, Mac, Linux",2026-09-01T16:18:57.139431,1,Popular Mid-Range,9.041448235493888
425580,The Room Two,4.99,4.99,0,Overwhelmingly Positive,10372.0,"5 Jul, 2016",Fireproof Games,Indie,"Puzzle, Mystery, Point & Click, Atmospheric, Hidden Object",Windows,2026-09-01T16:18:59.205750,1,Popular Mid-Range,9.246961555431827
1082430,Before Your Eyes,5.49,5.49,0,Overwhelmingly Positive,15535.0,"8 Apr, 2021",GoodbyeWorld Games,Indie,"Emotional, Narrative, Story Rich, Indie, First-Person","Windows, Mac",2026-09-01T16:19:00.511394,1,Popular Mid-Range,9.650915190531107
2198150,Tiny Glade,6.99,6.99,0,Overwhelmingly Positive,13693.0,"23 Sep, 2024",Pounce Light,Indie,"Building, Relaxing, Design & Illustration, Sandbox, Cozy","Windows, Mac, Linux",2026-09-01T16:19:02.444581,1,Popular Mid-Range,9.524713059681009
541570,Sally Face - Episode One,1.89,1.89,0,Overwhelmingly Positive,9496.0,"14 Dec, 2016",Portable Moose,Indie,"Story Rich, Psychological Horror, Indie, Horror, Dark","Windows, Mac, Linux",2026-09-01T16:19:04.239489,0,Free-to-Play Powerhouses,9.158731238242952
1388880,Doki Doki Literature Club Plus!,9.99,9.99,0,Overwhelmingly Positive,11104.0,"30 Jun, 2021",Team Salvato,Indie,"Psychological Horror, Visual Novel, Anime, Dating Sim, Sexual Content","Windows, Mac",2026-09-01T16:19:06.456028,1,Popular Mid-Range,9.315150736328528
288160,The Room,4.99,4.99,0,Overwhelmingly Positive,14489.0,"28 Jul, 2014",Fireproof Games,Indie,"Puzzle, Mystery, Point & Click, Atmospheric, Singleplayer",Windows,2026-09-01T16:19:08.455564,1,Popular Mid-Range,9.581214035314728
3146520,WEBFISHING,2.99,2.99,0,Overwhelmingly Positive,40274.09999999998,"11 Oct, 2024",lamedeveloper,Indie,"Fishing, Multiplayer, Casual, Cute, Character Customization",Windows,2026-09-01T16:19:09.671103,0,Free-to-Play Powerhouses,10.603488690971949
227300,Euro Truck Simulator 2,10.84,10.84,0,Overwhelmingly Positive,40274.09999999998,"12 Oct, 2012",SCS Software,Indie,"Driving, Transportation, Simulation, Open World, Automobile Sim","Windows, Mac, Linux",2026-09-01T16:19:12.055563,1,Popular Mid-Range,10.603488690971949
1708110,Misericorde: Volume One,4.99,4.99,0,Overwhelmingly Positive,506.0,"23 Mar, 2023",XEECEE,Indie,"Visual Novel, Mystery, Adventure, Medieval, 2D","Windows, Linux",2026-09-01T16:19:14.022567,3,Niche / Emerging Titles,6.2285110035911835
3275880,Chronoquartz,5.49,5.49,0,Overwhelmingly Positive,504.0,"1 Oct, 2025",Infinite Stairs,Indie,"Puzzle, Exploration, Pixel Graphics, 2D, Top-Down",Windows,2026-09-01T16:19:15.347239,3,Niche / Emerging Titles,6.22455842927536
3380950,DISCOPUP,5.49,5.49,0,Overwhelmingly Positive,515.0,"25 Jul, 2025",Parry Mechanics,Indie,"Mystery, Surreal, Story Rich, Retro, Puzzle","Windows, Mac",2026-09-01T16:19:16.822240,3,Niche / Emerging Titles,6.246106765481563
2004590,Conbunn Cardboard,3.99,3.99,0,Overwhelmingly Positive,523.0,"1 Sep, 2023",Keiby,Indie,"Adventure, 2.5D, Anime, Cute, Relaxing",Windows,2026-09-01T16:19:19.056262,3,Niche / Emerging Titles,6.261491684321042
2753620,Fruit Mountain,1.49,1.49,0,Overwhelmingly Positive,544.0,"17 Mar, 2024",BeXide Inc.,Indie,"Puzzle, Casual, Indie, Physics, Relaxing","Windows, Mac",2026-09-01T16:19:20.721770,2,Free-to-Play Powerhouses (2),6.300785794663244
2191190,FIND ALL 4: Magic,1.39,1.39,0,Overwhelmingly Positive,569.0,"27 Sep, 2023",Very Very LITTLE Studio,Indie,"Adventure, Casual, Hidden Object, Puzzle, Indie","Windows, Mac, Linux",2026-09-01T16:19:23.088674,2,Free-to-Play Powerhouses (2),6.345636360828596
2442020,Dangeresque: The Roomisode Triungulate,7.99,7.99,0,Overwhelmingly Positive,576.0,"11 Aug, 2023",Videlectrix,Indie,"Adventure, Point & Click, 2D, Cartoon, Pixel Graphics","Windows, Mac, Linux",2026-09-01T16:19:23.854716,3,Niche / Emerging Titles,6.3578422665081
3212530,Anthology Of The Killer,3.99,3.99,0,Overwhelmingly Positive,628.0,"8 Oct, 2024",thecatamites / Tommy Tone / A. Degen,Indie,"Horror, Cartoon, Surreal, Story Rich, Hand-drawn","Windows, Linux",2026-09-01T16:19:25.254911,3,Niche / Emerging Titles,6.444131256700441
2910460,Furry Angel Take In,1.89,1.89,0,Overwhelmingly Positive,688.0,"16 Oct, 2024",JOX Studio,Indie,"Visual Novel, Dating Sim, Anime, Romance, Adventure",Windows,2026-09-01T16:19:27.205433,0,Free-to-Play Powerhouses,6.535241271013659
3394250,DUET,0.0,0.0,0,Overwhelmingly Positive,753.0,"2 May, 2025",Dolos Studio,Indie,"Casual, Stylized, Faith, Romance, Hand-drawn",Windows,2026-09-01T16:19:28.822204,0,Free-to-Play Powerhouses,6.625392368007956
1012240,旅燕归航 Swallow Homing,0.0,0.0,0,Overwhelmingly Positive,865.0,"13 Feb, 2019",吃了就睡工作室,Indie,"Indie, Visual Novel, Free to Play, Sci-fi",Windows,2026-09-01T16:19:31.438706,0,Free-to-Play Powerhouses,6.763884908562435
1988540,The Zachtronics Solitaire Collection,5.49,5.49,0,Overwhelmingly Positive,929.0,"6 Sep, 2022",Zachtronics,Indie,"Solitaire, Casual, Card Game, Singleplayer, Choices Matter","Windows, Mac, Linux",2026-09-01T16:19:32.744015,3,Niche / Emerging Titles,6.835184586147301
668350,Higurashi When They Cry Hou - Ch.6 Tsumihoroboshi,2.91,2.91,0,Overwhelmingly Positive,962.0,"14 Jun, 2018",07th Expansion,Indie,"Visual Novel, Horror, Adventure, Anime, Mystery","Windows, Mac, Linux",2026-09-01T16:19:34.859602,0,Free-to-Play Powerhouses,6.870053411798126
578540,Perfect Gold - Yuri Visual Novel,4.49,4.49,0,Overwhelmingly Positive,1011.0,"19 Apr, 2021",Yangyang Mobile,Indie,"LGBTQ+, Visual Novel, Female Protagonist, Sexual Content, Anime","Windows, Mac",2026-09-01T16:19:36.371977,3,Niche / Emerging Titles,6.919683849847411
2073910,A Webbing Journey,6.29,6.29,0,Overwhelmingly Positive,1226.0,"19 May, 2025",Fire Totem Games,Indie,"Early Access, Cozy, Exploration, Physics, Cute","Windows, Mac, Linux",2026-09-01T16:19:38.222130,1,Popular Mid-Range,7.112327444710911
1817000,Zodiacats,1.29,1.29,0,Overwhelmingly Positive,1262.0,"21 Jan, 2022",Devcats,Indie,"Cats, Puzzle, Relaxing, Casual, Cute","Windows, Linux",2026-09-01T16:19:40.354925,0,Free-to-Play Powerhouses,7.141245122350491
1564790,Submachine: Legacy,8.49,8.49,0,Overwhelmingly Positive,1280.0,"13 Oct, 2023",Mateusz Skutnik,Indie,"Puzzle, Point & Click, Adventure, Hand-drawn, Exploration",Windows,2026-09-01T16:19:42.288540,1,Popular Mid-Range,7.155396301896734
4327530,ギルド探求団へようこそ！,2.49,2.49,0,Overwhelmingly Positive,1372.0,"5 Feb, 2026",ぱるそに工房,Indie,"Detective, Adventure, Puzzle, Investigation, Mystery",Windows,2026-09-01T16:19:43.788687,0,Free-to-Play Powerhouses,7.224753405767971
2986260,Dreamlike Love with Seira,3.99,3.99,0,Overwhelmingly Positive,1368.0,"23 Aug, 2024",るび様崇める会,Indie,"Sexual Content, Visual Novel, Incremental, 2D, Casual",Windows,2026-09-01T16:19:45.488539,0,Free-to-Play Powerhouses,7.221835825288449
1109410,Perspective,0.0,0.0,0,Overwhelmingly Positive,1444.0,"9 Oct, 2019",Widdershins,Indie,"Free to Play, Puzzle, Puzzle Platformer, Indie, 3D",Windows,2026-09-01T16:19:47.555222,0,Free-to-Play Powerhouses,7.275864600546533
1827680,枝江畔之梦,0.0,0.0,0,Overwhelmingly Positive,1505.0,"27 Jan, 2022",枝江梦游社,Indie,"Casual, Cute, Visual Novel, Word Game, Incremental",Windows,2026-09-01T16:19:49.221982,0,Free-to-Play Powerhouses,7.317212408359839
3559510,Capsule Lover,2.69,2.69,0,Overwhelmingly Positive,1519.0,"11 Jun, 2026",橘子班,Indie,"Visual Novel, Adventure, Dating Sim, 2D, Indie",Windows,2026-09-01T16:19:50.904908,0,Free-to-Play Powerhouses,7.326465613840322
1725640,Sudocats,1.29,1.29,0,Overwhelmingly Positive,1703.0,"14 Mar, 2022",Devcats,Indie,"Casual, Cats, Puzzle, Relaxing, Cute","Windows, Linux",2026-09-01T16:19:52.620922,0,Free-to-Play Powerhouses,7.440733707389261
2262610,Endless Monday: Dreams and Deadlines,4.99,4.99,0,Overwhelmingly Positive,1825.0,"4 May, 2023",hcnone,Indie,"Visual Novel, Choose Your Own Adventure, Interactive Fiction, Hand-drawn, Choices Matter","Windows, Mac, Linux",2026-09-01T16:19:54.205088,1,Popular Mid-Range,7.509883061154913
1171320,Frog Detective 3: Corruption at Cowboy County,2.99,2.99,0,Overwhelmingly Positive,1867.0,"26 Oct, 2022",Grace Bruxner,Indie,"Comedy, Funny, Short, Casual, Cute","Windows, Mac",2026-09-01T16:19:55.438207,0,Free-to-Play Powerhouses,7.532623618788788
3618030,Flock Around,2.99,2.99,0,Overwhelmingly Positive,1901.0,"24 Apr, 2026",Friend Shaped Games,Indie,"Multiplayer, Online Co-Op, Creature Collector, Birds, Casual","Windows, Mac, Linux",2026-09-01T16:19:57.655055,0,Free-to-Play Powerhouses,7.550661243105336
2869860,Monster Prom 4: Monster Con,6.99,6.99,0,Overwhelmingly Positive,1886.0,"24 Apr, 2025",Beautiful Glitch,Indie,"Visual Novel, LGBTQ+, Comedy, Dating Sim, Multiplayer","Windows, Mac, Linux",2026-09-01T16:19:59.988256,1,Popular Mid-Range,7.54274354536855
3054820,DevilConnection,9.99,9.99,0,Overwhelmingly Positive,1937.0,"30 Oct, 2025",ChaoGames,Indie,"Multiple Endings, Indie, Choose Your Own Adventure, Interactive Fiction, Dark Fantasy","Windows, Mac",2026-09-01T16:20:01.504964,1,Popular Mid-Range,7.569411792450712
2871440,Squeakross: Home Squeak Home,6.99,6.99,0,Overwhelmingly Positive,1576.0,"7 Jun, 2025",Alblune,Indie,"Logic, Puzzle, Relaxing, Tutorial, Cute","Windows, Mac",2026-09-01T16:20:03.621359,1,Popular Mid-Range,7.3632795869630385
1161870,Epiphyllum in Love,2.49,2.49,0,Overwhelmingly Positive,2243.0,"16 Mar, 2020",#workshop,Indie,"Casual, Indie, Adventure, Visual Novel, Dating Sim",Windows,2026-09-01T16:20:05.554246,0,Free-to-Play Powerhouses,7.716015266642587
1999520,CATO: Buttered Cat,5.89,5.89,0,Very Positive,427.0,"5 Sep, 2024",Team Woll,Indie,"Puzzle Platformer, Cats, Cute, Adventure, Puzzle","Windows, Mac, Linux",2026-09-01T16:20:07.838120,3,Niche / Emerging Titles,6.059123195581797
1665190,Monster Prom 3: Monster Roadtrip,6.19,6.19,0,Overwhelmingly Positive,2463.0,"21 Oct, 2022",Beautiful Glitch,Indie,"Visual Novel, LGBTQ+, Dating Sim, Multiplayer, Comedy","Windows, Mac, Linux",2026-09-01T16:20:09.504823,1,Popular Mid-Range,7.80954132465341
3775050,DOGWALK,0.0,0.0,0,Overwhelmingly Positive,1603.0,"11 Jul, 2025",Blender Studio,Indie,"Casual, Exploration, Wholesome, Short, Dogs","Windows, Mac, Linux",2026-09-01T16:20:11.154222,0,Free-to-Play Powerhouses,7.38025578842646
2654860,Mizi NO!,0.0,0.0,0,Overwhelmingly Positive,1173.0,"22 Aug, 2024",DU&I,Indie,"Casual, Puzzle, 2D, Cartoony, Cute",Windows,2026-09-01T16:20:13.471193,0,Free-to-Play Powerhouses,7.068172000388042
1407420,Milo and the Magpies,1.89,1.89,0,Overwhelmingly Positive,2056.0,"7 Sep, 2021",Johan Scherft,Indie,"Adventure, Point & Click, Hand-drawn, Hidden Object, Exploration","Windows, Mac",2026-09-01T16:20:15.154666,0,Free-to-Play Powerhouses,7.6290038896529575
1171370,The Supper,0.0,0.0,0,Overwhelmingly Positive,2734.0,"28 Jan, 2020",White Blanket Games,Indie,"Cooking, Point & Click, Adventure, Dark Humor, Female Protagonist",Windows,2026-09-01T16:20:17.321432,0,Free-to-Play Powerhouses,7.913886714856082
1895350,I Wani Hug that Gator!,6.99,6.99,0,Overwhelmingly Positive,3440.0,"14 Feb, 2024",Cavemanon,Indie,"Visual Novel, Story Rich, Romance, Choose Your Own Adventure, Choices Matter","Windows, Mac, Linux",2026-09-01T16:20:19.121280,1,Popular Mid-Range,8.14351740579748
2915460,OneShot: World Machine Edition,4.99,4.99,0,Overwhelmingly Positive,2475.0,"30 Sep, 2024",Future Cat LLC,Indie,"Puzzle, Story Rich, Indie, Pixel Graphics, Choices Matter","Windows, Mac",2026-09-01T16:20:21.337391,1,Popular Mid-Range,7.814399633804487
4515660,"Control, I'm Not Coming Back",0.0,0.0,0,Overwhelmingly Positive,4270.0,"29 May, 2026",Desborde Games,Indie,"Story Rich, Walking Simulator, Space, Philosophical, Interactive Fiction","Windows, Mac",2026-09-01T16:20:23.143345,0,Free-to-Play Powerhouses,8.359603270841466
3472550,The Mr. Rabbit Magic Show,0.0,0.0,0,Overwhelmingly Positive,1247.0,"30 Apr, 2025",Rusty Lake,Indie,"Adventure, Point & Click, Escape Room, Puzzle, Free to Play","Windows, Mac",2026-09-01T16:20:24.971060,0,Free-to-Play Powerhouses,7.129297548929373
3636770,Servant of the Lake,4.99,4.99,0,Overwhelmingly Positive,1319.0,"13 Aug, 2026",Rusty Lake,Indie,"Puzzle, Adventure, Point & Click, Atmospheric, Escape Room","Windows, Mac",2026-09-01T16:20:26.754292,1,Popular Mid-Range,7.1853870155804165
2291850,Underground Blossom,2.99,2.99,0,Overwhelmingly Positive,1379.0,"27 Sep, 2023",Rusty Lake,Indie,"Escape Room, Adventure, Puzzle, Point & Click, Indie","Windows, Mac",2026-09-01T16:20:28.237671,0,Free-to-Play Powerhouses,7.22983877815125
1070710,Kind Words (lo fi chill beats to write to),2.99,2.99,0,Overwhelmingly Positive,6014.0,"12 Sep, 2019",Popcannibal,Indie,"Emotional, Relaxing, Cozy, Wholesome, Multiplayer","Windows, Mac, Linux",2026-09-01T16:20:29.704482,0,Free-to-Play Powerhouses,8.70201162840878
1328840,Lost in Play,0.85,0.85,0,Overwhelmingly Positive,1798.0,"10 Aug, 2022",Happy Juice Games,Indie,"Puzzle, Point & Click, 2D, Funny, Surreal","Windows, Mac",2026-09-01T16:20:31.504450,0,Free-to-Play Powerhouses,7.4949862339505335
3370870,Berry Bury Berry,4.49,4.49,0,Overwhelmingly Positive,6203.0,"29 Jan, 2026",Get(Color) Games,Indie,"Incremental, 3D, Psychological Horror, First-Person, Physics",Windows,2026-09-01T16:20:32.454319,1,Popular Mid-Range,8.73294952429643
2570630,20 Small Mazes,0.0,0.0,0,Overwhelmingly Positive,6545.0,"16 Feb, 2024",FLEB,Indie,"Puzzle, 2D, Casual, Relaxing, Colorful","Windows, Mac",2026-09-01T16:20:36.370828,0,Free-to-Play Powerhouses,8.786609455061125
1059990,Trombone Champ,6.99,6.99,0,Overwhelmingly Positive,7173.0,"15 Sep, 2022",Holy Wow Studios LLC,Indie,"Rhythm, Comedy, Funny, Music, Cute","Windows, Mac",2026-09-01T16:20:38.337568,1,Popular Mid-Range,8.878218658092228
4122860,Z.A.T.O. // I Love the World and Everything In It,0.0,0.0,0,Overwhelmingly Positive,6212.0,"10 Nov, 2025",Ferry // Nopanamaman,Indie,"Visual Novel, Mystery, Philosophical, Psychological Horror, Female Protagonist","Windows, Mac, Linux",2026-09-01T16:20:40.429087,0,Free-to-Play Powerhouses,8.734399150063695
1129190,Our Life: Beginnings & Always,0.0,0.0,0,Overwhelmingly Positive,11533.0,"16 Nov, 2020",GB Patch Games,Indie,"Visual Novel, Romance, LGBTQ+, Character Customization, Dating Sim","Windows, Linux",2026-09-01T16:20:42.037440,0,Free-to-Play Powerhouses,9.353054474175359
1361320,The Room 4: Old Sins,4.99,4.99,0,Overwhelmingly Positive,9046.0,"11 Feb, 2021",Fireproof Games,Indie,"Puzzle, Mystery, Point & Click, Adventure, Lovecraftian",Windows,2026-09-01T16:20:43.720455,1,Popular Mid-Range,9.110188490025742
2313250,Travellin Cats in Paris,0.0,0.0,0,Overwhelmingly Positive,7584.0,"16 Jul, 2023",Travellin Cats,Indie,"Cats, Hidden Object, Free to Play, Wholesome, Puzzle",Windows,2026-09-01T16:20:45.653965,0,Free-to-Play Powerhouses,8.933927891782632
1568400,Sheepy: A Short Adventure,0.0,0.0,0,Overwhelmingly Positive,11800.0,"6 Feb, 2024",MrSuicideSheep,Indie,"Free to Play, Pixel Graphics, 2D Platformer, Indie, Adventure",Windows,2026-09-01T16:20:47.620661,0,Free-to-Play Powerhouses,9.375939552625749
1931770,Chants of Sennaar,14.99,14.99,0,Overwhelmingly Positive,12932.0,"5 Sep, 2023",Rundisc,Indie,"Puzzle, Adventure, Singleplayer, Indie, Colorful",Windows,2026-09-01T16:20:49.370636,5,Premium Blockbusters,9.467537463415244
1295320,Can of Wormholes,8.19,8.19,0,Overwhelmingly Positive,561.0,"24 Mar, 2023",munted finger,Indie,"Indie, Puzzle, Sokoban, Logic, Grid-Based Movement","Windows, Mac",2026-09-01T16:20:50.908793,3,Niche / Emerging Titles,6.331501849893691
4051150,Chronigma,0.0,0.0,0,Overwhelmingly Positive,621.0,"25 Nov, 2025",C3BGames,Indie,"Time Manipulation, Sokoban, Puzzle, Logic, Sci-fi","Windows, Mac",2026-09-01T16:20:52.453860,2,Free-to-Play Powerhouses (2),6.432940092739179
858940,Flowers -Le volume sur ete-,8.19,8.19,0,Overwhelmingly Positive,1203.0,"26 Jul, 2018",Innocent Grey,Indie,"Visual Novel, LGBTQ+, Female Protagonist, Romance, Mystery",Windows,2026-09-01T16:20:53.470391,1,Popular Mid-Range,7.093404625868766
1035990,Dialtown: Phone Dating Sim,1.4,1.4,0,Overwhelmingly Positive,1886.0,"14 Feb, 2022",DirectDoggo,Indie,"Indie, Casual, Dating Sim, Comedy, Visual Novel",Windows,2026-09-01T16:20:55.786998,0,Free-to-Play Powerhouses,7.54274354536855
1740300,Smushi Come Home,10.49,10.49,0,Overwhelmingly Positive,1804.0,"10 Jun, 2023",SomeHumbleOnion,Indie,"Cute, Open World, Adventure, Nature, Exploration","Windows, Mac",2026-09-01T16:20:57.920488,1,Popular Mid-Range,7.498315870766981
1530140,Aventura Copilului Albastru și Urât,1.29,1.29,0,Overwhelmingly Positive,1429.0,"8 Feb, 2021",Codrin Bradea,Indie,"Hentai, Sexual Content, Adventure, Nudity, LGBTQ+",Windows,2026-09-01T16:21:00.069916,0,Free-to-Play Powerhouses,7.265429723253953
2702170,Strange Jigsaws,2.99,2.99,0,Overwhelmingly Positive,3445.0,"7 Aug, 2025",FLEB,Indie,"Adventure, Casual, Puzzle, 2D, Abstract","Windows, Mac",2026-09-01T16:21:04.286339,0,Free-to-Play Powerhouses,8.144969417087875
2600140,"Please, Touch The Artwork 2",0.0,0.0,0,Overwhelmingly Positive,2389.0,"19 Feb, 2024",Thomas Waterzooi,Indie,"Casual, Adventure, Hidden Object, Point & Click, Puzzle","Windows, Mac, Linux",2026-09-01T16:21:05.736447,0,Free-to-Play Powerhouses,7.779048644925556
2608050,Travellin Cats in Jingle Jam,0.0,0.0,0,Overwhelmingly Positive,5124.0,"1 Dec, 2023",Travellin Cats,Indie,"Cats, Hidden Object, Wholesome, Free to Play, Puzzle",Windows,2026-09-01T16:21:09.453006,0,Free-to-Play Powerhouses,8.54188580400661
1055540,A Short Hike,4.49,4.49,0,Overwhelmingly Positive,12543.0,"30 Jul, 2019",adamgryu,Indie,"Exploration, Relaxing, Adventure, Indie, Cute","Windows, Mac, Linux",2026-09-01T16:21:11.353004,1,Popular Mid-Range,9.436997742590188
558990,Opus Magnum,8.19,8.19,0,Overwhelmingly Positive,3579.0,"7 Dec, 2017",Zachtronics,Indie,"Puzzle, Programming, Automation, Indie, Simulation","Windows, Mac, Linux",2026-09-01T16:21:30.421811,1,Popular Mid-Range,8.183118079394745
3692660,The New Flesh,0.0,0.0,0,Overwhelmingly Positive,2193.0,"1 Jun, 2025",Freshly Baked Games LLC,Indie,"Music, Surreal, Walking Simulator, Casual, First-Person",Windows,2026-09-01T16:21:32.451964,0,Free-to-Play Powerhouses,7.693481640835175
3330250,Ithya: Magic Studies,5.99,5.99,0,Overwhelmingly Positive,1250.0,"7 May, 2025",BlueTurtle,Indie,"Cozy, Desktop Companion, Idler, Music, Utilities","Windows, Mac",2026-09-01T16:21:34.819850,1,Popular Mid-Range,7.1316985104669115
1201280,A Space For The Unbound - Prologue,0.0,0.0,0,Overwhelmingly Positive,1321.0,"22 Jan, 2020",Mojiken,Indie,"Pixel Graphics, 1990's, Adventure, Story Rich, Atmospheric",Windows,2026-09-01T16:21:36.969614,0,Free-to-Play Powerhouses,7.186901020411631
236930,Blackwell Epiphany,5.49,5.49,0,Overwhelmingly Positive,828.0,"24 Apr, 2014",Wadjet Eye Games,Indie,"Adventure, Point & Click, Indie, Female Protagonist, Supernatural","Windows, Mac, Linux",2026-09-01T16:21:38.753800,3,Niche / Emerging Titles,6.720220155135295
2951520,Bite Night,2.18,2.18,0,Overwhelmingly Positive,571.0,"13 Jun, 2024",MyGrandfather Games,Indie,"Horror, Comedy, Retro, Singleplayer, Jump Scare",Windows,2026-09-01T16:21:40.358370,2,Free-to-Play Powerhouses (2),6.349138991379798
698780,Doki Doki Literature Club!,0.0,0.0,0,Overwhelmingly Positive,40274.09999999998,"6 Oct, 2017",Team Salvato,Indie,"Psychological Horror, Visual Novel, Anime, Free to Play, Dating Sim","Windows, Mac",2026-09-01T16:21:41.552799,0,Free-to-Play Powerhouses,10.603488690971949
2324650,The Murder of Sonic the Hedgehog,0.0,0.0,0,Overwhelmingly Positive,19681.0,"31 Mar, 2023",SEGA,Indie,"Visual Novel, Free to Play, Mystery, Point & Click, Singleplayer","Windows, Mac",2026-09-01T16:21:42.619359,0,Free-to-Play Powerhouses,9.88745979145893
2754380,The Roottrees are Dead,8.19,8.19,0,Overwhelmingly Positive,5035.0,"15 Jan, 2025",Evil Trout Inc.,Indie,"Detective, Puzzle, Mystery, Point & Click, Investigation","Windows, Mac, Linux",2026-09-01T16:21:44.286287,1,Popular Mid-Range,8.524367395164237
1177980,"Little Kitty, Big City",8.49,8.49,0,Overwhelmingly Positive,6527.0,"9 May, 2024",Double Dagger Studio,Indie,"Cats, Cute, Exploration, Wholesome, Cozy",Windows,2026-09-01T16:21:45.632460,1,Popular Mid-Range,8.783855896643942
602520,NEKOPARA Vol. 3,5.49,5.49,0,Overwhelmingly Positive,2233.0,"25 May, 2017",NEKO WORKs,Indie,"Hentai, Sexual Content, Anime, Nudity, Cute",Windows,2026-09-01T16:21:47.375189,1,Popular Mid-Range,7.711548979629146
812810,missed messages.,0.0,0.0,0,Overwhelmingly Positive,11207.0,"30 May, 2019",Angela He,Indie,"Free to Play, Visual Novel, LGBTQ+, Choices Matter, Romance","Windows, Mac, Linux",2026-09-01T16:21:49.386196,0,Free-to-Play Powerhouses,9.324383088016843
314650,SpaceEngine,4.99,4.99,0,Overwhelmingly Positive,9517.0,"11 Jun, 2019",Cosmographic Software,Indie,"Early Access, Open World, Sci-fi, Casual, Sandbox",Windows,2026-09-01T16:21:51.452649,1,Popular Mid-Range,9.160940021681055
1574820,Until Then,8.19,8.19,0,Overwhelmingly Positive,9398.0,"25 Jun, 2024",Polychroma Games,Indie,"Visual Novel, Emotional, Pixel Graphics, Story Rich, Interactive Fiction","Windows, Linux",2026-09-01T16:21:53.758157,1,Popular Mid-Range,9.148358579620302
2365810,Pseudoregalia,3.49,3.49,0,Overwhelmingly Positive,13929.0,"28 Jul, 2023",rittzler,Indie,"3D Platformer, Metroidvania, Female Protagonist, Parkour, Exploration",Windows,2026-09-01T16:21:55.752321,0,Free-to-Play Powerhouses,9.54180006677385
1604000,Milk outside a bag of milk outside a bag of milk,4.99,4.99,0,Overwhelmingly Positive,8078.0,"16 Dec, 2021",Nikita Kryukov,Indie,"Psychological Horror, Visual Novel, Psychedelic, Pixel Graphics, Story Rich","Windows, Mac, Linux",2026-09-01T16:21:57.874542,1,Popular Mid-Range,8.997023381479709
230290,Universe Sandbox,14.49,14.49,0,Overwhelmingly Positive,19538.0,"24 Aug, 2015",Giant Army,Indie,"Early Access, Simulation, Sandbox, Indie, Space","Windows, Mac",2026-09-01T16:21:58.908055,5,Premium Blockbusters,9.88016774721451
3101040,Magical Girl Witch Trials,11.49,11.49,0,Overwhelmingly Positive,636.0,"18 Jul, 2025",Acacia,Indie,"Visual Novel, Female Protagonist, Cute, Detective, Mystery","Windows, Mac",2026-09-01T16:22:00.574579,1,Popular Mid-Range,6.456769655572163
1392820,Milk inside a bag of milk inside a bag of milk,0.97,0.97,0,Overwhelmingly Positive,14606.0,"26 Aug, 2020",Nikita Kryukov,Indie,"Visual Novel, Psychological Horror, Horror, Experimental, Psychological","Windows, Mac, Linux",2026-09-01T16:22:02.170229,0,Free-to-Play Powerhouses,9.589256144850811
1927720,Monument Valley,3.99,3.99,0,Overwhelmingly Positive,2007.0,"12 Jul, 2022",ustwo games,Strategy,"Puzzle, Relaxing, Adventure, Singleplayer, Casual",Windows,2026-09-01T16:22:21.984589,0,Free-to-Play Powerhouses,7.60489448081162
3618850,Pronoun Palace,10.99,10.99,0,Overwhelmingly Positive,1179.0,"4 Jun, 2026",Cadence Petersen,Strategy,"LGBTQ+, Spelling, Word Game, Roguelike, Singleplayer","Windows, Mac, Linux",2026-09-01T16:22:22.018139,1,Popular Mid-Range,7.07326971745971
2166050,Moonleap,5.49,5.49,0,Overwhelmingly Positive,1331.0,"11 Apr, 2023",guselect,Strategy,"Minimalist, Puzzle Platformer, Puzzle, Platformer, Pixel Graphics",Windows,2026-09-01T16:22:22.584724,1,Popular Mid-Range,7.194436851100335
2735620,BoardLand,0.0,0.0,0,Overwhelmingly Positive,950.0,"10 Jan, 2024",High Fish,Strategy,"Strategy, Board Game, Turn-Based Combat, Strategy RPG, Turn-Based Strategy",Windows,2026-09-01T16:22:22.951327,0,Free-to-Play Powerhouses,6.85751406254539
3687810,时光超市,0.0,0.0,0,Overwhelmingly Positive,714.0,"5 Mar, 2026",怀旧游戏小东,Strategy,"Casual, Simulation, Tower Defense, 2.5D, Top-Down",Windows,2026-09-01T16:22:23.017983,0,Free-to-Play Powerhouses,6.5722825426940075
4314560,Cartapli : Fold Quest,0.0,0.0,0,Overwhelmingly Positive,703.0,"4 Feb, 2026",ManduPod,Strategy,"Turn-Based Tactics, Roguelite, RPG, PvE, Strategy",Windows,2026-09-01T16:22:23.034546,0,Free-to-Play Powerhouses,6.556778356158042
1292020,Armoured Commander II,5.49,5.49,0,Overwhelmingly Positive,584.0,"4 Sep, 2021",Gregory Adam Scott,Strategy,"Tanks, World War II, Roguelike, Historical, Strategy",Windows,2026-09-01T16:22:23.045737,3,Niche / Emerging Titles,6.371611847231857
1158470,Voxelgram,5.49,5.49,0,Overwhelmingly Positive,681.0,"7 Nov, 2019",Procedural Level,Strategy,"Hidden Object, Design & Illustration, Puzzle, Strategy, Voxel","Windows, Linux",2026-09-01T16:22:23.051031,3,Niche / Emerging Titles,6.525029657843462
1260520,Patrick's Parabox,8.19,8.19,0,Overwhelmingly Positive,2248.0,"29 Mar, 2022",Patrick Traynor,Strategy,"Puzzle, Sokoban, Logic, Minimalist, Abstract","Windows, Mac, Linux",2026-09-01T16:22:23.083444,1,Popular Mid-Range,7.718240951959316
427520,Factorio,12.0,12.0,0,Overwhelmingly Positive,40274.09999999998,"14 Aug, 2020",Wube Software LTD.,Strategy,"Automation, Base Building, Resource Management, Sandbox, Crafting","Windows, Mac, Linux",2026-09-01T16:22:23.286934,1,Popular Mid-Range,10.603488690971949
294100,RimWorld,12.99,12.99,0,Overwhelmingly Positive,40274.09999999998,"17 Oct, 2018",Ludeon Studios,Strategy,"Colony Sim, Base Building, Survival, Strategy, Management","Windows, Mac, Linux",2026-09-01T16:22:23.301255,5,Premium Blockbusters,10.603488690971949
2592160,Dispatch,10.49,10.49,0,Overwhelmingly Positive,40274.09999999998,"22 Oct, 2025",AdHoc Studio,Strategy,"Choices Matter, Story Rich, Sexual Content, Nudity, Superhero",Windows,2026-09-01T16:22:23.301255,1,Popular Mid-Range,10.603488690971949
48700,Mount & Blade: Warband,17.99,17.99,0,Overwhelmingly Positive,40274.09999999998,"31 Mar, 2010",TaleWorlds Entertainment,Strategy,"Medieval, RPG, Open World, Strategy, Sandbox","Windows, Mac, Linux",2026-09-01T16:22:23.317810,5,Premium Blockbusters,10.603488690971949
3590,Plants vs. Zombies GOTY Edition,4.99,4.99,0,Overwhelmingly Positive,40274.09999999998,"5 May, 2009","PopCap Games, Inc.",Strategy,"Tower Defense, Zombies, Strategy, Singleplayer, Casual","Windows, Mac",2026-09-01T16:22:23.317810,1,Popular Mid-Range,10.603488690971949
2379780,Balatro,6.99,6.99,0,Overwhelmingly Positive,40274.09999999998,"20 Feb, 2024",LocalThunk,Strategy,"Card Game, Roguelike, Roguelike Deckbuilder, Deckbuilding, Singleplayer","Windows, Mac",2026-09-01T16:22:23.334715,1,Popular Mid-Range,10.603488690971949
508440,Totally Accurate Battle Simulator,3.05,3.05,0,Overwhelmingly Positive,40274.09999999998,"1 Apr, 2021",Landfall,Strategy,"Sandbox, Simulation, Funny, War, Strategy","Windows, Mac",2026-09-01T16:22:23.334715,0,Free-to-Play Powerhouses,10.603488690971949
611760,Don't Escape: 4 Days to Survive,6.99,6.99,0,Overwhelmingly Positive,1551.0,"11 Mar, 2019",scriptwelder,Strategy,"Pixel Graphics, Adventure, Point & Click, Post-apocalyptic, Indie","Windows, Mac",2026-09-01T16:22:23.351200,1,Popular Mid-Range,7.347299700743164
1366540,Dyson Sphere Program,9.19,9.19,0,Overwhelmingly Positive,24631.0,"20 Jan, 2021",Youthcat Studio,Strategy,"Automation, Space, Base Building, Building, Resource Management",Windows,2026-09-01T16:22:23.351200,1,Popular Mid-Range,10.111801689604336
526870,Satisfactory,12.99,12.99,0,Overwhelmingly Positive,40274.09999999998,"10 Sep, 2024",Coffee Stain Studios,Strategy,"Base Building, Automation, Open World, Crafting, Multiplayer",Windows,2026-09-01T16:22:23.367957,5,Premium Blockbusters,10.603488690971949
1923790,Linelith,1.89,1.89,0,Overwhelmingly Positive,1424.0,"19 May, 2022",Patrick Traynor,Strategy,"Casual, Puzzle, Strategy, Relaxing, Exploration","Windows, Mac, Linux",2026-09-01T16:22:23.367957,0,Free-to-Play Powerhouses,7.261927092702751
646570,Slay the Spire,11.49,11.49,0,Overwhelmingly Positive,40274.09999999998,"23 Jan, 2019",Mega Crit,Strategy,"Roguelike Deckbuilder, Card Game, Card Battler, Roguelike, Deckbuilding","Windows, Mac, Linux",2026-09-01T16:22:23.384562,1,Popular Mid-Range,10.603488690971949
40970,Stronghold Crusader HD (2012),5.49,5.49,0,Overwhelmingly Positive,6234.0,"21 Oct, 2013",Firefly Studios,Strategy,"Military, City Builder, Real Time Tactics, Medieval, Colony Sim",Windows,2026-09-01T16:22:23.399810,1,Popular Mid-Range,8.737933858114136
3164500,Schedule I,8.19,8.19,0,Overwhelmingly Positive,40274.09999999998,"24 Mar, 2025",TVGS,Strategy,"Simulation, Crime, Co-op, Management, Multiplayer",Windows,2026-09-01T16:22:23.401023,1,Popular Mid-Range,10.603488690971949
2516920,The Chef's Shift: First Course,0.0,0.0,0,Overwhelmingly Positive,517.0,"7 Feb, 2025",Panitia GameDev,Strategy,"Cooking, Simulation, Typing, Time Management, Crime","Windows, Mac",2026-09-01T16:22:23.401023,2,Free-to-Play Powerhouses (2),6.249975242259483
960090,Bloons TD 6,6.79,6.79,0,Overwhelmingly Positive,40274.09999999998,"17 Dec, 2018",Ninja Kiwi,Strategy,"Tower Defense, Strategy, Multiplayer, Singleplayer, Online Co-Op","Windows, Mac",2026-09-01T16:22:23.417767,1,Popular Mid-Range,10.603488690971949
341800,Keep Talking and Nobody Explodes,6.99,6.99,0,Overwhelmingly Positive,8101.0,"8 Oct, 2015",Steel Crate Games,Strategy,"Co-op, Puzzle, Local Multiplayer, Party Game, Board Game","Windows, Mac, Linux",2026-09-01T16:22:23.417767,1,Popular Mid-Range,8.999866223762636
246420,Kingdom Rush  - Tower Defense,5.49,5.49,0,Overwhelmingly Positive,4674.0,"6 Jan, 2014",Ironhide Game Studio,Strategy,"Tower Defense, Strategy, Singleplayer, 2D, Tactical","Windows, Mac, Linux",2026-09-01T16:22:23.434667,1,Popular Mid-Range,8.449984441722787
3191030,Nubby's Number Factory,2.99,2.99,0,Overwhelmingly Positive,16779.0,"7 Mar, 2025",MogDogBlog Productions,Strategy,"Roguelike, Strategy, Surreal, Arcade, Singleplayer",Windows,2026-09-01T16:22:23.434667,0,Free-to-Play Powerhouses,9.727942980021197
736260,Baba Is You,6.99,6.99,0,Overwhelmingly Positive,12592.0,"13 Mar, 2019",Hempuli Oy,Strategy,"Puzzle, Indie, Difficult, Singleplayer, Logic","Windows, Mac, Linux",2026-09-01T16:22:23.451180,1,Popular Mid-Range,9.440896383005846
1686940,Bopl Battle,5.49,5.49,0,Overwhelmingly Positive,17036.0,"16 Nov, 2023",Johan Grönvall,Strategy,"Multiplayer, 2D Fighter, 4 Player Local, Action, Online Co-Op",Windows,2026-09-01T16:22:23.451180,1,Popular Mid-Range,9.743142728545543
3107330,Nodebuster,1.89,1.89,0,Overwhelmingly Positive,10614.0,"13 Aug, 2024",Goblobin,Strategy,"Incremental, Casual, Strategy, Idler, Simulation",Windows,2026-09-01T16:22:23.467853,0,Free-to-Play Powerhouses,9.270023374137356
531510,Just Shapes & Beats,5.39,5.39,0,Overwhelmingly Positive,13423.0,"31 May, 2018",Berzerk Studio,Strategy,"Rhythm, Great Soundtrack, Music, Bullet Hell, Difficult","Windows, Mac, Linux",2026-09-01T16:22:23.467853,1,Popular Mid-Range,9.504799428706987
32470,STAR WARS™ Empire at War - Gold Pack,19.99,19.99,0,Overwhelmingly Positive,26731.0,"25 May, 2010",Petroglyph,Strategy,"Strategy, RTS, Space, Sci-fi, Multiplayer",Windows,2026-09-01T16:22:23.484644,5,Premium Blockbusters,10.193616628630961
1669980,Volcano Princess,6.99,6.99,0,Overwhelmingly Positive,2974.0,"20 Apr, 2023",养蛋人 Egg Hatcher,Strategy,"Life Sim, Multiple Endings, Choices Matter, RPG, Female Protagonist",Windows,2026-09-01T16:22:23.484644,1,Popular Mid-Range,7.99799931797973
1113000,Persona 4 Golden,19.99,19.99,0,Overwhelmingly Positive,40274.09999999998,"13 Jun, 2020",ATLUS,Strategy,"JRPG, Great Soundtrack, Story Rich, Anime, Turn-Based Combat",Windows,2026-09-01T16:22:23.484644,5,Premium Blockbusters,10.603488690971949
239030,"Papers, Please",5.49,5.49,0,Overwhelmingly Positive,39608.0,"8 Aug, 2013",Lucas Pope,Strategy,"Indie, Simulation, Point & Click, Pixel Graphics, Singleplayer","Windows, Mac, Linux",2026-09-01T16:22:23.501260,1,Popular Mid-Range,10.58681164414731
2443360,Zortch,3.0,3.0,0,Overwhelmingly Positive,1269.0,"8 Jun, 2023",Mutantleg,Action,"FPS, Boomer Shooter, Shooter, Action, Female Protagonist",Windows,2026-09-01T16:30:49.426101,0,Free-to-Play Powerhouses,7.146772179452637
3445580,Ambidextro,3.01,3.01,0,Overwhelmingly Positive,1320.0,"28 Mar, 2025",Majorariatto,Action,"Precision Platformer, Action, 2D Platformer, Pixel Graphics, Dark Fantasy","Windows, Mac, Linux",2026-09-01T16:30:53.892703,0,Free-to-Play Powerhouses,7.186144304522325
1540570,Fractal Block World,3.99,3.99,0,Overwhelmingly Positive,1467.0,"18 Oct, 2021",Dan Hathaway,Action,"Exploration, Open World, Surreal, FPS, Voxel",Windows,2026-09-01T16:30:55.942903,0,Free-to-Play Powerhouses,7.291656209174461
2539960,Orbo's Odyssey,1.04,1.04,0,Overwhelmingly Positive,1493.0,"21 Aug, 2023",Feverdream Johnny,Action,"3D Platformer, Comedy, Action-Adventure, Action, Psychedelic",Windows,2026-09-01T16:30:57.726105,0,Free-to-Play Powerhouses,7.309212365692763
937580,Touhou Kanjuden ~ Legacy of Lunatic Kingdom.,6.99,6.99,0,Overwhelmingly Positive,1509.0,"2 Apr, 2019",上海アリス幻樂団,Action,"Bullet Hell, Difficult, Great Soundtrack, Faith, Indie",Windows,2026-09-01T16:30:58.976177,1,Popular Mid-Range,7.31986492980897
2624280,420BLAZEIT 2: GAME OF THE YEAR -=Dank Dreams and Goated Memes=- [#wow/11 Like and Subscribe] Poggerz Edition,5.89,5.89,0,Overwhelmingly Positive,1542.0,"14 Nov, 2024",Normal Wholesome Games,Action,"Boomer Shooter, FPS, Shooter, 3D, First-Person",Windows,2026-09-01T16:31:00.942609,1,Popular Mid-Range,7.341483852363161
1100140,Touhou Fuujinroku ~ Mountain of Faith.,6.99,6.99,0,Overwhelmingly Positive,1606.0,"6 Jun, 2020",上海アリス幻樂団,Action,"Indie, Action, Bullet Hell, Shoot 'Em Up, Great Soundtrack",Windows,2026-09-01T16:31:01.759241,1,Popular Mid-Range,7.382124365737512
1796580,Sorry We're Closed,8.49,8.49,0,Overwhelmingly Positive,1628.0,"14 Nov, 2024",à la mode games,Action,"LGBTQ+, Survival Horror, Female Protagonist, Psychological Horror, Retro",Windows,2026-09-01T16:31:04.009306,1,Popular Mid-Range,7.395721608602045
1405500,Angel at Dusk,6.99,6.99,0,Overwhelmingly Positive,1670.0,"12 Jan, 2024",Akiragoya,Action,"Action, Bullet Hell, Shooter, 2D, Psychedelic",Windows,2026-09-01T16:31:06.459078,1,Popular Mid-Range,7.421177528595393
1033420,9-nine-:Episode 2,8.19,8.19,0,Overwhelmingly Positive,1932.0,"16 Aug, 2019",PALETTE,Action,"Sexual Content, Visual Novel, Nudity, Anime, Cute",Windows,2026-09-01T16:31:08.175722,1,Popular Mid-Range,7.566828479208331
1349060,It Steals,2.99,2.99,0,Overwhelmingly Positive,1604.0,"22 Jul, 2020",Zeekerss,Action,"Survival Horror, Horror, FPS, First-Person, Perma Death",Windows,2026-09-01T16:31:10.525930,0,Free-to-Play Powerhouses,7.380879035564116
2719060,Mirage Feathers,2.99,2.99,0,Overwhelmingly Positive,502.0,"7 Sep, 2024",oyasumi Workshop,Action,"Cute, Anime, On-Rails Shooter, Bullet Hell, Shoot 'Em Up",Windows,2026-09-01T16:31:11.744597,2,Free-to-Play Powerhouses (2),6.220590170099739
2088840,Picayune Dreams,2.99,2.99,0,Overwhelmingly Positive,3502.0,"4 Dec, 2023",Stepford,Action,"Bullet Heaven, Bullet Hell, Action Roguelike, Psychedelic, Colorful",Windows,2026-09-01T16:31:18.125504,0,Free-to-Play Powerhouses,8.161375023197486
745880,Touhou Tenkuushou ~ Hidden Star in Four Seasons.,6.99,6.99,0,Overwhelmingly Positive,1009.0,"17 Nov, 2017",上海アリス幻樂団,Action,"Bullet Hell, Great Soundtrack, Difficult, Shoot 'Em Up, Female Protagonist",Windows,2026-09-01T16:31:19.792301,1,Popular Mid-Range,6.917705609835305
264200,One Finger Death Punch,2.99,2.99,0,Overwhelmingly Positive,9115.0,"3 Mar, 2014",Silver Dollar Games,Action,"Action, 2D Fighter, Fast-Paced, Indie, Beat 'em up",Windows,2026-09-01T16:31:23.858597,0,Free-to-Play Powerhouses,9.117786390365575
1353230,Bomb Rush Cyberfunk,12.99,12.99,0,Overwhelmingly Positive,10384.0,"18 Aug, 2023",Team Reptile,Action,"3D Platformer, Action, Stylized, Adventure, Parkour",Windows,2026-09-01T16:31:25.825238,1,Popular Mid-Range,9.248117736310213
1533420,Neon White,4.79,4.79,0,Overwhelmingly Positive,12613.0,"16 Jun, 2022",Angel Matrix,Action,"FPS, 3D Platformer, Parkour, Fast-Paced, Platformer",Windows,2026-09-01T16:31:29.925443,1,Popular Mid-Range,9.442562587223597
774181,Rhythm Doctor,8.19,8.19,0,Overwhelmingly Positive,8062.0,"6 Dec, 2025",7th Beat Games,Action,"Rhythm, Music, Pixel Graphics, Story Rich, Level Editor","Windows, Mac, Linux",2026-09-01T16:31:33.891861,1,Popular Mid-Range,8.995040974685022
4309030,错过的暑假可以放第二次吗？,3.99,3.99,0,Overwhelmingly Positive,1201.0,"13 Feb, 2026",麻溜完结制作组,Simulation,"Visual Novel, LGBTQ+, Word Game, Dating Sim, Casual",Windows,2026-09-01T16:35:19.471450,0,Free-to-Play Powerhouses,7.091742115095153
3715020,Ye Guild Clerk!,0.0,0.0,0,Overwhelmingly Positive,1574.0,"28 Oct, 2025",Devclerk,Simulation,"Choices Matter, Multiple Endings, Funny, Casual, Job Simulator",Windows,2026-09-01T16:35:21.670570,0,Free-to-Play Powerhouses,7.362010551259734
3097300,Creature Kitchen,4.49,4.49,0,Overwhelmingly Positive,7169.0,"6 Feb, 2026",The Rat Zone,Simulation,"Cooking, Puzzle, Cozy, Creature Collector, Cute",Windows,2026-09-01T16:35:25.754375,1,Popular Mid-Range,8.877660933593667
3862670,Shelldiver,2.99,2.99,0,Overwhelmingly Positive,4606.0,"16 Nov, 2025",Gagonfe,Simulation,"Incremental, Casual, Resource Management, Management, Arcade",Windows,2026-09-01T16:35:29.370418,0,Free-to-Play Powerhouses,8.435332164935916
667970,VTOL VR,10.49,10.49,0,Overwhelmingly Positive,17010.0,"3 Aug, 2017","Boundless Dynamics, LLC",Simulation,"Flight, VR, Combat, Simulation, Military",Windows,2026-09-01T16:35:30.453877,1,Popular Mid-Range,9.741615472609583
3259470,Papa's Pizzeria Deluxe,3.49,3.49,0,Overwhelmingly Positive,2404.0,"19 Nov, 2024",Flipline Studios,Simulation,"Cooking, Simulation, Casual, Time Management, Strategy",Windows,2026-09-01T16:35:32.720343,0,Free-to-Play Powerhouses,7.785305182539862
3478700,The Children of Clay,0.0,0.0,0,Overwhelmingly Positive,2631.0,"7 Mar, 2025",Balazs Ronyai,Simulation,"Horror, Atmospheric, Detective, Adventure, Lovecraftian","Windows, Linux",2026-09-01T16:35:36.735303,0,Free-to-Play Powerhouses,7.875499292445208
897220,Summer Pockets,5.99,5.99,0,Overwhelmingly Positive,657.0,"6 Feb, 2020",VisualArts/Key,Simulation,"Visual Novel, Adventure, Casual, Emotional, Anime",Windows,2026-09-01T16:35:38.304062,3,Niche / Emerging Titles,6.489204931325317
2381620,Steam Engine Simulator,0.0,0.0,0,Overwhelmingly Positive,7021.0,"7 Jun, 2023",Ektorom Software Inc.,Simulation,"Simulation, Physics, Education, 2D, Free to Play",Windows,2026-09-01T16:35:42.237926,0,Free-to-Play Powerhouses,8.856803356728378
1424330,Wobbledogs,3.74,3.74,0,Overwhelmingly Positive,11884.0,"15 Mar, 2022",Animal Uprising,Simulation,"Dogs, Wholesome, Cute, Sandbox, Simulation","Windows, Mac",2026-09-01T16:35:44.115202,0,Free-to-Play Powerhouses,9.383032379794294
4022300,DateBoy,0.0,0.0,0,Overwhelmingly Positive,528.0,"4 Nov, 2025",Anton Pätsi,Simulation,"Simulation, Funny, Short, Comedy, Dialogue Heavy",Windows,2026-09-01T16:35:57.721175,2,Free-to-Play Powerhouses (2),6.270988431858299
2112520,her tears were my light,1.89,1.89,0,Overwhelmingly Positive,778.0,"28 Sep, 2022",NomnomNami,Simulation,"LGBTQ+, Visual Novel, Time Travel, Romance, Simulation","Windows, Mac, Linux",2026-09-01T16:36:02.803269,0,Free-to-Play Powerhouses,6.658011045870748
3170540,Backyard Baseball '97,5.49,5.49,0,Overwhelmingly Positive,2128.0,"10 Oct, 2024",Mega Cat Studios,Sports,"Sports, Baseball, Casual, Cute, Arcade",Windows,2026-09-01T16:36:52.991532,1,Popular Mid-Range,7.663407664893479
1408230,Walkabout Mini Golf VR,8.49,8.49,0,Overwhelmingly Positive,2724.0,"15 Jul, 2021",Mighty Coconut,Sports,"Sports, Golf, Mini Golf, VR, PvP",Windows,2026-09-01T16:36:54.452843,1,Popular Mid-Range,7.9102237070973445
553310,Lethal League Blaze,8.19,8.19,0,Overwhelmingly Positive,4041.0,"24 Oct, 2018",Team Reptile,Sports,"Action, Indie, 2D Fighter, Great Soundtrack, Sports","Windows, Mac, Linux",2026-09-01T16:36:56.452822,1,Popular Mid-Range,8.304494897963567
1044620,Aokana - Four Rhythms Across the Blue,6.23,6.23,0,Overwhelmingly Positive,831.0,"27 Sep, 2019",sprite,Sports,"Visual Novel, Anime, Casual, Romance, Story Rich",Windows,2026-09-01T16:36:58.375175,3,Niche / Emerging Titles,6.723832440821209
2206340,Aokana - Four Rhythms Across the Blue - EXTRA2,6.29,6.29,0,Overwhelmingly Positive,1390.0,"16 Dec, 2022",sprite,Sports,"Visual Novel, Story Rich, Sports, Cute, Romance",Windows,2026-09-01T16:37:01.824516,1,Popular Mid-Range,7.237778191923443
296470,Mount Your Friends,2.99,2.99,0,Overwhelmingly Positive,2820.0,"29 Jul, 2014",Stegersaurus Software Inc.,Sports,"Funny, Comedy, Multiplayer, Sports, Indie",Windows,2026-09-01T16:37:06.152651,0,Free-to-Play Powerhouses,7.944846711001996
3583790,Virtual Skate,14.99,14.99,0,Very Positive,96.0,"21 Aug, 2025",Flip Axis Studios,Sports,"Sports, Multiplayer, Skateboarding, Simulation, Sandbox",Windows,2026-09-01T16:37:08.189797,4,Premium / AAA,4.574710978503383
2848800,Pup Champs,6.49,6.49,0,Very Positive,100.0,"19 May, 2025",Afterburn,Sports,"Turn-Based Tactics, Sports, Puzzle, Football (Soccer), Strategy","Windows, Mac",2026-09-01T16:37:10.402426,3,Niche / Emerging Titles,4.61512051684126
3131680,Stardust Skate,1.89,1.89,0,Very Positive,299.0,"21 Mar, 2025",VchiBan,Sports,"Skateboarding, Runner, Arcade, Anime, 1990's",Windows,2026-09-01T16:37:18.952401,2,Free-to-Play Powerhouses (2),5.703782474656201
757040,Desert Golfing,1.29,1.29,0,Very Positive,101.0,"18 Dec, 2017",Captain Games,Sports,"Sports, Indie, Golf, Minimalist","Windows, Mac",2026-09-01T16:37:20.835727,2,Free-to-Play Powerhouses (2),4.624972813284271
4144510,Freefall '95,2.39,2.39,0,Very Positive,102.0,"1 Jun, 2026",S-Bend Games,Sports,"Sports, Arcade, Score Attack, Fast-Paced, Physics","Windows, Mac",2026-09-01T16:37:22.135713,2,Free-to-Play Powerhouses (2),4.634728988229636
1103310,Sea Bubble,2.99,2.99,0,Very Positive,57.0,"27 Sep, 2019",KST Studio,Sports,"Indie, Casual, Sports, Arcade, Local Multiplayer",Windows,2026-09-01T16:37:26.018623,2,Free-to-Play Powerhouses (2),4.060443010546419
2824780,TORSO TENNIS,2.24,2.24,0,Very Positive,63.0,"24 Sep, 2025",Michael Mato,Sports,"Roguelike, Indie, Action, Action Roguelike, Comedy",Windows,2026-09-01T16:37:29.077035,2,Free-to-Play Powerhouses (2),4.1588830833596715
2536600,Dusty Derby,5.49,5.49,0,Very Positive,66.0,"21 Oct, 2024",Geniesoft Inc.,Sports,"Early Access, Party Game, Multiplayer, Massively Multiplayer, Sports",Windows,2026-09-01T16:37:30.937284,3,Niche / Emerging Titles,4.204692619390966
1794300,BLUE WISH DESIRE,4.66,4.66,0,Very Positive,68.0,"17 Nov, 2021",xxGameRoom,Sports,"Action, Bullet Hell, Shooter, 2D, Mechs",Windows,2026-09-01T16:37:32.901682,3,Niche / Emerging Titles,4.23410650459726
4164140,Break Shoot,3.29,3.29,0,Very Positive,94.0,"26 Apr, 2026",UPTRAND,Sports,"Gambling, Physics, Roguelike, Casual, Roguelite",Windows,2026-09-01T16:37:34.585477,2,Free-to-Play Powerhouses (2),4.553876891600541
2453660,Hoop Land,6.99,6.99,0,Overwhelmingly Positive,687.0,"21 Oct, 2025",Koality Game,Sports,"Sports, Simulation, Basketball, 2D, Retro","Windows, Mac",2026-09-01T16:37:36.685390,3,Niche / Emerging Titles,6.5337888379333435
2367820,despelote,6.99,6.99,0,Overwhelmingly Positive,997.0,"1 May, 2025",Julián Cordero,Sports,"Adventure, Football (Soccer), Emotional, Sandbox, Story Rich","Windows, Mac",2026-09-01T16:37:38.002239,1,Popular Mid-Range,6.905753276311464
923260,Golf Peaks,2.99,2.99,0,Overwhelmingly Positive,1067.0,"13 Nov, 2018",Afterburn,Sports,"Card Game, Strategy, Casual, Sports, Isometric","Windows, Mac",2026-09-01T16:37:40.252061,0,Free-to-Play Powerhouses,6.97354301952014
1506510,The Ramp,3.49,3.49,0,Overwhelmingly Positive,1105.0,"3 Aug, 2021",Paul Schnepf,Sports,"Skateboarding, Sports, Skating, Relaxing, Minimalist",Windows,2026-09-01T16:37:41.968698,0,Free-to-Play Powerhouses,7.00850518208228
2151290,Football Coach: College Dynasty,8.19,8.19,0,Overwhelmingly Positive,1481.0,"16 Jan, 2025",SidelineSim Studios,Sports,"Simulation, Sports, Management, Football (American), Realistic","Windows, Mac",2026-09-01T16:37:43.985224,1,Popular Mid-Range,7.301147805856032
3697340,Bouncemasters,0.0,0.0,0,Very Positive,620.0,"29 Sep, 2025",Playgendary,Sports,"Casual, Flight, Score Attack, Arcade, Relaxing",Windows,2026-09-01T16:37:45.268532,2,Free-to-Play Powerhouses (2),6.431331081933479
261180,Lethal League,13.99,13.99,0,Overwhelmingly Positive,2387.0,"27 Aug, 2014",Team Reptile,Sports,"Fighting, Local Multiplayer, Indie, 2D Fighter, Multiplayer","Windows, Mac, Linux",2026-09-01T16:37:46.718506,5,Premium Blockbusters,7.778211474512493
1648390,ScooterFlow,10.99,10.99,0,Very Positive,1461.0,"30 Apr, 2026",UncannyKiwi Limited,Sports,"Simulation, Sports, Indie, Multiplayer, Controller",Windows,2026-09-01T16:37:48.201806,1,Popular Mid-Range,7.2875606403097235
494150,The Thrill of the Fight - VR Boxing,5.49,5.49,0,Overwhelmingly Positive,3097.0,"24 Oct, 2019",Halfbrick Studios Pty Ltd,Sports,"VR, Sports, Action, Boxing, 3D Fighter",Windows,2026-09-01T16:37:49.622566,1,Popular Mid-Range,8.038512020976814
1147860,UFO 50,8.19,8.19,0,Overwhelmingly Positive,6531.0,"18 Sep, 2024",Mossmouth,Sports,"Indie, Pixel Graphics, Retro, Action, 2D",Windows,2026-09-01T16:37:53.001991,1,Popular Mid-Range,8.784468454090355
620980,Beat Saber,19.99,19.99,0,Overwhelmingly Positive,40274.09999999998,"21 May, 2019",Beat Games,Sports,"VR, Rhythm, Music, Moddable, Fast-Paced",Windows,2026-09-01T16:38:01.334854,5,Premium Blockbusters,10.603488690971949
2943150,SNØ: Ultimate Freeriding,6.19,6.19,0,Overwhelmingly Positive,911.0,"17 Feb, 2025",Studio Gauntlet,Sports,"Skiing, Procedural Generation, Minimalist, Stylized, Singleplayer","Windows, Mac",2026-09-01T16:38:04.334802,3,Niche / Emerging Titles,6.815639990074331
760640,Tennis Elbow 4,12.49,12.49,0,Overwhelmingly Positive,1060.0,"23 Jan, 2026",Mana Games,Sports,"Sports, Simulation, Indie, Tennis, Realistic","Windows, Mac",2026-09-01T16:38:06.218289,1,Popular Mid-Range,6.966967138613983
1268960,pureya,0.99,0.99,0,Very Positive,297.0,"26 Mar, 2021",Majorariatto,Sports,"Minigames, Arcade, Casual, 2D, Singleplayer","Windows, Mac, Linux",2026-09-01T16:38:09.151171,2,Free-to-Play Powerhouses (2),5.697093486505405
1263240,Skate Story,8.99,8.99,0,Overwhelmingly Positive,2044.0,"8 Dec, 2025",by Sam Eng,Sports,"Indie, Adventure, Action, Sports, Skateboarding","Windows, Mac",2026-09-01T16:38:11.484745,1,Popular Mid-Range,7.623153068476902
2343240,Wretched Depths,0.0,0.0,0,Overwhelmingly Positive,567.0,"26 Apr, 2023",Wretched Devs LLC,Sports,"Horror, Fishing, Action-Adventure, Story Rich, Retro",Windows,2026-09-01T16:38:14.901401,2,Free-to-Play Powerhouses (2),6.342121418721152
1157700,Pro Wrestling Sim,10.99,10.99,0,Overwhelmingly Positive,660.0,"29 Mar, 2021",Pro Wrestling Sim,Sports,"Simulation, Wrestling, Strategy, Sports, Text-Based","Windows, Mac, Linux",2026-09-01T16:38:16.451555,1,Popular Mid-Range,6.493753839851686
635940,Little Busters! English Edition,4.79,4.79,0,Overwhelmingly Positive,1089.0,"1 Nov, 2017",VisualArts/Key,Sports,"Visual Novel, Anime, Adventure, Simulation, Casual",Windows,2026-09-01T16:38:18.801472,3,Niche / Emerging Titles,6.993932975223189
1864950,Beastieball,4.23,4.23,0,Overwhelmingly Positive,1473.0,"12 Nov, 2024",Wishes Ultd.,Sports,"Early Access, Creature Collector, Sports, Turn-Based Tactics, Exploration","Windows, Mac",2026-09-01T16:38:21.001116,0,Free-to-Play Powerhouses,7.295735072749282
3218630,Super Woden: Rally Edge,6.49,6.49,0,Overwhelmingly Positive,1533.0,"15 Jan, 2026",ViJuDa,Racing,"Racing, Sports, Driving, PvP, Arcade",Windows,2026-09-01T16:39:38.699691,1,Popular Mid-Range,7.335633981927201
2737300,Parking Garage Rally Circuit,5.49,5.49,0,Overwhelmingly Positive,1592.0,"20 Sep, 2024",Walaber Entertainment LLC,Racing,"Racing, Arcade, Retro, Driving, 1990's","Windows, Mac, Linux",2026-09-01T16:39:40.856718,1,Popular Mid-Range,7.373374309910049
1920430,FUMES,4.54,4.54,0,Overwhelmingly Positive,1903.0,"28 Jul, 2025",FUMES team,Racing,"Vehicular Combat, Boomer Shooter, Singleplayer, Co-op, Post-apocalyptic",Windows,2026-09-01T16:39:42.799612,0,Free-to-Play Powerhouses,7.55171221535131
732430,Superflight,1.89,1.89,0,Overwhelmingly Positive,7926.0,"9 Nov, 2017",GrizzlyGames,Racing,"Flight, Indie, Relaxing, Casual, Procedural Generation",Windows,2026-09-01T16:39:44.616430,0,Free-to-Play Powerhouses,8.978029932837156
1239690,Retrowave,1.89,1.89,0,Very Positive,4628.0,"6 May, 2022",RewindApp,Racing,"Racing, 1980s, Indie, Retro, Casual",Windows,2026-09-01T16:39:46.566342,0,Free-to-Play Powerhouses,8.44009614103127
2160360,Aero GPX,8.19,8.19,0,Overwhelmingly Positive,745.0,"6 Aug, 2024",Aaron McDevitt,Racing,"Early Access, Racing, Combat Racing, Futuristic, Stylized",Windows,2026-09-01T16:39:48.649657,3,Niche / Emerging Titles,6.61472560020376
1440670,Zeepkist,8.19,8.19,0,Overwhelmingly Positive,1551.0,"28 Jan, 2021",Steelpan Interactive,Racing,"Racing, Sandbox, Multiplayer, Level Editor, Building",Windows,2026-09-01T16:39:50.483037,1,Popular Mid-Range,7.347299700743164
1682970,Uncrashed : FPV Drone Simulator,7.49,7.49,0,Very Positive,2253.0,"1 Sep, 2021",Luminite,Racing,"Simulation, Flight, Sports, Racing, Physics","Windows, Mac",2026-09-01T16:39:52.182787,1,Popular Mid-Range,7.720461694599722
2367480,Speed Crew,8.19,8.19,0,Very Positive,66.0,"31 Jan, 2024",Wild Fields,Racing,"Simulation, Comedy, Multiplayer, Local Multiplayer, Casual",Windows,2026-09-01T16:39:54.466198,3,Niche / Emerging Titles,4.204692619390966
4179270,Don't Crash,2.99,2.99,0,Very Positive,69.0,"16 Jan, 2026",Override Studio,Racing,"Casual, Action, Racing, Action-Adventure, Beat 'em up","Windows, Mac",2026-09-01T16:39:56.649696,2,Free-to-Play Powerhouses (2),4.248495242049359
3933710,My Car My Life,1.29,1.29,0,Very Positive,162.0,"12 Dec, 2025",Noguiin,Racing,"Racing, Action, Automobile Sim, Simulation, Sports","Windows, Mac, Linux",2026-09-01T16:39:58.154507,2,Free-to-Play Powerhouses (2),5.093750200806762
2685380,CHAIRS,2.99,2.99,0,Very Positive,205.0,"17 May, 2024",The Rat Zone,Racing,"3D Platformer, Collectathon, Racing, Platformer, Arcade",Windows,2026-09-01T16:40:00.299486,2,Free-to-Play Powerhouses (2),5.327876168789581
3147900,Meddl Dash,0.9,0.9,0,Very Positive,217.0,"9 Sep, 2024",Rainer Zufall,Racing,"Adventure, Action, Racing, Simulation, Sports",Windows,2026-09-01T16:40:02.032449,2,Free-to-Play Powerhouses (2),5.384495062789089
1290220,Elasto Mania Remastered,5.03,5.03,0,Very Positive,261.0,"25 May, 2020",Elasto Mania Team,Racing,"Indie, Casual, Simulation, Sports, Racing",Windows,2026-09-01T16:40:04.122462,3,Niche / Emerging Titles,5.568344503761097
1592360,Kitten Burst,8.49,8.49,0,Very Positive,383.0,"20 Jan, 2024",Jam2go,Racing,"Racing, Flight, Cats, Action-Adventure, Exploration",Windows,2026-09-01T16:40:06.338757,3,Niche / Emerging Titles,5.950642552587727
942200,Rocket Boots Mania,6.99,6.99,0,Very Positive,229.0,"23 Jan, 2025",Luma Play,Racing,"Parkour, Racing, Platformer, Level Editor, Fast-Paced",Windows,2026-09-01T16:40:08.232722,3,Niche / Emerging Titles,5.438079308923196
2779440,Hotdog Runner,1.29,1.29,0,Very Positive,245.0,"6 Mar, 2024",Aidor Games,Racing,"Casual, Runner, Arcade, 3D, Comedy",Windows,2026-09-01T16:40:10.549284,2,Free-to-Play Powerhouses (2),5.5053315359323625
1123310,Super Lobster Run,0.9,0.9,0,Very Positive,53.0,"30 Apr, 2020",Volens Games,Racing,"Action, Adventure, Simulation, Racing, Casual",Windows,2026-09-01T16:40:12.649173,2,Free-to-Play Powerhouses (2),3.9889840465642745
3412560,Retro Endurance 8bit,2.49,2.49,0,Very Positive,58.0,"22 Jan, 2025",zsKnight,Racing,"Retro, Action, Casual, Arcade, 2D Platformer",Windows,2026-09-01T16:40:13.982522,2,Free-to-Play Powerhouses (2),4.07753744390572
1877000,Retro Kart Rush,1.89,1.89,0,Very Positive,59.0,"10 Mar, 2022",kurigamedev,Racing,"Racing, Arcade, Split Screen, Sports, Funny","Windows, Linux",2026-09-01T16:40:15.565492,2,Free-to-Play Powerhouses (2),4.0943445622221
2948330,Bauhaus Bonk,4.49,4.49,0,Very Positive,73.0,"6 Feb, 2025",Spoonful Games,Racing,"Precision Platformer, Puzzle Platformer, Singleplayer, Racing, LGBTQ+","Windows, Mac",2026-09-01T16:40:17.482733,3,Niche / Emerging Titles,4.30406509320417
2454350,REDLINE CROOKS,6.19,6.19,0,Very Positive,73.0,"6 Nov, 2024",Alexander Golke,Racing,"Action Roguelike, Combat Racing, Roguelite, Racing, Beat 'em up","Windows, Linux",2026-09-01T16:40:19.482028,3,Niche / Emerging Titles,4.30406509320417
862130,Rainy Day Racer,2.49,2.49,0,Very Positive,74.0,"13 Jul, 2018",illegaldogs,Racing,"Racing, Indie, Arcade, Singleplayer, Retro",Windows,2026-09-01T16:40:21.332326,2,Free-to-Play Powerhouses (2),4.31748811353631
1261300,Racingmaybe,5.49,5.49,0,Very Positive,77.0,"10 Jan, 2022",Jhoffis,Racing,"Racing, Strategy, Multiplayer, Indie, Turn-Based Strategy",Windows,2026-09-01T16:40:23.298861,3,Niche / Emerging Titles,4.356708826689592
2560050,The Local,0.0,0.0,0,Overwhelmingly Positive,514.0,"26 Feb, 2025",Tobey Gronow,Racing,"Parkour, Fast-Paced, FPS, Open World, Racing",Windows,2026-09-01T16:40:25.356195,2,Free-to-Play Powerhouses (2),6.244166900663736
2280350,Turbo Dismount® 2,8.19,8.19,0,Overwhelmingly Positive,743.0,"13 Mar, 2026",Secret Exit Ltd.,Racing,"Action, Racing, Simulation, Funny, Destruction",Windows,2026-09-01T16:40:27.416580,3,Niche / Emerging Titles,6.612041034833092
1889810,Bobo Bay,12.49,12.49,0,Overwhelmingly Positive,769.0,"29 Apr, 2026",NewFutureKids,Racing,"Creature Collector, Cute, Relaxing, Management, Sandbox",Windows,2026-09-01T16:40:29.388659,1,Popular Mid-Range,6.646390514847729
248330,Dino Run DX,3.24,3.24,0,Overwhelmingly Positive,1122.0,"29 Sep, 2015",Pixeljam,Racing,"Dinosaurs, Pixel Graphics, Indie, Arcade, Action","Windows, Mac",2026-09-01T16:40:30.565585,0,Free-to-Play Powerhouses,7.023758954738443
457210,SEUM: Speedrunners from Hell,6.99,6.99,0,Overwhelmingly Positive,1154.0,"28 Jul, 2016",Pine Studio,Racing,"3D Platformer, Parkour, Precision Platformer, First-Person, Platformer","Windows, Mac, Linux",2026-09-01T16:40:32.610668,1,Popular Mid-Range,7.051855622955894
473770,BallisticNG,6.99,6.99,0,Overwhelmingly Positive,1975.0,"14 Dec, 2018",Neognosis,Racing,"Combat Racing, Futuristic, Flight, Fast-Paced, Racing","Windows, Mac, Linux",2026-09-01T16:40:34.649221,1,Popular Mid-Range,7.588829878307813
1175140,Vecter,0.0,0.0,0,Very Positive,1814.0,"14 Oct, 2020",Taranasus,Racing,"Free to Play, Runner, Combat Racing, Racing, Driving","Windows, Mac, Linux",2026-09-01T16:40:35.582150,0,Free-to-Play Powerhouses,7.503840746698951
1130410,Cyber Hook,5.23,5.23,0,Overwhelmingly Positive,1926.0,"24 Sep, 2020",Blazing Stick,Racing,"3D Platformer, Indie, Parkour, Fast-Paced, Action",Windows,2026-09-01T16:40:37.548727,1,Popular Mid-Range,7.563719668414366
2486740,Sledders,6.81,6.81,0,Very Positive,2933.0,"20 Mar, 2025",Hanki Games,Racing,"Motocross, Simulation, Motorbike, Snow, Offroad",Windows,2026-09-01T16:40:39.467659,1,Popular Mid-Range,7.984121958702927
12900,AudioSurf,5.49,5.49,0,Overwhelmingly Positive,6163.0,"15 Feb, 2008",Dylan Fitterer,Racing,"Music, Rhythm, Indie, Casual, Music-Based Procedural Generation",Windows,2026-09-01T16:40:41.371590,1,Popular Mid-Range,8.726481196440007
3293010,Easy Delivery Co.,4.19,4.19,0,Very Positive,5611.0,"18 Sep, 2025",Sam C,Racing,"Relaxing, Driving, Singleplayer, Open World, Cute",Windows,2026-09-01T16:40:43.274482,0,Free-to-Play Powerhouses,8.632662441222351
410340,Liftoff®: FPV Drone Racing,8.19,8.19,0,Overwhelmingly Positive,6998.0,"13 Sep, 2018",LuGus Studios,Racing,"Simulation, Flight, Racing, Realistic, First-Person","Windows, Mac, Linux",2026-09-01T16:40:44.798748,1,Popular Mid-Range,8.85352256068954
2990,FlatOut 2,3.24,3.24,0,Very Positive,4460.0,"13 Dec, 2011",Bugbear Entertainment,Racing,"Racing, Combat Racing, Multiplayer, Destruction, Automobile Sim",Windows,2026-09-01T16:40:46.981817,0,Free-to-Play Powerhouses,8.403128235128264
681280,Descenders,8.49,8.49,0,Overwhelmingly Positive,11352.0,"7 May, 2019",RageSquid,Racing,"Sports, Racing, Cycling, Action, Bikes","Windows, Mac, Linux",2026-09-01T16:40:48.859467,1,Popular Mid-Range,9.337237305164534
1190000,Car Mechanic Simulator 2021,8.49,8.49,0,Overwhelmingly Positive,16976.0,"11 Aug, 2021",Red Dot Games,Racing,"Simulation, Automobile Sim, Realistic, Sandbox, Moddable",Windows,2026-09-01T16:40:51.142822,1,Popular Mid-Range,9.739614765810634
552100,Brick Rigs,7.69,7.69,0,Overwhelmingly Positive,28064.0,"14 Jul, 2023",Fluppisoft GmbH,Racing,"Sandbox, Destruction, Building, Multiplayer, Open World","Windows, Linux",2026-09-01T16:40:53.048586,1,Popular Mid-Range,10.2422785273763
635260,CarX Drift Racing Online,2.79,2.79,0,Overwhelmingly Positive,40195.0,"17 Nov, 2017","CarX Technologies, LLC",Racing,"Simulation, Multiplayer, Racing, Moddable, Sandbox",Windows,2026-09-01T16:40:54.948426,0,Free-to-Play Powerhouses,10.601522767168849
1037190,Shipped,1.57,1.57,0,Overwhelmingly Positive,584.0,"28 Mar, 2019",Majorariatto,Racing,"Local Multiplayer, 4 Player Local, Multiplayer, Naval Combat, Naval","Windows, Mac, Linux",2026-09-01T16:40:56.117001,2,Free-to-Play Powerhouses (2),6.371611847231857
2472840,Ducks Can Drive,0.0,0.0,0,Overwhelmingly Positive,826.0,"4 Jul, 2023",Joseph Cook,Racing,"Racing, Exploration, Driving, PvP, Arcade","Windows, Mac, Linux",2026-09-01T16:40:57.831166,0,Free-to-Play Powerhouses,6.717804695023691
1740930,JellyCar Worlds,4.49,4.49,0,Overwhelmingly Positive,1001.0,"8 Dec, 2022",Walaber Entertainment LLC,Racing,"2D Platformer, Racing, Precision Platformer, Puzzle Platformer, Physics",Windows,2026-09-01T16:40:59.666045,3,Niche / Emerging Titles,6.90975328164481
264080,Vangers,6.99,6.99,0,Overwhelmingly Positive,1163.0,"24 Apr, 2014",K-D Lab,Racing,"Racing, Adventure, Psychedelic, Action, Atmospheric","Windows, Mac, Linux",2026-09-01T16:41:01.381056,1,Popular Mid-Range,7.059617628291383
2930160,Nightmare Kart,0.0,0.0,0,Overwhelmingly Positive,4431.0,"5 Jun, 2024",LWMedia,Racing,"Racing, Vehicular Combat, Gothic, Arcade, Souls-like",Windows,2026-09-01T16:41:02.898025,0,Free-to-Play Powerhouses,8.39660622842712
1520370,Mon Bazou,7.29,7.29,0,Overwhelmingly Positive,10888.0,"18 Dec, 2025",Santa Goat,Racing,"Automobile Sim, Driving, Sandbox, Life Sim, Racing",Windows,2026-09-01T16:41:05.034891,1,Popular Mid-Range,9.29550838434606
284160,BeamNG.drive,8.49,8.49,0,Overwhelmingly Positive,40274.09999999998,"29 May, 2015",BeamNG,Racing,"Simulation, Driving, Physics, Realistic, Destruction",Windows,2026-09-01T16:41:07.047848,1,Popular Mid-Range,10.603488690971949
2147950,4D Golf,8.19,8.19,0,Overwhelmingly Positive,773.0,"22 Mar, 2024",CodeParade,Racing,"Casual, Mini Golf, Abstract, Puzzle, First-Person","Windows, Mac, Linux",2026-09-01T16:41:09.035693,3,Niche / Emerging Titles,6.651571873589727
2524850,Denshattack!,7.99,7.99,0,Overwhelmingly Positive,1902.0,"15 Jul, 2026",Undercoders,Racing,"Arcade, Trains, Fast-Paced, 3D Platformer, Colorful",Windows,2026-09-01T16:41:11.197753,1,Popular Mid-Range,7.551186867296149
2059670,Moss II VR,4.09,4.09,0,Overwhelmingly Positive,721.0,"20 Oct, 2022",Polyarc,Action,"Exploration, Puzzle Platformer, Puzzle, Platformer, VR",Windows,2026-09-01T16:42:28.382466,3,Niche / Emerging Titles,6.582025138892826
3247500,"Shooters, Ready!",2.99,2.99,0,Overwhelmingly Positive,803.0,"27 Mar, 2025",おこめたべたべず,Action,"FPS, Cute, Arcade, Shooter, Score Attack",Windows,2026-09-01T16:42:29.765814,0,Free-to-Play Powerhouses,6.6895992691789665
303590,Hidden in Plain Sight,3.49,3.49,0,Overwhelmingly Positive,920.0,"16 Jul, 2014",Adam Spragg,Action,"Local Multiplayer, 4 Player Local, Local Co-Op, Party Game, Casual","Windows, Mac, Linux",2026-09-01T16:42:31.813943,0,Free-to-Play Powerhouses,6.825460036255307
790060,The Void Rains Upon Her Heart,6.49,6.49,0,Overwhelmingly Positive,1644.0,"14 Feb, 2018",Veyeral Games,Action,"Bullet Hell, Action Roguelike, Indie, Shoot 'Em Up, Action",Windows,2026-09-01T16:42:33.679255,1,Popular Mid-Range,7.405495663199472
3599690,Funi Raccoon Game,6.19,6.19,0,Overwhelmingly Positive,1657.0,"13 Mar, 2026",Crayon,Action,"Adventure, Casual, 3D Platformer, Platformer, Collectathon","Windows, Mac, Linux",2026-09-01T16:42:36.014129,1,Popular Mid-Range,7.4133673356952405
1717770,The Upturned,5.49,5.49,0,Overwhelmingly Positive,2167.0,"23 Mar, 2022",Zeekerss,Action,"Comedy, Physics, Survival Horror, 3D Platformer, Cartoony",Windows,2026-09-01T16:42:37.230871,1,Popular Mid-Range,7.681560362559537
2721890,Öoo,5.49,5.49,0,Overwhelmingly Positive,2137.0,"7 Aug, 2025",NamaTakahashi,Action,"Puzzle Platformer, Metroidvania, 2D Platformer, Puzzle, Exploration",Windows,2026-09-01T16:42:39.379162,1,Popular Mid-Range,7.6676260915849905
2291760,Papa's Freezeria Deluxe,3.49,3.49,0,Overwhelmingly Positive,9426.0,"31 Mar, 2023",Flipline Studios,Action,"Cooking, Time Management, Simulation, Casual, Job Simulator",Windows,2026-09-01T16:42:40.766701,0,Free-to-Play Powerhouses,9.15133319139615
1040200,Crime Scene Cleaner,9.48,9.48,0,Overwhelmingly Positive,15473.0,"14 Aug, 2024",President Studio,Action,"Simulation, Crime, Singleplayer, Relaxing, First-Person",Windows,2026-09-01T16:42:42.612495,1,Popular Mid-Range,9.6469164751094
2420510,HoloCure - Save the Fans!,0.0,0.0,0,Overwhelmingly Positive,26520.0,"17 Aug, 2023",KayAnimate,Action,"Pixel Graphics, Bullet Heaven, Anime, Action Roguelike, Bullet Hell",Windows,2026-09-01T16:42:46.262422,0,Free-to-Play Powerhouses,10.185692150979541
1089980,The Henry Stickmin Collection,2.79,2.79,0,Overwhelmingly Positive,40274.09999999998,"7 Aug, 2020",PuffballsUnited,Action,"Funny, Multiple Endings, Choose Your Own Adventure, Memes, Comedy","Windows, Mac",2026-09-01T16:42:47.997144,0,Free-to-Play Powerhouses,10.603488690971949
2231450,Pizza Tower,8.19,8.19,0,Overwhelmingly Positive,40274.09999999998,"26 Jan, 2023",Tour De Pizza,Action,"Great Soundtrack, 2D Platformer, Fast-Paced, Indie, Cartoony",Windows,2026-09-01T16:42:49.330044,1,Popular Mid-Range,10.603488690971949
546560,Half-Life: Alyx,19.99,19.99,0,Overwhelmingly Positive,40274.09999999998,"23 Mar, 2020",Valve,Action,"VR, FPS, Story Rich, Horror, Female Protagonist",Windows,2026-09-01T16:42:51.399121,5,Premium Blockbusters,10.603488690971949
433340,Slime Rancher,8.99,8.99,0,Overwhelmingly Positive,40274.09999999998,"1 Aug, 2017",Monomi Park,Action,"Cute, Exploration, Adventure, Singleplayer, Open World","Windows, Mac, Linux",2026-09-01T16:42:53.280418,1,Popular Mid-Range,10.603488690971949
400,Portal,5.49,5.49,0,Overwhelmingly Positive,40274.09999999998,"10 Oct, 2007",Valve,Action,"Puzzle, Puzzle Platformer, First-Person, 3D Platformer, Singleplayer","Windows, Linux",2026-09-01T16:42:55.194882,1,Popular Mid-Range,10.603488690971949
1118200,People Playground,5.49,5.49,0,Overwhelmingly Positive,40274.09999999998,"23 Jul, 2019",mestiez,Action,"Sandbox, Gore, Physics, Violent, Moddable",Windows,2026-09-01T16:43:01.167730,1,Popular Mid-Range,10.603488690971949
620,Portal 2,5.49,5.49,0,Overwhelmingly Positive,40274.09999999998,"19 Apr, 2011",Valve,Action,"Singleplayer, Platformer, Puzzle, First-Person, Dark Humor","Windows, Linux",2026-09-01T16:43:03.328747,1,Popular Mid-Range,10.603488690971949
3390880,CAPTURED 2,4.99,4.99,0,Overwhelmingly Positive,547.0,"22 Apr, 2026",Puck Redflix,Action,"Horror, Psychological Horror, Exploration, Adventure, Story Rich",Windows,2026-09-01T16:43:05.662543,3,Niche / Emerging Titles,6.306275286948016
2912430,Platypus Reclayed,6.99,6.99,0,Overwhelmingly Positive,634.0,"18 Sep, 2025",Claymatic Games,Action,"Shooter, Co-op, Moddable, Stylized, Shoot 'Em Up","Windows, Mac",2026-09-01T16:43:07.662037,3,Niche / Emerging Titles,6.453624998892692
3030210,Slash/Jump,0.0,0.0,0,Overwhelmingly Positive,648.0,"23 Aug, 2024",Starts With Cinder,Action,"Precision Platformer, Medieval, 2D Platformer, Pixel Graphics, Adventure",Windows,2026-09-01T16:43:09.613097,0,Free-to-Play Powerhouses,6.47543271670409
2393760,Tall Trails,3.56,3.56,0,Overwhelmingly Positive,677.0,"4 Aug, 2025",Brady Soglin,Action,"Cute, Exploration, Relaxing, Casual, Adventure",Windows,2026-09-01T16:43:11.479351,2,Free-to-Play Powerhouses (2),6.519147287940395
2795000,The WereCleaner,0.0,0.0,0,Overwhelmingly Positive,8409.0,"7 May, 2024",Howlin' Hugs,Action,"Stealth, Casual, Cartoony, Dark Humor, Cute",Windows,2026-09-01T16:43:13.595237,0,Free-to-Play Powerhouses,9.037176752966994
1794680,Vampire Survivors,2.24,2.24,0,Overwhelmingly Positive,40274.09999999998,"20 Oct, 2022",poncle,RPG,"Action Roguelike, Bullet Hell, Roguelite, Vampires, Pixel Graphics","Windows, Mac",2026-09-01T16:44:07.645036,0,Free-to-Play Powerhouses,10.603488690971949
1145360,Hades,8.49,8.49,0,Overwhelmingly Positive,40274.09999999998,"17 Sep, 2020",Supergiant Games,RPG,"Action Roguelike, Roguelite, Hack and Slash, Indie, Mythology","Windows, Mac",2026-09-01T16:44:08.711608,1,Popular Mid-Range,10.603488690971949
413150,Stardew Valley,6.99,6.99,0,Overwhelmingly Positive,40274.09999999998,"26 Feb, 2016",ConcernedApe,RPG,"Farming Sim, Pixel Graphics, Multiplayer, Life Sim, RPG","Windows, Mac, Linux",2026-09-01T16:44:10.144861,1,Popular Mid-Range,10.603488690971949
3739190,Heavy Spoilers RPG: The true identity of the final enemy is the hero's father,0.0,0.0,0,Overwhelmingly Positive,522.0,"6 Jun, 2025",KSBゲームス,RPG,"RPG, JRPG, Pixel Graphics, 2D Platformer, 2D",Windows,2026-09-01T16:44:12.278018,2,Free-to-Play Powerhouses (2),6.259581464064923
4261980,女神的贴身男仆,3.99,3.99,0,Overwhelmingly Positive,660.0,"7 Feb, 2026",MYSTERY CROWN,RPG,"RPG, Immersive Sim, Interactive Fiction, Visual Novel, Casual","Windows, Mac",2026-09-01T16:44:13.794749,3,Niche / Emerging Titles,6.493753839851686
4169820,Our Brief Eternity,3.29,3.29,0,Overwhelmingly Positive,725.0,"17 Jul, 2026",土豆花制作组,RPG,"Adventure, Simulation, RPG, Interactive Fiction, Dating Sim","Windows, Mac, Linux",2026-09-01T16:44:15.744958,0,Free-to-Play Powerhouses,6.587550014824796
3579050,Strawberry Chocolate,0.0,0.0,0,Overwhelmingly Positive,929.0,"29 May, 2025",河豚生态救助小组,RPG,"Pixel Graphics, Anime, Cute, 2D, LGBTQ+","Windows, Mac",2026-09-01T16:44:17.978151,0,Free-to-Play Powerhouses,6.835184586147301
2299900,Felvidek,5.89,5.89,0,Overwhelmingly Positive,3650.0,"29 Mar, 2024",Jozef Pavelka,RPG,"RPG, Medieval, Dark Fantasy, Pixel Graphics, JRPG",Windows,2026-09-01T16:44:20.211069,1,Popular Mid-Range,8.202756381655638
2693730,Dawnsbury Days,2.99,2.99,0,Overwhelmingly Positive,911.0,"8 Mar, 2024",Dawnsbury Studios,RPG,"RPG, Turn-Based Tactics, CRPG, Strategy, Tactical RPG",Windows,2026-09-01T16:44:22.016257,0,Free-to-Play Powerhouses,6.815639990074331
1668520,The Legend of Heroes: Trails to Azure,20.69299999999982,20.69299999999982,0,Overwhelmingly Positive,985.0,"14 Mar, 2023",Nihon Falcom,RPG,"RPG, JRPG, Story Rich, Turn-Based Combat, Anime",Windows,2026-09-01T16:44:24.384602,5,Premium Blockbusters,6.893656354602635
3947480,Soul Touch,5.49,5.49,0,Overwhelmingly Positive,1033.0,"5 Dec, 2025",URAYAHA.TECH,RPG,"Choose Your Own Adventure, Immersive Sim, Interactive Fiction, Strategy, Life Sim",Windows,2026-09-01T16:44:25.900126,3,Niche / Emerging Titles,6.9411900550683745
1216080,坦率的小红帽和爱说谎的狼,0.0,0.0,0,Overwhelmingly Positive,1134.0,"14 Jan, 2020",USAGI STORE,RPG,"Free to Play, Casual, RPG, Funny, Visual Novel",Windows,2026-09-01T16:44:27.928029,0,Free-to-Play Powerhouses,7.034387929915503
1198320,DOTOKOI / 像素男友,0.0,0.0,0,Overwhelmingly Positive,1171.0,"24 Dec, 2019",HIROKO IMAKI,RPG,"Casual, RPG, Indie, Female Protagonist, Pixel Graphics",Windows,2026-09-01T16:44:29.844531,0,Free-to-Play Powerhouses,7.066466970136958
1903370,daydream 白日夢,0.0,0.0,0,Overwhelmingly Positive,1196.0,"2 Mar, 2022",Alright Peaches Studio,RPG,"Casual, RPG, Visual Novel, Word Game, Sexual Content",Windows,2026-09-01T16:44:31.889345,0,Free-to-Play Powerhouses,7.087573705557973
1708150,Juice Galaxy,2.99,2.99,0,Overwhelmingly Positive,1226.0,"22 Nov, 2023",Fishlicka,RPG,"Early Access, Psychedelic, Physics, Souls-like, Action RPG","Windows, Mac, Linux",2026-09-01T16:44:34.095418,0,Free-to-Play Powerhouses,7.112327444710911
1500740,Snail Simulator,2.09,2.09,0,Overwhelmingly Positive,1268.0,"21 Nov, 2023",Mr. Snail Dev,RPG,"Exploration, Psychological Horror, Cute, Walking Simulator, Massively Multiplayer","Windows, Mac",2026-09-01T16:44:36.247961,0,Free-to-Play Powerhouses,7.1459844677143876
2429050,Fretless - The Wrath of Riffson,3.19,3.19,0,Overwhelmingly Positive,1391.0,"17 Jul, 2025",Ritual Studios,RPG,"Cute, Indie, Music, Rhythm, Fantasy",Windows,2026-09-01T16:44:38.460988,0,Free-to-Play Powerhouses,7.238496840894365
1368860,像素女友,0.0,0.0,0,Overwhelmingly Positive,1398.0,"20 Aug, 2020",HIROKO IMAKI,RPG,"RPG, Indie, Casual, Simulation, Adventure",Windows,2026-09-01T16:44:40.427704,0,Free-to-Play Powerhouses,7.243512974665482
2124380,Super Lesbian Animal RPG,6.99,6.99,0,Overwhelmingly Positive,1486.0,"20 Dec, 2022",ponett,RPG,"LGBTQ+, Party-Based RPG, Fantasy, Female Protagonist, Pixel Graphics",Windows,2026-09-01T16:44:42.144425,1,Popular Mid-Range,7.304515946460155
2701720,Wagotabi: A Japanese Journey,5.49,5.49,0,Overwhelmingly Positive,1524.0,"13 Aug, 2025",Wagotabi Limited,RPG,"Language Learning, Education, Typing, Exploration, Anime","Windows, Mac, Linux",2026-09-01T16:44:43.927599,1,Popular Mid-Range,7.329749689041512
2302540,花火与幽灵少女 - Hanabi and Ghost girl,0.0,0.0,0,Overwhelmingly Positive,1599.0,"22 Feb, 2025",Tiram1su Games,RPG,"Adventure, Puzzle, JRPG, Mystery, Female Protagonist",Windows,2026-09-01T16:44:45.943868,0,Free-to-Play Powerhouses,7.3777589082278725
2434340,BLACK BOX LSS - The Shining Immortal,0.0,0.0,0,Overwhelmingly Positive,1946.0,"20 Oct, 2023",Fif,RPG,"Visual Novel, RPG, Dating Sim, Pixel Graphics, Anime","Windows, Mac",2026-09-01T16:44:47.281850,0,Free-to-Play Powerhouses,7.5740450053721995
3569430,Catgirl,0.0,0.0,0,Overwhelmingly Positive,1989.0,"23 May, 2025",City Girl,RPG,"RPG, Funny, Pixel Graphics, Story Rich, Adventure","Windows, Mac",2026-09-01T16:44:49.444421,0,Free-to-Play Powerhouses,7.595889917718538
1574270,Sucker for Love: First Date,5.49,5.49,0,Overwhelmingly Positive,2132.0,"20 Jan, 2022",Akabaka,RPG,"Anime, Romance, Story Rich, Lovecraftian, Horror",Windows,2026-09-01T16:44:51.502819,1,Popular Mid-Range,7.665284718471351
265610,Epic Battle Fantasy 4,6.99,6.99,0,Overwhelmingly Positive,1866.0,"25 Feb, 2014",Matt Roszak,RPG,"JRPG, Turn-Based, Indie, Funny, Adventure",Windows,2026-09-01T16:44:53.694602,1,Popular Mid-Range,7.532088143541722
2128270,Path of Achra,3.49,3.49,0,Overwhelmingly Positive,2862.0,"7 May, 2024",Ulfsire,RPG,"Roguelike, Character Customization, Turn-Based Combat, RPG, Dungeon Crawler",Windows,2026-09-01T16:44:55.994584,0,Free-to-Play Powerhouses,7.959625305098115
2612680,Cureocity,0.0,0.0,0,Very Positive,377.0,"21 Mar, 2024",Bread On Board,RPG,"Indie, Cute, Adventure, Puzzle, Hand-drawn",Windows,2026-09-01T16:44:57.844011,2,Free-to-Play Powerhouses (2),5.934894195619588
2159210,Just a To the Moon Series Beach Episode,4.49,4.49,0,Overwhelmingly Positive,1200.0,"20 Sep, 2024",Freebird Games,RPG,"Story Rich, Adventure, Emotional, RPG, Atmospheric","Windows, Mac, Linux",2026-09-01T16:44:59.827266,0,Free-to-Play Powerhouses,7.0909098220799835
3865150,Tiny Shadows Interwoven Hearts,0.0,0.0,0,Overwhelmingly Positive,3759.0,"7 Nov, 2025",土豆花制作组,RPG,"RPG, Adventure, Dating Sim, Interactive Fiction, Cute","Windows, Linux",2026-09-01T16:45:01.877239,0,Free-to-Play Powerhouses,8.23217423638394
1586800,Lil Gator Game,8.19,8.19,0,Overwhelmingly Positive,4010.0,"14 Dec, 2022",MegaWobble,RPG,"Casual, Cozy, Cute, Relaxing, Wholesome",Windows,2026-09-01T16:45:03.296745,1,Popular Mid-Range,8.296795865770052
1507970,Word Game: Episode 0,0.0,0.0,0,Overwhelmingly Positive,4552.0,"14 Jan, 2021",Team9,RPG,"Minimalist, Indie, Pixel Graphics, Puzzle, Free to Play","Windows, Mac",2026-09-01T16:45:05.060645,0,Free-to-Play Powerhouses,8.423541635334782
1901370,Ib,6.49,6.49,0,Overwhelmingly Positive,1567.0,"11 Apr, 2022",kouri,RPG,"Pixel Graphics, Story Rich, Horror, Indie, Psychological Horror",Windows,2026-09-01T16:45:06.510447,1,Popular Mid-Range,7.357556200910353
3084280,Threefold Recital,6.99,6.99,0,Overwhelmingly Positive,5092.0,"14 Jan, 2025",Everscape Games,RPG,"Detective, Mystery, Visual Novel, Lore-Rich, Cartoony",Windows,2026-09-01T16:45:08.727205,1,Popular Mid-Range,8.535622326884605
1067850,Kindergarten 2,6.99,6.99,0,Overwhelmingly Positive,4433.0,"30 Jul, 2019",Con Man Games,RPG,"Gore, Adventure, Pixel Graphics, Funny, Indie","Windows, Mac, Linux",2026-09-01T16:45:10.793808,1,Popular Mid-Range,8.397057390176256
432350,Epic Battle Fantasy 5,8.49,8.49,0,Overwhelmingly Positive,2832.0,"30 Nov, 2018",Matt Roszak,RPG,"JRPG, Funny, Turn-Based, Indie, Adventure",Windows,2026-09-01T16:45:13.011936,1,Popular Mid-Range,7.949091499830517
397740,Hylics,1.89,1.89,0,Overwhelmingly Positive,5854.0,"2 Oct, 2015",Mason Lindroth,RPG,"Surreal, Indie, RPG, Psychedelic, Abstract",Windows,2026-09-01T16:45:14.643814,0,Free-to-Play Powerhouses,8.675051276031818
2905170,Magic Archery,0.0,0.0,0,Overwhelmingly Positive,6276.0,"4 Oct, 2024",Barribob,RPG,"Incremental, Idler, Resource Management, Fantasy, Economy",Windows,2026-09-01T16:45:16.576930,0,Free-to-Play Powerhouses,8.744647438317532
2167960,Buy a Croquette!,0.0,0.0,0,Overwhelmingly Positive,8450.0,"27 Apr, 2024",越青,RPG,"Mystery, Psychological Horror, Puzzle, Sci-fi, Multiple Endings",Windows,2026-09-01T16:45:18.160473,0,Free-to-Play Powerhouses,9.042040056544483
3373660,Look Outside,5.99,5.99,0,Overwhelmingly Positive,9428.0,"21 Mar, 2025",Francis Coulombe,RPG,"RPG, Survival Horror, Pixel Graphics, Horror, Lovecraftian",Windows,2026-09-01T16:45:19.826907,1,Popular Mid-Range,9.151545325465678
1170880,Grimm's Hollow,0.0,0.0,0,Overwhelmingly Positive,7456.0,"30 Oct, 2019",ghosthunter,RPG,"Free to Play, Pixel Graphics, RPG, Indie, Singleplayer",Windows,2026-09-01T16:45:21.248311,0,Free-to-Play Powerhouses,8.916908467543795
1584090,Touhou Mystia's Izakaya,4.79,4.79,0,Overwhelmingly Positive,3573.0,"1 Oct, 2021",二色幽紫蝶,RPG,"Pixel Graphics, Casual, Simulation, RPG, Time Management","Windows, Mac",2026-09-01T16:45:23.210255,1,Popular Mid-Range,8.181440695719374
1144400,Senren＊Banka,11.99,11.99,0,Overwhelmingly Positive,846.0,"14 Feb, 2020",YUZUSOFT,RPG,"Visual Novel, Dating Sim, Third-Person Shooter, First-Person, Anime",Windows,2026-09-01T16:45:24.843563,1,Popular Mid-Range,6.741700694652055
1920960,VPet-Simulator,0.0,0.0,0,Overwhelmingly Positive,3683.0,"14 Aug, 2023",LB Game,RPG,"Free to Play, Cute, Anime, Casual, Sexual Content",Windows,2026-09-01T16:45:26.310215,0,Free-to-Play Powerhouses,8.211754397375197
420530,OneShot,4.99,4.99,0,Overwhelmingly Positive,32556.0,"9 Dec, 2016",Future Cat LLC,RPG,"Story Rich, Pixel Graphics, Indie, Great Soundtrack, Cute","Windows, Mac, Linux",2026-09-01T16:45:27.926970,1,Popular Mid-Range,10.39074767827941
1671210,DELTARUNE,12.49,12.49,0,Overwhelmingly Positive,40274.09999999998,"4 Jun, 2025",tobyfox,RPG,"Story Rich, Great Soundtrack, Pixel Graphics, Funny, RPG","Windows, Mac",2026-09-01T16:45:30.060132,1,Popular Mid-Range,10.603488690971949
2346660,DFHack - Dwarf Fortress Modding Engine,0.0,0.0,0,Overwhelmingly Positive,1140.0,"14 Apr, 2023",The DFHack Team,RPG,"Dwarves, Simulation, Software, Utilities, Moddable","Windows, Linux",2026-09-01T16:45:31.793368,0,Free-to-Play Powerhouses,7.039660349862076
3376990,Kabuto Park,2.99,2.99,0,Overwhelmingly Positive,3094.0,"28 May, 2025",Doot,RPG,"Creature Collector, Casual, Nature, Cozy, Cute","Windows, Mac, Linux",2026-09-01T16:45:33.659923,0,Free-to-Play Powerhouses,8.037543185118697
1698960,Project Kat - Paper Lily Prologue,0.0,0.0,0,Overwhelmingly Positive,3510.0,"15 Oct, 2021",Leef 6010,RPG,"Psychological Horror, Pixel Graphics, Anime, Story Rich, RPG",Windows,2026-09-01T16:45:35.710097,0,Free-to-Play Powerhouses,8.163656176168432
3269960,Shiina Taki's Decameron,0.0,0.0,0,Overwhelmingly Positive,7371.0,"21 Nov, 2024",面影桥花见同好会,RPG,"Anime, Interactive Fiction, Multiple Endings, Free to Play, Singleplayer",Windows,2026-09-01T16:45:37.793374,0,Free-to-Play Powerhouses,8.905444318789714
2220360,Paper Lily - Chapter 1,0.0,0.0,0,Overwhelmingly Positive,4770.0,"26 Jan, 2024",Leef 6010,RPG,"Pixel Graphics, Psychological Horror, Story Rich, Anime, RPG",Windows,2026-09-01T16:45:40.244427,0,Free-to-Play Powerhouses,8.470311205516108
3534790,Mesmalie,5.79,5.79,0,Overwhelmingly Positive,966.0,"9 Jul, 2026",Rain (orbitaldot),Adventure,"Interactive Fiction, Visual Novel, Point & Click, Dark Comedy, 2D","Windows, Linux",2026-09-01T16:47:16.581927,3,Niche / Emerging Titles,6.874198495453294
1422650,Chicken Hill,0.9,0.9,0,Overwhelmingly Positive,1121.0,"16 Jan, 2025",梗立游戏,Adventure,"Hidden Object, Point & Click, Creature Collector, Memes, Collectathon",Windows,2026-09-01T16:47:18.580110,0,Free-to-Play Powerhouses,7.022868086082641
3793580,MAHOUTEQ!,1.29,1.29,0,Overwhelmingly Positive,1294.0,"12 Sep, 2025",motijan,Adventure,"Adventure, Visual Novel, 2D, Turn-Based Tactics, Anime","Windows, Mac, Linux",2026-09-01T16:47:19.758759,0,Free-to-Play Powerhouses,7.166265974133638
2179170,A Tower Full of Cats,3.4,3.4,0,Overwhelmingly Positive,1336.0,"20 May, 2024",Devcats,Adventure,"Cats, Hidden Object, Puzzle, Point & Click, Creature Collector","Windows, Linux",2026-09-01T16:47:21.314054,0,Free-to-Play Powerhouses,7.198183577101943
1696770,The Mermaid Mask,9.89,9.89,0,Overwhelmingly Positive,1893.0,"16 Jul, 2026",SFB Games,Adventure,"Detective, Adventure, Point & Click, Puzzle, Interactive Fiction","Windows, Mac",2026-09-01T16:47:22.842311,1,Popular Mid-Range,7.546446273746024
2070550,A Castle Full of Cats,2.4,2.4,0,Overwhelmingly Positive,2379.0,"9 Nov, 2022",Devcats,Adventure,"Cats, Hidden Object, Wholesome, Point & Click, Cozy","Windows, Linux",2026-09-01T16:47:24.559695,0,Free-to-Play Powerhouses,7.77485576666552
1230140,ATRI -My Dear Moments-,3.44,3.44,0,Overwhelmingly Positive,949.0,"18 Jun, 2020",Frontwing,Adventure,"Visual Novel, Anime, Cute, Story Rich, Romance",Windows,2026-09-01T16:47:26.428909,0,Free-to-Play Powerhouses,6.856461984594587
1567800,星空列车与白的旅行,8.19,8.19,0,Overwhelmingly Positive,5951.0,"14 May, 2021",しらたまこ,Adventure,"Visual Novel, Cute, Adventure, Anime, Singleplayer",Windows,2026-09-01T16:47:28.574180,1,Popular Mid-Range,8.691482576512929
2423320,Homicipher: Demo,0.0,0.0,0,Overwhelmingly Positive,1628.0,"1 Jun, 2023",八名木Games,Adventure,"Female Protagonist, Dialogue Heavy, Text-Based, Otome, Horror","Windows, Mac",2026-09-01T16:47:29.674522,0,Free-to-Play Powerhouses,7.395721608602045
2901140,Stray Cats in Cozy Town,0.0,0.0,0,Overwhelmingly Positive,1761.0,"8 Aug, 2024",Devcats,Adventure,"Cats, Hidden Object, Wholesome, Relaxing, Cozy","Windows, Linux",2026-09-01T16:47:32.124350,0,Free-to-Play Powerhouses,7.474204806496124
2614070,NUKITASHI 2,12.59,12.59,0,Overwhelmingly Positive,2559.0,"16 Feb, 2024",Qruppo,Adventure,"Dark Humor, Visual Novel, Multiple Endings, Cute, Choose Your Own Adventure",Windows,2026-09-01T16:47:33.874492,1,Popular Mid-Range,7.847762537473608
623080,planetarian HD,1.92,1.92,0,Very Positive,437.0,"8 May, 2017",VisualArts/Key,Adventure,"Visual Novel, Anime, Casual, Adventure, Robots",Windows,2026-09-01T16:47:36.041139,2,Free-to-Play Powerhouses (2),6.082218910376446
1644940,Loddlenaut,14.99,14.99,0,Overwhelmingly Positive,2928.0,"16 Nov, 2023",Moon Lagoon,Adventure,"Underwater, Relaxing, Cute, Open World, Colorful","Windows, Mac",2026-09-01T16:47:38.091013,5,Premium Blockbusters,7.982416346827733
1969080,A Building Full of Cats,1.8,1.8,0,Overwhelmingly Positive,2057.0,"7 Jul, 2022",Devcats,Adventure,"Cats, Hidden Object, Incremental, Puzzle, Hand-drawn","Windows, Linux",2026-09-01T16:47:39.574310,0,Free-to-Play Powerhouses,7.629489916393995
2052410,WITCH ON THE HOLY NIGHT,19.99,19.99,0,Overwhelmingly Positive,1389.0,"14 Dec, 2023",TYPE-MOON,Adventure,"Visual Novel, Anime, Magic, Adventure, 2D",Windows,2026-09-01T16:47:40.891117,5,Premium Blockbusters,7.237059026124737
2368470,An Arcade Full of Cats,0.0,0.0,0,Overwhelmingly Positive,3946.0,"16 Nov, 2023",Devcats,Adventure,"Cats, Hidden Object, Relaxing, Puzzle, Wholesome","Windows, Linux",2026-09-01T16:47:43.090941,0,Free-to-Play Powerhouses,8.280711075662847
2458530,魔女的夜宴,7.07,7.07,0,Overwhelmingly Positive,9598.0,"21 Jul, 2023",YUZUSOFT,Adventure,"Sexual Content, FPS, Hentai, Dating Sim, Visual Novel",Windows,2026-09-01T16:47:44.640968,1,Popular Mid-Range,9.169414205363537
324160,CLANNAD,14.99,14.99,0,Overwhelmingly Positive,2036.0,"23 Nov, 2015",VisualArts/Key,Adventure,"Visual Novel, Anime, Story Rich, Romance, Great Soundtrack",Windows,2026-09-01T16:47:46.324131,5,Premium Blockbusters,7.619233416226805
3548580,Chill with You : Lo-Fi Story,6.19,6.19,0,Overwhelmingly Positive,1402.0,"16 Nov, 2025",Nestopi Inc.,Adventure,"Relaxing, Casual, Atmospheric, Anime, Utilities","Windows, Mac",2026-09-01T16:47:48.225840,1,Popular Mid-Range,7.246368080102461
2134320,ENA: Dream BBQ,0.0,0.0,0,Overwhelmingly Positive,24072.0,"27 Mar, 2025",ENA Team,Adventure,"Surreal, Adventure, Singleplayer, Exploration, Stylized","Windows, Mac, Linux",2026-09-01T16:47:50.107490,0,Free-to-Play Powerhouses,10.088846159487579
2933200,Tukoni: Forest Keepers,5.99,5.99,0,Overwhelmingly Positive,543.0,"17 Aug, 2026",Dream Operator,Adventure,"Adventure, Point & Click, Casual, Puzzle, Cute",Windows,2026-09-01T16:47:52.340567,3,Niche / Emerging Titles,6.298949246855942
3486280,Long Knives,0.0,0.0,0,Overwhelmingly Positive,600.0,"31 Dec, 2025",Jade Hex,Adventure,"Detective, Historical, Story Rich, Choices Matter, CRPG","Windows, Mac",2026-09-01T16:47:54.357474,2,Free-to-Play Powerhouses (2),6.398594934535208
2684630,Endacopia,9.28,9.28,0,Overwhelmingly Positive,4607.0,"27 Jul, 2026",Andyland,Adventure,"Adventure, Point & Click, Psychological Horror, Horror, Surreal",Windows,2026-09-01T16:47:55.740705,1,Popular Mid-Range,8.435549202375727
1307580,TOEM: A Photo Adventure,10.49,10.49,0,Overwhelmingly Positive,3277.0,"17 Sep, 2021",Something We Made,Adventure,"Cozy, Wholesome, Adventure, Puzzle, Exploration","Windows, Mac, Linux",2026-09-01T16:47:57.230423,1,Popular Mid-Range,8.094988759303774
4585340,Horse Magnifier: The Full Horse,2.19,2.19,0,Overwhelmingly Positive,1215.0,"10 Aug, 2026",sketbordcat,Casual,"Horses, Comedy, Puzzle, Level Editor, Casual","Windows, Mac",2026-09-01T16:49:06.639301,0,Free-to-Play Powerhouses,7.103322062526113
2443110,"South Scrimshaw, Part One",0.0,0.0,0,Overwhelmingly Positive,1612.0,"9 Jun, 2023",Nathan O. Marsh,Casual,"Sci-fi, Linear, Hand-drawn, Atmospheric, Underwater","Windows, Linux",2026-09-01T16:49:08.661557,0,Free-to-Play Powerhouses,7.385851078125209
4015260,Slinkie Dinkie,1.29,1.29,0,Overwhelmingly Positive,549.0,"2 Oct, 2025",Sewer Cat,Casual,"Casual, 2D, Creature Collector, Colorful, Cute",Windows,2026-09-01T16:49:09.944541,2,Free-to-Play Powerhouses (2),6.309918278226516
1684410,Seal World,2.39,2.39,0,Overwhelmingly Positive,956.0,"26 Dec, 2023",SealDev,Casual,"Casual, Cute, Funny, Exploration, Story Rich","Windows, Mac, Linux",2026-09-01T16:49:11.199393,0,Free-to-Play Powerhouses,6.863803391452954
2406770,Bodycam,11.99,11.99,0,Mostly Positive,26216.0,"7 Jun, 2024",Reissad Studio,Simulation,"Early Access, FPS, Realistic, Tactical, Multiplayer",Windows,2026-09-02T07:29:23.101713,1,Popular Mid-Range,10.174163334295654
2483190,Forza Horizon 6,20.69299999999982,20.69299999999982,0,Very Positive,40274.09999999998,"19 May, 2026",Playground Games,Simulation,"Racing, Open World, Driving, Multiplayer, Automobile Sim",Windows,2026-09-02T07:29:24.200736,5,Premium Blockbusters,10.603488690971949
4356430,NBA 2K27,20.69299999999982,20.69299999999982,0,Mixed,616.0,"4 Sep, 2026",Visual Concepts,Simulation,"Sports, Simulation, 3D, Basketball, PvP",Windows,2026-09-02T07:29:26.333929,5,Premium Blockbusters,6.424869023905388
570,Dota 2,0.0,0.0,0,Very Positive,40274.09999999998,"9 Jul, 2013",Valve,Simulation,"Free to Play, MOBA, Multiplayer, Strategy, eSports","Windows, Mac, Linux",2026-09-02T07:29:27.567877,0,Free-to-Play Powerhouses,10.603488690971949
438100,VRChat,0.0,0.0,0,Mostly Positive,40274.09999999998,"1 Feb, 2017",VRChat Inc.,Simulation,"VR, Free to Play, Multiplayer, Anime, Memes",Windows,2026-09-02T07:29:29.456461,0,Free-to-Play Powerhouses,10.603488690971949
2537590,Microsoft Flight Simulator 2024,20.69299999999982,20.69299999999982,0,Mixed,12832.0,"19 Nov, 2024",Asobo Studio,Simulation,"Simulation, Flight, Realistic, VR, Multiplayer",Windows,2026-09-02T07:29:31.883869,5,Premium Blockbusters,9.459775257244461
266410,iRacing,6.04,6.04,0,Very Positive,3264.0,"12 Jan, 2015",iRacing.com Motorsport Simulations,Simulation,"Racing, Automobile Sim, Simulation, VR, Driving",Windows,2026-09-02T07:29:33.851317,1,Popular Mid-Range,8.09101504171053
3609080,StarSavior,0.0,0.0,0,Mostly Positive,1258.0,"11 Dec, 2025",Studiobside,Simulation,"RPG, Sexual Content, Turn-Based Strategy, Free to Play, Turn-Based Tactics",Windows,2026-09-02T07:29:35.451020,0,Free-to-Play Powerhouses,7.138073034044347
3009800,3D PUZZLE - OutPost,20.69299999999982,20.69299999999982,0,Positive,12.0,"26 Jun, 2024",PUZZLE Games,Simulation,"Action, Adventure, Casual, Racing, RPG","Windows, Mac, Linux",2026-09-02T07:29:38.096084,4,Premium / AAA,2.5649493574615367
3165290,3D PUZZLE - Pirate Tavern,20.69299999999982,20.69299999999982,0,Positive,10.0,"20 Sep, 2024",PUZZLE Gaves,Simulation,"Action, Adventure, Casual, Racing, RPG","Windows, Mac, Linux",2026-09-02T07:29:39.261432,4,Premium / AAA,2.3978952727983707
3009770,3D PUZZLE - OldHospital,20.69299999999982,20.69299999999982,0,Positive,11.0,"26 Jun, 2024",PUZZLE Games,Simulation,"Action, Adventure, Casual, Racing, RPG","Windows, Mac, Linux",2026-09-02T07:29:40.560346,4,Premium / AAA,2.4849066497880004
4256820,GIFT UP - FARM,20.69299999999982,20.69299999999982,0,Positive,11.0,"10 Jan, 2026",Hede,Simulation,"Action, Adventure, Casual, Racing, RPG","Windows, Mac, Linux",2026-09-02T07:29:42.375523,4,Premium / AAA,2.4849066497880004
3165280,3D PUZZLE - Apocalyptic Wasteland,20.69299999999982,20.69299999999982,0,Positive,10.0,"20 Sep, 2024",PUZZLE Games,Simulation,"Action, Adventure, Casual, RPG, Simulation","Windows, Mac, Linux",2026-09-02T07:29:44.514703,4,Premium / AAA,2.3978952727983707
2137250,Hidden Office Top-Down 3D,20.69299999999982,20.69299999999982,0,Mixed,18.0,"29 Sep, 2022",Aztech,Simulation,"Action, Adventure, Casual, RPG, Simulation","Windows, Mac, Linux",2026-09-02T07:29:46.000388,4,Premium / AAA,2.9444389791664403
2703230,3D PUZZLE - Hangar,20.69299999999982,20.69299999999982,0,Positive,12.0,"18 Jul, 2024",PUZZLE Games,Simulation,"Action, Adventure, Casual, Racing, RPG","Windows, Mac, Linux",2026-09-02T07:29:47.646622,4,Premium / AAA,2.5649493574615367
3120310,3D PUZZLE - Winter Outpost,20.69299999999982,20.69299999999982,0,Positive,11.0,"11 Sep, 2024",PUZZLE Games,Simulation,"Action, Adventure, Casual, RPG, Simulation","Windows, Mac, Linux",2026-09-02T07:29:49.900122,4,Premium / AAA,2.4849066497880004
3651720,3D PUZZLE -  Leafless,20.69299999999982,20.69299999999982,0,Positive,10.0,"21 May, 2025",PUZZLE Games,Simulation,"Action, Adventure, Casual, Racing, RPG","Windows, Mac, Linux",2026-09-02T07:29:51.903663,4,Premium / AAA,2.3978952727983707
2075680,Hidden Farm 2 Top-Down 3D,20.69299999999982,20.69299999999982,0,Mixed,20.0,"18 Jul, 2022",Aztech,Simulation,"Action, Casual, Adventure, Simulation, Strategy","Windows, Mac, Linux",2026-09-02T07:29:53.424639,4,Premium / AAA,3.044522437723423
3571650,ROOM FOOTBALL - Hangar,20.69299999999982,20.69299999999982,0,Positive,10.0,"28 Mar, 2025",Hede,Simulation,"Action, Adventure, Casual, Simulation, Sports","Windows, Mac, Linux",2026-09-02T07:29:55.061278,4,Premium / AAA,2.3978952727983707
3660800,3D PUZZLE - Race Track,20.69299999999982,20.69299999999982,0,Positive,10.0,"21 May, 2025",PUZZLE Games,Simulation,"Strategy, Action, Adventure, RPG, Casual","Windows, Mac, Linux",2026-09-02T07:29:56.971445,4,Premium / AAA,2.3978952727983707
2108760,Hidden Cube World Top-Down 3D,20.69299999999982,20.69299999999982,0,Mixed,18.0,"18 Aug, 2022",Aztech,Simulation,"Action, Adventure, Casual, Simulation, Sports","Windows, Mac, Linux",2026-09-02T07:29:58.051101,4,Premium / AAA,2.9444389791664403
3009790,3D PUZZLE - Rusty,20.69299999999982,20.69299999999982,0,Positive,12.0,"26 Jun, 2024",PUZZLE Games,Simulation,"Action, Adventure, Casual, Racing, RPG","Windows, Mac, Linux",2026-09-02T07:30:00.651026,4,Premium / AAA,2.5649493574615367
3612760,ROOM FOOTBALL - Wetlands,20.69299999999982,20.69299999999982,0,Positive,10.0,"10 Apr, 2025",Hede,Simulation,"Action, Adventure, Casual, RPG, Simulation","Windows, Mac, Linux",2026-09-02T07:30:01.883460,4,Premium / AAA,2.3978952727983707
4256830,Catch the Chiken,20.69299999999982,20.69299999999982,0,Positive,13.0,"8 Jan, 2026",Hede,Simulation,"Action, Adventure, Casual, Racing, RPG","Windows, Mac, Linux",2026-09-02T07:30:03.529043,4,Premium / AAA,2.6390573296152584
3120290,3D PUZZLE - Courtyard,20.69299999999982,20.69299999999982,0,Positive,10.0,"19 Aug, 2024",PUZZLE Games,Simulation,"Action, Adventure, Casual, RPG, Simulation","Windows, Mac, Linux",2026-09-02T07:30:05.466513,4,Premium / AAA,2.3978952727983707
3079410,3D PUZZLE - Sun Temple,20.69299999999982,20.69299999999982,0,Positive,11.0,"23 Jul, 2024",PUZZLE Games,Simulation,"Action, Adventure, Casual, Racing, Simulation","Windows, Mac, Linux",2026-09-02T07:30:06.818058,4,Premium / AAA,2.4849066497880004
3525850,How Much Items - Animals,20.69299999999982,20.69299999999982,0,Positive,11.0,"28 Feb, 2025",Hede,Simulation,"Action, Adventure, Casual, Simulation, Strategy","Windows, Mac, Linux",2026-09-02T07:30:08.811134,4,Premium / AAA,2.4849066497880004
3009780,3D PUZZLE - Underground,20.69299999999982,20.69299999999982,0,Positive,12.0,"26 Jun, 2024",PUZZLE Games,Simulation,"Action, Adventure, Casual, Racing, RPG","Windows, Mac, Linux",2026-09-02T07:30:11.067402,4,Premium / AAA,2.5649493574615367
3009820,3D PUZZLE - Hospital 4,20.69299999999982,20.69299999999982,0,Positive,11.0,"26 Jun, 2024",PUZZLE Games,Simulation,"Action, Adventure, Casual, Racing, RPG","Windows, Mac, Linux",2026-09-02T07:30:13.043157,4,Premium / AAA,2.4849066497880004
1903630,Evasion from Hell,20.69299999999982,20.69299999999982,0,Positive,32.0,"23 Apr, 2022",EpiXR Games UG,Simulation,"Action, Singleplayer, Casual, 3D Platformer, First-Person",Windows,2026-09-02T07:30:14.883541,4,Premium / AAA,3.4965075614664802
2504210,The Leverage Game Business Edition,20.69299999999982,20.69299999999982,0,,0.0,"26 Aug, 2023",A&S Inc.,Simulation,"Simulation, Board Game, Tabletop, Education, Turn-Based Tactics",Windows,2026-09-02T07:30:16.918258,4,Premium / AAA,0.0
2499620,The Leverage Game,20.69299999999982,20.69299999999982,0,,0.0,"26 Aug, 2023",A&S Inc.,Simulation,"Board Game, Simulation, Turn-Based Tactics, Education, Economy",Windows,2026-09-02T07:30:18.521308,4,Premium / AAA,0.0
4693030,Congratulations On Your Purchase,20.69299999999982,20.69299999999982,0,,0.0,"28 May, 2026",Minimum Viable Prestige,Simulation,"Simulation, Adventure, Satire, Walking Simulator, Visual Novel",Windows,2026-09-02T07:30:20.350136,4,Premium / AAA,0.0
2051620,Enlisted,0.0,0.0,0,Mostly Positive,20163.0,"16 Jul, 2024",Darkflow Software,Simulation,"Action, Free to Play, World War II, FPS, Multiplayer","Windows, Linux",2026-09-02T07:30:22.049744,0,Free-to-Play Powerhouses,9.911654115202522
8500,EVE Online,0.0,0.0,0,Mostly Positive,23226.0,"16 Dec, 2010",Fenris Creations,Simulation,"Space Sim, Exploration, Open World, Adventure, Difficult","Windows, Mac",2026-09-02T07:30:24.274881,0,Free-to-Play Powerhouses,10.053070674075617
2763740,Revolution Idle,0.0,0.0,0,Very Positive,7279.0,"1 May, 2025",Oni Gaming,Simulation,"Incremental, Idler, Free to Play, Casual, Simulation",Windows,2026-09-02T07:30:26.251898,0,Free-to-Play Powerhouses,8.892886141190731
1419170,My Singing Monsters,0.0,0.0,0,Very Positive,31948.0,"24 Mar, 2021",Big Blue Bubble,Simulation,"Creature Collector, Casual, Simulation, Free to Play, Farming Sim",Windows,2026-09-02T07:30:28.116090,0,Free-to-Play Powerhouses,10.371896160411321
1258080,Shop Titans,0.0,0.0,0,Mostly Positive,6306.0,"5 May, 2020","Kabam Games, Inc.",Simulation,"Idler, Shop Keeper, Crafting, Medieval, Management",Windows,2026-09-02T07:30:29.332748,0,Free-to-Play Powerhouses,8.749415406663651
2964090,World of Warships: Legends,0.0,0.0,0,Mixed,673.0,"4 May, 2026",Wargaming Group Limited,Simulation,"Action, Simulation, Shooter, Third-Person Shooter, 3D",Windows,2026-09-02T07:30:31.449453,0,Free-to-Play Powerhouses,6.513230110912307
1013320,Firestone – Idle Clicker Online RPG,0.0,0.0,0,Mostly Positive,2500.0,"1 Apr, 2024",Holyday Studios,Simulation,"Incremental, Idler, Auto Battler, PvE, Strategy RPG","Windows, Mac, Linux",2026-09-02T07:30:32.999563,0,Free-to-Play Powerhouses,7.824445930877619
3164330,Infinity Nikki,0.0,0.0,0,Mixed,5400.0,"28 Apr, 2025",Infold Games,Simulation,"Relaxing, Cute, Open World, Casual, RPG",Windows,2026-09-02T07:30:35.067290,0,Free-to-Play Powerhouses,8.594339400592892
766570,Russian Fishing 4,0.0,0.0,0,Mostly Positive,7575.0,"11 Nov, 2021",FishSoft LLC,Simulation,"Fishing, Multiplayer, Free to Play, Simulation, Nature",Windows,2026-09-02T07:30:36.450419,0,Free-to-Play Powerhouses,8.932740634865914
380600,Fishing Planet,0.0,0.0,0,Very Positive,29251.0,"28 Aug, 2017",Fishing Planet LLC,Simulation,"Fishing, Free to Play, Multiplayer, Simulation, Relaxing","Windows, Mac, Linux",2026-09-02T07:30:38.434169,0,Free-to-Play Powerhouses,10.283703226390841
714010,Aimlabs,0.0,0.0,0,Very Positive,40274.09999999998,"17 Jun, 2023",Statespace,Simulation,"FPS, Free to Play, Shooter, Simulation, Action",Windows,2026-09-02T07:30:40.066243,0,Free-to-Play Powerhouses,10.603488690971949
223750,DCS World Steam Edition,0.0,0.0,0,Very Positive,23157.0,"2 Aug, 2013",Eagle Dynamics SA,Simulation,"Simulation, Flight, Free to Play, Military, Multiplayer",Windows,2026-09-02T07:30:41.599151,0,Free-to-Play Powerhouses,10.050095572172218
1665460,eFootball™,0.0,0.0,0,Mixed,30268.0,"30 Sep, 2021",KONAMI,Simulation,"Football (Soccer), Free to Play, Controller, Multiplayer, Sports",Windows,2026-09-02T07:30:43.550647,0,Free-to-Play Powerhouses,10.317879365460813
2707930,Palia,0.0,0.0,0,Very Positive,27061.0,"25 Mar, 2024",Singularity 6 Corporation,Simulation,"Free to Play, Multiplayer, Life Sim, Cozy, Farming Sim",Windows,2026-09-02T07:30:45.650675,0,Free-to-Play Powerhouses,10.20588580882359
552990,World of Warships,0.0,0.0,0,Very Positive,40274.09999999998,"15 Nov, 2017",Wargaming Group Limited,Simulation,"Vehicular Combat, Shooter, Naval Combat, Multiplayer, PvP",Windows,2026-09-02T07:30:47.515974,0,Free-to-Play Powerhouses,10.603488690971949
1476970,IdleOn - The Incremental MMO,0.0,0.0,0,Mostly Positive,21645.0,"6 Nov, 2025",Lavaflame2,Simulation,"Idler, Free to Play, Incremental, MMORPG, Pixel Graphics",Windows,2026-09-02T07:30:49.687361,0,Free-to-Play Powerhouses,9.982575958855092
3224770,Umamusume: Pretty Derby,0.0,0.0,0,Very Positive,40274.09999999998,"25 Jun, 2025","Cygames, Inc.",Simulation,"Anime, Horses, Cute, Free to Play, Gambling",Windows,2026-09-02T07:30:51.139250,0,Free-to-Play Powerhouses,10.603488690971949
4025700,Heartopia,0.0,0.0,0,Mixed,7889.0,"17 Jan, 2026",XD,Simulation,"Free to Play, Life Sim, Multiplayer, Artificial Intelligence, Cute",Windows,2026-09-02T07:30:53.191259,0,Free-to-Play Powerhouses,8.97335141383992
1222670,The Sims™ 4,0.0,0.0,0,Very Positive,40274.09999999998,"18 Jun, 2020",Maxis,Simulation,"Life Sim, Free to Play, Character Customization, Building, Simulation",Windows,2026-09-02T07:30:54.995327,0,Free-to-Play Powerhouses,10.603488690971949
1331550,Big Ambitions,10.04,10.04,0,Very Positive,5758.0,"28 Aug, 2026",Hovgaard Games,Simulation,"Management, Economy, Simulation, Capitalism, Life Sim","Windows, Mac",2026-09-02T07:30:57.076884,1,Popular Mid-Range,8.658519127506672
251570,7 Days to Die,8.24,8.24,0,Very Positive,40274.09999999998,"25 Jul, 2024",The Fun Pimps,Simulation,"Survival, Zombies, Multiplayer, Open World, Open World Survival Craft","Windows, Mac, Linux",2026-09-02T07:30:58.832601,1,Popular Mid-Range,10.603488690971949
1449850,Yu-Gi-Oh! Master Duel,0.0,0.0,0,Mostly Positive,40274.09999999998,"19 Jan, 2022",KONAMI,Simulation,"Card Game, Free to Play, Strategy, Trading Card Game, Multiplayer",Windows,2026-09-02T07:31:00.250182,0,Free-to-Play Powerhouses,10.603488690971949
3079210,Hell Let Loose: Vietnam,18.49,18.49,0,Mixed,7661.0,"13 Aug, 2026",Expression Games,Simulation,"Action, Simulation, Strategy, FPS, Shooter",Windows,2026-09-02T07:31:02.699559,5,Premium Blockbusters,8.944028325260595
1867240,WARDOGS,20.69299999999982,20.69299999999982,0,,0.0,"10 Sep, 2026",BULKHEAD,Simulation,"Early Access, Action, FPS, Tactical, Multiplayer",Windows,2026-09-02T07:31:04.648906,4,Premium / AAA,0.0
3892270,Gamble With Your Friends,4.49,4.49,0,Very Positive,11131.0,"1 May, 2026",TEAM GWYF,Simulation,"Multiplayer, Online Co-Op, Gambling, Co-op, Comedy",Windows,2026-09-02T07:31:06.903199,1,Popular Mid-Range,9.317579122645782
3722330,Shift At Midnight,5.66,5.66,0,Very Positive,4210.0,"22 Jul, 2026",Bun Muen,Simulation,"Horror, Online Co-Op, Multiplayer, Retro, Co-op",Windows,2026-09-02T07:31:08.990027,1,Popular Mid-Range,8.345455428161928
1326470,Sons Of The Forest,3.14,3.14,0,Very Positive,40274.09999999998,"22 Feb, 2024",Endnight Games Ltd,Simulation,"Survival, Open World, Multiplayer, Co-op, Survival Horror",Windows,2026-09-02T07:31:10.483237,0,Free-to-Play Powerhouses,10.603488690971949
252490,Rust,18.99,18.99,0,Very Positive,40274.09999999998,"8 Feb, 2018",Facepunch Studios,Simulation,"Survival, Crafting, Multiplayer, Open World, Open World Survival Craft","Windows, Mac",2026-09-02T07:31:11.923694,5,Premium Blockbusters,10.603488690971949
236390,War Thunder,0.0,0.0,0,Mostly Positive,40274.09999999998,"15 Aug, 2013",Gaijin Entertainment,Simulation,"Free to Play, Vehicular Combat, Action, Simulation, Combat","Windows, Mac, Linux",2026-09-02T07:31:13.677875,0,Free-to-Play Powerhouses,10.603488690971949
3932890,Escape from Tarkov,19.99,19.99,0,Mixed,12937.0,"15 Nov, 2025",Battlestate Games,Simulation,"Psychological Horror, Extraction Shooter, Gun Customization, Looter Shooter, FPS",Windows,2026-09-02T07:31:15.715246,5,Premium Blockbusters,9.46792399660393
1551360,Forza Horizon 5,13.11,13.11,0,Very Positive,40274.09999999998,"9 Nov, 2021",Playground Games,Simulation,"Racing, Open World, Driving, Multiplayer, Automobile Sim",Windows,2026-09-02T07:31:17.591437,5,Premium Blockbusters,10.603488690971949
578080,PUBG: BATTLEGROUNDS,0.0,0.0,0,Mixed,40274.09999999998,"21 Dec, 2017",PUBG Corporation,Simulation,"Survival, Shooter, Battle Royale, Multiplayer, FPS",Windows,2026-09-02T07:31:19.614958,0,Free-to-Play Powerhouses,10.603488690971949
1245620,ELDEN RING,20.69299999999982,20.69299999999982,0,Very Positive,40274.09999999998,"24 Feb, 2022","FromSoftware, Inc.",RPG,"Souls-like, Open World, Dark Fantasy, RPG, Difficult",Windows,2026-09-02T07:32:19.147913,5,Premium Blockbusters,10.603488690971949
3321460,Crimson Desert Enhanced,20.69299999999982,20.69299999999982,0,Very Positive,40274.09999999998,"19 Mar, 2026",Pearl Abyss,RPG,"Open World, Singleplayer, Action, Exploration, Adventure","Windows, Mac",2026-09-02T07:32:20.931378,5,Premium Blockbusters,10.603488690971949
230410,Warframe,0.0,0.0,0,Very Positive,40274.09999999998,"25 Mar, 2013",Digital Extremes,RPG,"Free to Play, Looter Shooter, Action RPG, Third-Person Shooter, Action",Windows,2026-09-02T07:32:22.997882,0,Free-to-Play Powerhouses,10.603488690971949
2075800,STAR WARS Zero Company™,20.69299999999982,20.69299999999982,0,Mostly Positive,9362.0,"27 Aug, 2026",Bit Reactor,RPG,"Turn-Based Tactics, Turn-Based Strategy, Sci-fi, Singleplayer, Strategy",Windows,2026-09-02T07:32:25.131692,5,Premium Blockbusters,9.14452103093889
1361210,"Warhammer 40,000: Darktide",7.49,7.49,0,Mostly Positive,40274.09999999998,"30 Nov, 2022",Fatshark,RPG,"Co-op, PvE, FPS, Class-Based, Combat",Windows,2026-09-02T07:32:27.199896,1,Popular Mid-Range,10.603488690971949
4508340,NTE: Neverness to Everness,0.0,0.0,0,Very Positive,2602.0,"7 Jul, 2026",Hotta Studio,RPG,"Free to Play, Open World, RPG, Anime, Adventure",Windows,2026-09-02T07:32:28.364703,0,Free-to-Play Powerhouses,7.864419904994565
1643320,S.T.A.L.K.E.R. 2: Heart of Chornobyl,20.69299999999982,20.69299999999982,0,Mostly Positive,40274.09999999998,"20 Nov, 2024",GSC Game World,RPG,"Open World, FPS, Post-apocalyptic, Survival, Atmospheric",Windows,2026-09-02T07:32:30.164119,5,Premium Blockbusters,10.603488690971949
1041320,Lords Mobile: Kingdom Wars,0.0,0.0,0,Mixed,1765.0,"3 Jun, 2019",IGG SINGAPORE PTE. LTD.,RPG,"Free to Play, Strategy, Massively Multiplayer, LGBTQ+, War",Windows,2026-09-02T07:32:31.681114,0,Free-to-Play Powerhouses,7.476472381163905
2423650,3D PUZZLE - PORT,20.69299999999982,20.69299999999982,0,Positive,13.0,"23 May, 2023",PUZZLE Games,RPG,"Action, Adventure, Casual, Racing, RPG","Windows, Mac, Linux",2026-09-02T07:32:33.579766,4,Premium / AAA,2.6390573296152584
3120320,3D PUZZLE - Pizza Shop 2,20.69299999999982,20.69299999999982,0,Positive,12.0,"11 Sep, 2024",PUZZLE Games,RPG,"Action, Adventure, Casual, RPG, Simulation","Windows, Mac, Linux",2026-09-02T07:32:35.446508,4,Premium / AAA,2.5649493574615367
3710480,ROOM FOOTBALL - Sand Storm,20.69299999999982,20.69299999999982,0,Positive,10.0,"21 May, 2025",Hede,RPG,"Action, Adventure, Casual, Racing, RPG","Windows, Mac, Linux",2026-09-02T07:32:37.231021,4,Premium / AAA,2.3978952727983707
3230890,Hidden Space Station Top-Down 3D,20.69299999999982,20.69299999999982,0,Positive,11.0,"20 Oct, 2024",Top-Down Games,RPG,"Action, Adventure, Casual, RPG, Simulation","Windows, Mac, Linux",2026-09-02T07:32:39.280914,4,Premium / AAA,2.4849066497880004
3079400,3D PUZZLE - Abandoned Prison,20.69299999999982,20.69299999999982,0,Positive,10.0,"22 Jul, 2024",PUZZLE Games,RPG,"Action, Adventure, Casual, Racing, RPG","Windows, Mac, Linux",2026-09-02T07:32:40.931039,4,Premium / AAA,2.3978952727983707
3079460,3D PUZZLE - Deserted Village,20.69299999999982,20.69299999999982,0,Positive,13.0,"15 Aug, 2024",PUZZLE Games,RPG,"Action, Adventure, Casual, RPG, Simulation","Windows, Mac, Linux",2026-09-02T07:32:42.566101,4,Premium / AAA,2.6390573296152584
2371460,Blue Epic,20.69299999999982,20.69299999999982,0,Mixed,12.0,"30 May, 2023",Whitewater Pacific,RPG,"Massively Multiplayer, Survival, Underwater, Adventure, Online Co-Op",Windows,2026-09-02T07:32:44.380922,4,Premium / AAA,2.5649493574615367
2395580,三国吞天传 幻想姬武神战记,20.69299999999982,20.69299999999982,0,,0.0,"3 May, 2023",艾露比工作室,RPG,"Casual, Adventure, Female Protagonist, JRPG, Anime",Windows,2026-09-02T07:32:46.247772,4,Premium / AAA,0.0
3347400,GIRLS' FRONTLINE 2: EXILIUM,0.0,0.0,0,Mixed,3036.0,"11 Feb, 2025","SUNBORN Information Co., Ltd.",RPG,"Anime, Strategy, RPG, Free to Play, Sexual Content",Windows,2026-09-02T07:32:47.752811,0,Free-to-Play Powerhouses,8.01862546504575
761890,Albion Online,0.0,0.0,0,Mostly Positive,27485.0,"16 May, 2018",Sandbox Interactive GmbH,RPG,"MMORPG, Free to Play, Open World, Massively Multiplayer, Sandbox","Windows, Mac, Linux",2026-09-02T07:32:49.964028,0,Free-to-Play Powerhouses,10.221432063114797
3052450,Morimens,0.0,0.0,0,Very Positive,1856.0,"2 Aug, 2024",B.I.A.V. Studio,RPG,"Free to Play, Card Game, Lovecraftian, Visual Novel, Roguelike Deckbuilder",Windows,2026-09-02T07:32:52.094109,0,Free-to-Play Powerhouses,7.526717561352706
9900,Star Trek Online,0.0,0.0,0,Mostly Positive,16856.0,"31 Jan, 2012",Cryptic Studios,RPG,"Free to Play, Sci-fi, Massively Multiplayer, Space, MMORPG",Windows,2026-09-02T07:32:53.299786,0,Free-to-Play Powerhouses,9.732521279780308
3393110,AION 2,0.0,0.0,0,,0.0,"5 Oct, 2026",NC,RPG,"Free to Play, Massively Multiplayer, MMORPG, Adventure, RPG",Windows,2026-09-02T07:32:54.714157,2,Free-to-Play Powerhouses (2),0.0
1818450,STALZONE,0.0,0.0,0,Mixed,17871.0,"9 Dec, 2022",EXBO,RPG,"Extraction Shooter, Online Co-Op, Open World, MMORPG, Post-apocalyptic",Windows,2026-09-02T07:32:56.780387,0,Free-to-Play Powerhouses,9.790990521308983
1974050,Torchlight: Infinite,0.0,0.0,0,Mixed,8283.0,"10 May, 2023",XD,RPG,"RPG, Hack and Slash, Loot, Action RPG, Multiplayer",Windows,2026-09-02T07:32:58.614083,0,Free-to-Play Powerhouses,9.022081222515475
835570,Conqueror's Blade,0.0,0.0,0,Mostly Positive,6939.0,"6 Apr, 2020",Booming Tech,RPG,"Swordplay, Free to Play, PvP, Medieval, Massively Multiplayer",Windows,2026-09-02T07:33:00.780269,0,Free-to-Play Powerhouses,8.84505705350085
238960,Path of Exile,0.0,0.0,0,Very Positive,40274.09999999998,"23 Oct, 2013",Grinding Gear Games,RPG,"Free to Play, Action RPG, Dark Fantasy, Hack and Slash, Loot","Windows, Mac",2026-09-02T07:33:02.891570,0,Free-to-Play Powerhouses,10.603488690971949
3092660,Reverse: 1999,0.0,0.0,0,Very Positive,3504.0,"9 Oct, 2024","BLUEPOCH GAMES CO., LIMITED",RPG,"RPG, Story Rich, Visual Novel, Turn-Based Combat, Strategy RPG",Windows,2026-09-02T07:33:04.847120,0,Free-to-Play Powerhouses,8.16194579946869
3679080,The Seven Deadly Sins: Origin,0.0,0.0,0,Mixed,4299.0,"16 Mar, 2026",Netmarble F&C,RPG,"Open World, Free to Play, Anime, Multiplayer, RPG",Windows,2026-09-02T07:33:06.930376,0,Free-to-Play Powerhouses,8.366370301681654
4282500,hololive Dreams,0.0,0.0,0,Mixed,1446.0,"23 Jul, 2026","QualiArts, Inc.",RPG,"Rhythm, RPG, Cute, Action, Adventure",Windows,2026-09-02T07:33:09.163613,0,Free-to-Play Powerhouses,7.277247726631484
2426960,Summoners War,0.0,0.0,0,Mixed,4034.0,"8 Jan, 2024",Com2uS,RPG,"Free to Play, RPG, Strategy, Turn-Based Strategy, Strategy RPG",Windows,2026-09-02T07:33:11.332111,0,Free-to-Play Powerhouses,8.302761580704049
1284210,Guild Wars 2®,0.0,0.0,0,Very Positive,18916.0,"23 Aug, 2022",ArenaNet®,RPG,"MMORPG, Adventure, Free to Play, RPG, Character Customization",Windows,2026-09-02T07:33:12.771581,0,Free-to-Play Powerhouses,9.847816267665664
1286830,STAR WARS™: The Old Republic™,0.0,0.0,0,Very Positive,40274.09999999998,"21 Jul, 2020",Broadsword,RPG,"Free to Play, MMORPG, Multiplayer, Character Customization, Open World",Windows,2026-09-02T07:33:14.145252,0,Free-to-Play Powerhouses,10.603488690971949
1973530,Limbus Company,0.0,0.0,0,Very Positive,40274.09999999998,"26 Feb, 2023",ProjectMoon,RPG,"Story Rich, Lore-Rich, Free to Play, Turn-Based Combat, Visual Novel",Windows,2026-09-02T07:33:16.221302,0,Free-to-Play Powerhouses,10.603488690971949
2074920,The First Descendant,0.0,0.0,0,Mixed,40274.09999999998,"30 Jun, 2024","NEXON Games Co., Ltd.",RPG,"Free to Play, Sexual Content, Looter Shooter, Multiplayer, Third-Person Shooter",Windows,2026-09-02T07:33:17.241125,0,Free-to-Play Powerhouses,10.603488690971949
306130,The Elder Scrolls® Online,19.99,19.99,0,Very Positive,40274.09999999998,"22 May, 2017",ZeniMax Online Studios,RPG,"RPG, MMORPG, Open World, Fantasy, Adventure","Windows, Mac",2026-09-02T07:33:19.427505,5,Premium Blockbusters,10.603488690971949
3751260,The Blood of Dawnwalker,20.69299999999982,20.69299999999982,0,,0.0,"2 Sep, 2026",Rebel Wolves,RPG,"RPG, Open World, Dark Fantasy, Adventure, Action RPG",Windows,2026-09-02T07:33:21.056967,4,Premium / AAA,0.0
2694490,Path of Exile 2,20.69299999999982,20.69299999999982,0,Mostly Positive,40274.09999999998,"6 Dec, 2024",Grinding Gear Games,RPG,"Action RPG, Hack and Slash, RPG, Loot, MMORPG",Windows,2026-09-02T07:33:22.528844,5,Premium Blockbusters,10.603488690971949
990080,Hogwarts Legacy,5.99,5.99,0,Very Positive,40274.09999999998,"10 Feb, 2023",Avalanche Software,RPG,"Magic, Open World, Fantasy, Singleplayer, Adventure",Windows,2026-09-02T07:33:24.212712,1,Popular Mid-Range,10.603488690971949
1091500,Cyberpunk 2077,20.69299999999982,20.69299999999982,0,Very Positive,40274.09999999998,"9 Dec, 2020",CD PROJEKT RED,RPG,"Cyberpunk, Open World, Nudity, RPG, Singleplayer","Windows, Mac",2026-09-02T07:33:26.272666,5,Premium Blockbusters,10.603488690971949
1203620,Enshrouded,11.24,11.24,0,Very Positive,40274.09999999998,"24 Jan, 2024",Keen Games GmbH,RPG,"Open World, Survival, Base Building, Multiplayer, Online Co-Op",Windows,2026-09-02T07:33:27.512928,1,Popular Mid-Range,10.603488690971949
39210,FINAL FANTASY XIV Online,8.19,8.19,0,Very Positive,40274.09999999998,"18 Feb, 2014",Square Enix,RPG,"MMORPG, RPG, Character Customization, Massively Multiplayer, Fantasy",Windows,2026-09-02T07:33:29.862106,1,Popular Mid-Range,10.603488690971949
2399830,ARK: Survival Ascended,11.24,11.24,0,Mixed,40274.09999999998,"26 Oct, 2023",Studio Wildcard,RPG,"Survival, Open World, Multiplayer, Dinosaurs, Base Building",Windows,2026-09-02T07:33:31.307011,1,Popular Mid-Range,10.603488690971949
4162040,Zenless Zone Zero,0.0,0.0,0,Very Positive,6488.0,"16 Jun, 2026",COGNOSPHERE PTE. LTD.,RPG,"Anime, Free to Play, Action, Cute, Funny",Windows,2026-09-02T07:33:33.429804,0,Free-to-Play Powerhouses,8.77786371462117
3513350,Wuthering Waves,0.0,0.0,0,Very Positive,29537.0,"28 Apr, 2025",KURO GAMES,RPG,"Open World, Anime, Free to Play, Action, Story Rich",Windows,2026-09-02T07:33:35.179929,0,Free-to-Play Powerhouses,10.293432848986255
2584270,Mortal Shell II,20.69299999999982,20.69299999999982,0,Very Positive,7244.0,"20 Aug, 2026",Cold Symmetry,RPG,"Souls-like, Dark Fantasy, Violent, Action RPG, Singleplayer",Windows,2026-09-02T07:33:37.243058,5,Premium Blockbusters,8.888066854754783
359550,Tom Clancy's Rainbow Six Siege,0.0,0.0,0,Very Positive,40274.09999999998,"1 Dec, 2015",Ubisoft Montreal,Action,"FPS, PvP, Multiplayer, Shooter, Tactical",Windows,2026-09-02T09:41:37.824766,0,Free-to-Play Powerhouses,10.603488690971949
1172470,Apex Legends™,0.0,0.0,0,Mostly Positive,40274.09999999998,"5 Nov, 2020",Respawn,Action,"Free to Play, Multiplayer, Battle Royale, FPS, Shooter",Windows,2026-09-02T09:41:39.761679,0,Free-to-Play Powerhouses,10.603488690971949
4001890,How to Fish,3.99,3.99,0,Overwhelmingly Positive,17057.0,"20 Aug, 2026",Dazed Games,Action,"Multiplayer, Online Co-Op, Fishing, Co-op, Indie",Windows,2026-09-02T09:41:41.321461,0,Free-to-Play Powerhouses,9.744374580879056
730,Counter-Strike 2,0.0,0.0,0,Very Positive,40274.09999999998,"21 Aug, 2012",Valve,Action,"FPS, Shooter, Multiplayer, Competitive, Action","Windows, Linux",2026-09-02T09:41:42.062607,0,Free-to-Play Powerhouses,10.603488690971949
381210,Dead by Daylight,12.99,12.99,0,Mostly Positive,40274.09999999998,"14 Jun, 2016",Behaviour Interactive Inc.,Action,"Horror, Multiplayer, Survival Horror, Gore, Online Co-Op",Windows,2026-09-02T09:41:44.399202,5,Premium Blockbusters,10.603488690971949
2767030,Marvel Rivals,0.0,0.0,0,Mostly Positive,40274.09999999998,"5 Dec, 2024",NetEase Games,Action,"Free to Play, Multiplayer, Hero Shooter, Third-Person Shooter, Superhero",Windows,2026-09-02T09:41:46.247168,0,Free-to-Play Powerhouses,10.603488690971949
440,Team Fortress 2,0.0,0.0,0,Very Positive,40274.09999999998,"10 Oct, 2007",Valve,Action,"Free to Play, Hero Shooter, Multiplayer, FPS, Shooter","Windows, Linux",2026-09-02T09:41:48.597636,0,Free-to-Play Powerhouses,10.603488690971949
3028330,Battlefield™ REDSEC,0.0,0.0,0,Mixed,9707.0,"28 Oct, 2025",Battlefield Studios,Action,"Free to Play, Multiplayer, FPS, Singleplayer, Action",Windows,2026-09-02T09:41:50.539012,0,Free-to-Play Powerhouses,9.180705566846491
3602130,ROOM FOOTBALL - Cursed West,11.96,11.96,0,Positive,10.0,"25 Apr, 2025",Hede,Action,"Action, Adventure, 3D Fighter, Arcade, 3D Platformer","Windows, Mac, Linux",2026-09-02T09:41:52.922171,3,Niche / Emerging Titles,2.3978952727983707
3079440,3D PUZZLE - Bedroom,20.69299999999982,20.69299999999982,0,Positive,13.0,"15 Aug, 2024",PUZZLE Games,Action,"Action, Casual, Adventure, Arcade, Platformer","Windows, Mac, Linux",2026-09-02T09:41:54.954483,4,Premium / AAA,2.6390573296152584
1368670,Beach Volleyball Competition,20.69299999999982,20.69299999999982,0,,0.0,"13 Aug, 2020",healingdrawing,Action,"Sports, Action, Arcade, Character Action Game, Grand Strategy","Windows, Mac, Linux",2026-09-02T09:41:56.705856,4,Premium / AAA,0.0
2404010,Cell Wars,20.69299999999982,20.69299999999982,0,Positive,10.0,"21 Oct, 2023",Krispy Animation,Action,"Action, Casual, Arcade, Shooter, Arena Shooter",Windows,2026-09-02T09:41:58.622109,4,Premium / AAA,2.3978952727983707
881510,"The Official GamingTaylor Game, Great Job!",20.69299999999982,20.69299999999982,0,,0.0,"6 Jul, 2018",Taylor Marsh,Action,"Action, Zombies, FPS, Dating Sim, Sexual Content",Windows,2026-09-02T09:42:00.568053,4,Premium / AAA,0.0
2230680,止境 Ends,20.69299999999982,20.69299999999982,0,,0.0,"14 Jun, 2023",正人君子杨某人,Action,"Action, Adventure, Dark, Souls-like, Action-Adventure",Windows,2026-09-02T09:42:02.221006,4,Premium / AAA,0.0
1200520,Ascent Free-Roaming VR Experience,20.69299999999982,20.69299999999982,0,,0.0,"27 Dec, 2019",Fury VR,Action,"Action, Hentai, Nudity, Sexual Content, LGBTQ+",Windows,2026-09-02T09:42:03.552351,4,Premium / AAA,0.0
1203220,NARAKA: BLADEPOINT,0.0,0.0,0,Very Positive,23837.0,"12 Aug, 2021",24 Entertainment,Action,"Battle Royale, Multiplayer, Martial Arts, PvP, Action",Windows,2026-09-02T09:42:05.005533,0,Free-to-Play Powerhouses,10.079036225042653
1085660,Destiny 2,0.0,0.0,0,Mostly Positive,40274.09999999998,"1 Oct, 2019",Bungie,Action,"Free to Play, Open World, Looter Shooter, Multiplayer, MMORPG",Windows,2026-09-02T09:42:07.038397,0,Free-to-Play Powerhouses,10.603488690971949
2073850,THE FINALS,0.0,0.0,0,Very Positive,40274.09999999998,"8 Dec, 2023",Embark Studios,Action,"Destruction, Free to Play, FPS, Multiplayer, Shooter",Windows,2026-09-02T09:42:09.295811,0,Free-to-Play Powerhouses,10.603488690971949
2357570,Overwatch®,0.0,0.0,0,Mixed,40274.09999999998,"10 Aug, 2023","Blizzard Entertainment, Inc.",Action,"Free to Play, Hero Shooter, FPS, Multiplayer, Team-Based",Windows,2026-09-02T09:42:10.930124,0,Free-to-Play Powerhouses,10.603488690971949
1407200,World of Tanks,0.0,0.0,0,Mostly Positive,25302.0,"29 Apr, 2021",Wargaming Group Limited,Action,"Tanks, Vehicular Combat, PvP, Multiplayer, Tactical",Windows,2026-09-02T09:42:13.177620,0,Free-to-Play Powerhouses,10.138678244761005
2073620,Arena Breakout: Infinite,0.0,0.0,0,Mostly Positive,33491.0,"16 Sep, 2025",Morefun Studios,Action,"Free to Play, Extraction Shooter, Multiplayer, FPS, Realistic",Windows,2026-09-02T09:42:14.938626,0,Free-to-Play Powerhouses,10.419061883324323
2507950,Delta Force,0.0,0.0,0,Mixed,40274.09999999998,"4 Dec, 2024",Team Jade,Action,"Free to Play, FPS, Extraction Shooter, Multiplayer, Massively Multiplayer",Windows,2026-09-02T09:42:17.071232,0,Free-to-Play Powerhouses,10.603488690971949
2807960,Battlefield™ 6,20.69299999999982,20.69299999999982,0,Mixed,40274.09999999998,"10 Oct, 2025",Battlefield Studios,Action,"Multiplayer, FPS, Military, Action, Singleplayer",Windows,2026-09-02T09:42:19.112784,5,Premium Blockbusters,10.603488690971949
3564740,Where Winds Meet,0.0,0.0,0,Very Positive,40274.09999999998,"14 Nov, 2025",Everstone Studio,Action,"Open World, Free to Play, Multiplayer, Singleplayer, Souls-like",Windows,2026-09-02T09:42:20.350485,0,Free-to-Play Powerhouses,10.603488690971949
3768760,007 First Light,20.69299999999982,20.69299999999982,0,Very Positive,17643.0,"26 May, 2026",IO Interactive A/S,Action,"Singleplayer, Action-Adventure, Action, Stealth, Story Rich",Windows,2026-09-02T09:42:22.202642,5,Premium Blockbusters,9.77815106122483
553850,HELLDIVERS™ 2,20.69299999999982,20.69299999999982,0,Very Positive,40274.09999999998,"8 Feb, 2024",Arrowhead Game Studios,Action,"Online Co-Op, PvE, Third-Person Shooter, Multiplayer, Shooter",Windows,2026-09-02T09:42:24.437374,5,Premium Blockbusters,10.603488690971949
3240220,Grand Theft Auto V Enhanced,19.79,19.79,0,Very Positive,40274.09999999998,"4 Mar, 2025",Rockstar North,Action,"Open World, Sexual Content, Action, Multiplayer, Crime",Windows,2026-09-02T09:42:26.467093,5,Premium Blockbusters,10.603488690971949
1174180,Red Dead Redemption 2,14.99,14.99,0,Very Positive,40274.09999999998,"5 Dec, 2019",Rockstar Games,Action,"Open World, Story Rich, Western, Multiplayer, Adventure",Windows,2026-09-02T09:42:28.680356,5,Premium Blockbusters,10.603488690971949
4069520,Super Battle Golf,4.54,4.54,0,Very Positive,7213.0,"19 Feb, 2026",Brimstone,Sports,"Multiplayer, Online Co-Op, Co-op, Sports, Physics",Windows,2026-09-02T10:41:43.695398,1,Popular Mid-Range,8.883778861463485
2138720,REMATCH,9.99,9.99,0,Mostly Positive,16967.0,"19 Jun, 2025",Sloclap,Sports,"Sports, Football (Soccer), Multiplayer, PvP, eSports",Windows,2026-09-02T10:41:45.026183,1,Popular Mid-Range,9.739084496244518
2440510,Forza Motorsport,14.09,14.09,0,Mixed,6015.0,"10 Oct, 2023",Turn 10,Sports,"Racing, Automobile Sim, Multiplayer, Driving, Simulation",Windows,2026-09-02T10:41:46.909367,5,Premium Blockbusters,8.702177865629675
2749950,Esports Manager 2026,7.59,7.59,0,Mixed,694.0,"6 Jul, 2026",Neurona Games,Sports,"eSports, Management, Simulation, Strategy, Team-Based",Windows,2026-09-02T10:41:48.959587,3,Niche / Emerging Titles,6.543911845564792
1205970,MX vs ATV Legends,19.99,19.99,0,Very Positive,3115.0,"28 Jun, 2022",Rainbow Studios,Sports,"Racing, Sports, Arcade, First-Person, 3D",Windows,2026-09-02T10:41:51.193670,5,Premium Blockbusters,8.044305406990638
442120,Pinball FX Classic,0.0,0.0,0,Very Positive,3202.0,"26 Sep, 2017",Zen Studios,Sports,"Pinball, Free to Play, Arcade, Simulation, Casual",Windows,2026-09-02T10:41:52.745412,0,Free-to-Play Powerhouses,8.071843149609158
3601450,Vegas Craps by Pokerist,0.0,0.0,0,Mostly Positive,64.0,"23 Jun, 2025",KamaGames Entertainment Group Limited,Sports,"Free to Play, Gambling, Multiplayer, Immersive, Touch-Friendly","Windows, Mac",2026-09-02T10:41:54.661200,2,Free-to-Play Powerhouses (2),4.174387269895637
2423660,3D PUZZLE - LAST OF CITY,20.69299999999982,20.69299999999982,0,Mostly Positive,14.0,"23 May, 2023",PUZZLE Games,Sports,"Action, Adventure, Casual, Racing, RPG","Windows, Mac, Linux",2026-09-02T10:41:56.926274,4,Premium / AAA,2.70805020110221
3244710,Archaeology - Post-Apocalypse,20.69299999999982,20.69299999999982,0,Positive,10.0,"2 Nov, 2024",ArchaeologyGames,Sports,"Action, Adventure, Casual, Racing, RPG","Windows, Mac, Linux",2026-09-02T10:41:57.925720,4,Premium / AAA,2.3978952727983707
2973570,Hidden Haunted Town Top-Down 3D,20.69299999999982,20.69299999999982,0,Positive,12.0,"22 May, 2024",Top-Down Games,Sports,"Action, Adventure, Casual, Racing, RPG","Windows, Mac, Linux",2026-09-02T10:42:00.003643,4,Premium / AAA,2.5649493574615367
2973560,3D PUZZLE - Old Sea Port,20.69299999999982,20.69299999999982,0,Positive,11.0,"22 May, 2024",PUZZLE Games,Sports,"Action, Adventure, Casual, Racing, RPG","Windows, Mac, Linux",2026-09-02T10:42:01.957951,4,Premium / AAA,2.4849066497880004
2973540,3D PUZZLE - Hospital 2,20.69299999999982,20.69299999999982,0,Positive,11.0,"27 May, 2024",PUZZLE Games,Sports,"Action, Adventure, Casual, Racing, RPG","Windows, Mac, Linux",2026-09-02T10:42:03.126649,4,Premium / AAA,2.4849066497880004
3385430,Archaeology - Sand Fantasy,20.69299999999982,20.69299999999982,0,Positive,13.0,"19 Dec, 2024",ArchaeologyGames,Sports,"Action, Adventure, Casual, Racing, RPG","Windows, Mac, Linux",2026-09-02T10:42:04.803681,4,Premium / AAA,2.6390573296152584
2947760,Hidden Vintage House Top-Down 3D,20.69299999999982,20.69299999999982,0,Positive,10.0,"22 May, 2024",Top-Down Games,Sports,"Action, Casual, Adventure, RPG, Racing","Windows, Mac, Linux",2026-09-02T10:42:07.142737,4,Premium / AAA,2.3978952727983707
3269620,Archaeology - Frozen Knights,20.69299999999982,20.69299999999982,0,Positive,11.0,"25 Nov, 2024",ArchaeologyGames,Sports,"Action, Adventure, Casual, Racing, RPG","Windows, Mac, Linux",2026-09-02T10:42:07.792200,4,Premium / AAA,2.4849066497880004
3746520,ROOM FOOTBALL - Dark Place,20.69299999999982,20.69299999999982,0,Positive,11.0,"11 Jun, 2025",Hede,Sports,"Action, Adventure, Casual, Racing, Simulation","Windows, Mac, Linux",2026-09-02T10:42:10.119465,4,Premium / AAA,2.4849066497880004
2973550,3D PUZZLE - Hospital 3,20.69299999999982,20.69299999999982,0,Positive,10.0,"27 May, 2024",PUZZLE Games,Sports,"Action, Adventure, Casual, RPG, Simulation","Windows, Mac, Linux",2026-09-02T10:42:12.409961,4,Premium / AAA,2.3978952727983707
3517310,Archaeology - Grass Kingdom,20.69299999999982,20.69299999999982,0,Positive,10.0,"10 Mar, 2025",ArchaeologyGames,Sports,"Action, Adventure, Casual, Racing, RPG",Windows,2026-09-02T10:42:14.264709,4,Premium / AAA,2.3978952727983707
2878310,Hidden Pirates Top-Down 3D,20.69299999999982,20.69299999999982,0,Positive,12.0,"28 Mar, 2024",Top-Down Games,Sports,"Action, Casual, Adventure, Racing, RPG","Windows, Mac, Linux",2026-09-02T10:42:15.790735,4,Premium / AAA,2.5649493574615367
3746510,3D PUZZLE - Mountain Life,20.69299999999982,20.69299999999982,0,Positive,10.0,"15 Oct, 2025",PUZZLE Games,Sports,"Casual, RPG, Simulation, Sports, Strategy",Windows,2026-09-02T10:42:16.792541,4,Premium / AAA,2.3978952727983707
3525880,How Much Items - Vehicles,20.69299999999982,20.69299999999982,0,Positive,10.0,"12 Mar, 2025",Hede,Sports,"Action, Adventure, Casual, Simulation, Sports","Windows, Mac, Linux",2026-09-02T10:42:18.657698,4,Premium / AAA,2.3978952727983707
3517270,ROOM FOOTBALL - Royale Lands,20.69299999999982,20.69299999999982,0,Positive,10.0,"12 Mar, 2025",Hede,Sports,"Action, Adventure, Casual, Racing, RPG","Windows, Mac, Linux",2026-09-02T10:42:20.658858,4,Premium / AAA,2.3978952727983707
3165300,Tanks Logic Puzzle,20.69299999999982,20.69299999999982,0,Positive,11.0,"24 Sep, 2024",Hede,Sports,"Action, Adventure, Casual, Racing, RPG","Windows, Mac, Linux",2026-09-02T10:42:23.493255,4,Premium / AAA,2.4849066497880004
3612770,ROOM FOOTBALL - Sun Shrine,11.96,11.96,0,Positive,11.0,"25 Apr, 2025",Hede,Sports,"Action, Adventure, Casual, Sports, Arcade","Windows, Mac, Linux",2026-09-02T10:42:24.651192,3,Niche / Emerging Titles,2.4849066497880004
1927710,Supreme Race on Highway,20.69299999999982,20.69299999999982,0,,0.0,"21 Mar, 2022",Gamesforgames,Sports,"Racing, Choose Your Own Adventure, Exploration, Sports, 3D Platformer",Windows,2026-09-02T10:42:26.008879,4,Premium / AAA,0.0
3214780,3D PUZZLE - Colonial Graveyard,20.69299999999982,20.69299999999982,0,,0.0,"24 Sep, 2024",PUZZLE Games,Sports,"Action, Adventure, Casual, Action RPG, Action-Adventure","Windows, Mac, Linux",2026-09-02T10:42:28.075341,4,Premium / AAA,0.0
3602120,ROOM FOOTBALL - Apocalyptic Wasteland,20.69299999999982,20.69299999999982,0,,0.0,"9 Apr, 2025",Hede,Sports,"Action, Adventure, Casual, Action-Adventure, Beat 'em up","Windows, Mac, Linux",2026-09-02T10:42:30.080271,4,Premium / AAA,0.0
3660810,ROOM FOOTBALL - Abandoned Factory,20.69299999999982,20.69299999999982,0,,0.0,"23 May, 2025",Hede,Sports,"Action, Casual, Arcade, Beat 'em up, 3D Platformer","Windows, Mac, Linux",2026-09-02T10:42:31.904084,4,Premium / AAA,0.0
3120300,3D PUZZLE - Pizza Shop 1,20.69299999999982,20.69299999999982,0,Positive,10.0,"19 Aug, 2024",PUZZLE Games,Sports,"Action, Casual, Action-Adventure, Arcade, Beat 'em up","Windows, Mac, Linux",2026-09-02T10:42:33.033885,4,Premium / AAA,2.3978952727983707
2756860,3D PUZZLE - Factory,20.69299999999982,20.69299999999982,0,Mixed,13.0,"22 Jan, 2024",Aztech,Sports,"Action, Adventure, Casual, Racing, RPG","Windows, Mac, Linux",2026-09-02T10:42:34.244002,4,Premium / AAA,2.6390573296152584
2466850,3D PUZZLE - Battle Royal,20.69299999999982,20.69299999999982,0,Mixed,13.0,"5 Jul, 2023",PUZZLE Games,Sports,"Action, Adventure, Casual, Racing, RPG","Windows, Mac, Linux",2026-09-02T10:42:36.249900,4,Premium / AAA,2.6390573296152584
3214800,3D PUZZLE - Gas Station,20.69299999999982,20.69299999999982,0,Positive,10.0,"20 Oct, 2024",PUZZLE Games,Sports,"Action, Adventure, Casual, Racing, RPG","Windows, Mac, Linux",2026-09-02T10:42:38.860537,4,Premium / AAA,2.3978952727983707
698340,沙漠飞车 Desert Racer,20.69299999999982,20.69299999999982,0,,0.0,"22 Sep, 2017","Shenzhen Blaz Information Technology Co., Ltd.",Sports,"Racing, Sports",Windows,2026-09-02T10:42:39.596745,4,Premium / AAA,0.0
2994020,Puck,0.0,0.0,0,Very Positive,4045.0,"4 Jan, 2025",NS7,Sports,"Sports, Multiplayer, Hockey, Physics, Free to Play","Windows, Mac, Linux",2026-09-02T10:42:40.961411,0,Free-to-Play Powerhouses,8.305484017727691
3970110,Snooker Blitz,0.0,0.0,0,Mixed,125.0,"13 Apr, 2026",Cherry Pop Games,Sports,"Simulation, Sports, Snooker, Casual, Arcade",Windows,2026-09-02T10:42:42.337314,2,Free-to-Play Powerhouses (2),4.836281906951478
4216710,Jackpot Valley Slots,0.0,0.0,0,Mixed,74.0,"17 Feb, 2026",KamaGames Entertainment Group Limited,Sports,"Casual, Simulation, Sports, Strategy, 2D","Windows, Mac",2026-09-02T10:42:44.425967,2,Free-to-Play Powerhouses (2),4.31748811353631
3942580,Pool Blitz,0.0,0.0,0,Mostly Positive,82.0,"13 Apr, 2026",CherryPop Games,Sports,"Sports, Simulation, Arcade, Billiards, Multiplayer",Windows,2026-09-02T10:42:46.176272,2,Free-to-Play Powerhouses (2),4.418840607796598
522230,The Fishing Club 3D: Co-op Sport Angling,0.0,0.0,0,Mostly Positive,647.0,"23 Mar, 2017",Robot Riot UG (haftungsbeschränkt),Sports,"Fishing, Sports, Multiplayer, Co-op, PvP",Windows,2026-09-02T10:42:47.325575,0,Free-to-Play Powerhouses,6.473890696352274
3760100,8 Ball by Pokerist™,0.0,0.0,0,Mostly Positive,109.0,"16 Jun, 2026",KamaGames Entertainment Group Limited,Sports,"Casual, Sports, Billiards, Simulation, Multiplayer","Windows, Mac",2026-09-02T10:42:49.558766,2,Free-to-Play Powerhouses (2),4.700480365792417
2564660,Frontline 1942: Battles of the World War 2,0.0,0.0,0,Mixed,1285.0,"14 Nov, 2023",XDEVS LTD,Sports,"Action, Simulation, Sports, MMORPG, MOBA","Windows, Mac, Linux",2026-09-02T10:42:50.526093,0,Free-to-Play Powerhouses,7.1592919047975645
3042650,Race Max Pro,0.0,0.0,0,Mostly Positive,374.0,"15 Apr, 2026",Revani,Sports,"Racing, Sports, Driving, PvP, PvE","Windows, Mac",2026-09-02T10:42:52.408336,2,Free-to-Play Powerhouses (2),5.926926025970411
844960,Pro 11 - Football Manager Game,0.0,0.0,0,Mostly Positive,363.0,"13 Feb, 2020",Trophy Games ApS,Sports,"Sports, Strategy, Simulation, Free to Play, Football (Soccer)",Windows,2026-09-02T10:42:55.077186,2,Free-to-Play Powerhouses (2),5.8971538676367405
2590150,Faaast Penguin,0.0,0.0,0,Mostly Positive,1758.0,"20 Sep, 2024",historia Inc.,Sports,"Free to Play, Online Co-Op, Co-op, Multiplayer, Action",Windows,2026-09-02T10:42:56.526093,0,Free-to-Play Powerhouses,7.472500744737558
3664010,Drift Legends 2,0.0,0.0,0,Mostly Positive,655.0,"5 Jun, 2025",Black Fox Entertainment,Sports,"Racing, Sports, Multiplayer, Automobile Sim, Arcade","Windows, Linux",2026-09-02T10:42:59.026528,0,Free-to-Play Powerhouses,6.486160788944089
3601420,Casino Roulette: Roulettist,0.0,0.0,0,Mostly Positive,209.0,"22 May, 2025",KamaGames Entertainment Group Limited,Sports,"Free to Play, Gambling, Multiplayer, Immersive, Touch-Friendly","Windows, Mac",2026-09-02T10:42:59.908629,2,Free-to-Play Powerhouses (2),5.3471075307174685
1178160,Blackjack Championship,0.0,0.0,0,Mixed,1758.0,"25 Aug, 2020",BBstudio Inc.,Sports,"Free to Play, Massively Multiplayer, Indie, Sports, Multiplayer","Windows, Mac",2026-09-02T10:43:01.673753,0,Free-to-Play Powerhouses,7.472500744737558
339610,Freestyle 2: Street Basketball,0.0,0.0,0,Mixed,6966.0,"1 Apr, 2015",JOYCITY,Sports,"Basketball, Sports, PvP, Time Management, Real Time Tactics",Windows,2026-09-02T10:43:04.196510,0,Free-to-Play Powerhouses,8.848939995030118
670290,Real Pool 3D - Poolians,0.0,0.0,0,Mostly Positive,3988.0,"4 Jan, 2018",Poolians.com,Sports,"Billiards, Sports, Multiplayer, Free to Play, Simulation",Windows,2026-09-02T10:43:05.141874,0,Free-to-Play Powerhouses,8.291295851905407
4321720,Speedway Challenge 2026,0.0,0.0,0,Very Positive,330.0,"2 Apr, 2026",Artur Berkowski Berobasket,Sports,"Sports, Racing, eSports, Arcade, 3D",Windows,2026-09-02T10:43:06.924906,2,Free-to-Play Powerhouses (2),5.802118375377063
1278060,FPV SkyDive : FPV Drone Simulator,0.0,0.0,0,Very Positive,1841.0,"31 May, 2021",ORQA,Sports,"Flight, Exploration, Racing, Sports, Education","Windows, Mac, Linux",2026-09-02T10:43:08.726497,0,Free-to-Play Powerhouses,7.518607216815252
1173370,Slapshot: Rebound,0.0,0.0,0,Very Positive,9141.0,"11 Apr, 2024",Oddshot Games,Sports,"Multiplayer, Hockey, Sports, Physics, eSports",Windows,2026-09-02T10:43:10.758365,0,Free-to-Play Powerhouses,9.12063445889169
2753000,GOALS,0.0,0.0,0,Mostly Negative,2499.0,"4 Jun, 2026",GOALS,Sports,"Sports, Football (Soccer), Free to Play, Multiplayer, eSports",Windows,2026-09-02T10:43:12.852345,0,Free-to-Play Powerhouses,7.824046010856292
3801380,Dragon Ace Casino,0.0,0.0,0,Mixed,24.0,"17 Oct, 2025",GameSpring Inc.,Sports,"Free to Play, Casual, Card Game, Massively Multiplayer, Simulation","Windows, Mac",2026-09-02T10:43:14.590751,2,Free-to-Play Powerhouses (2),3.2188758248682006
2021910,FPS Chess,0.0,0.0,0,Very Positive,30812.0,"16 Jul, 2022",Meta Fork,Sports,"FPS, PvP, Free to Play, Multiplayer, Shooter","Windows, Linux",2026-09-02T10:43:15.857947,0,Free-to-Play Powerhouses,10.335691957833914
1138190,Poker Championship,0.0,0.0,0,Mostly Positive,2108.0,"25 Sep, 2019",BBstudio Inc.,Sports,"Poker, Card Game, Multiplayer, PvP, Free to Play","Windows, Mac",2026-09-02T10:43:17.589604,0,Free-to-Play Powerhouses,7.653969180478774
444930,Zaccaria Pinball,0.0,0.0,0,Mostly Positive,1359.0,"16 Oct, 2025",Magic Pixel Kft.,Sports,"Free to Play, Simulation, Casual, Action, Sports","Windows, Mac, Linux",2026-09-02T10:43:20.124969,0,Free-to-Play Powerhouses,7.215239978730097
3818350,Pro Eleven,0.0,0.0,0,Mixed,93.0,"6 Mar, 2026",DONTEL,Sports,"Sports, eSports, Football (Soccer), Team-Based, Multiplayer",Windows,2026-09-02T10:43:21.605990,2,Free-to-Play Powerhouses (2),4.543294782270004
3217240,Soccer Manager 2026,0.0,0.0,0,Mostly Positive,716.0,"23 Oct, 2024",Invincibles Studio Ltd,Sports,"Football (Soccer), Free to Play, Simulation, Management, Sports",Windows,2026-09-02T10:43:23.823874,0,Free-to-Play Powerhouses,6.57507584059962
3594780,Blackjack 21: Blackjackist,0.0,0.0,0,Mostly Positive,1008.0,"29 Apr, 2025",KamaGames Entertainment Group Limited,Sports,"Card Game, Gambling, Multiplayer, Board Game, PvE","Windows, Mac",2026-09-02T10:43:25.440235,0,Free-to-Play Powerhouses,6.9167150203536085
994910,"Poker Master - Texas Hold'em, Roulette, Blackjack, Baccarat, Omaha, Slots, Teen Patti, Mahjong, Landlord, Showhand, Bullfighting, Chinese poker",0.0,0.0,0,Mixed,435.0,"24 Sep, 2020",NGIN LIMITED,Sports,"Free to Play, Solitaire, Gambling, Multiplayer, Strategy","Windows, Mac, Linux",2026-09-02T10:43:27.423266,2,Free-to-Play Powerhouses (2),6.077642243349034
1537830,Disney Speedstorm,0.0,0.0,0,Mixed,3380.0,"28 Sep, 2023",Gameloft,Sports,"Racing, Multiplayer, Action, Combat Racing, Arcade",Windows,2026-09-02T10:43:29.308036,0,Free-to-Play Powerhouses,8.125926802707886
1952920,Strikers Club,0.0,0.0,0,Mostly Positive,1723.0,"17 Jul, 2026",Oddshot Games,Sports,"Early Access, Football (Soccer), Multiplayer, Sports, PvP",Windows,2026-09-02T10:43:31.206825,0,Free-to-Play Powerhouses,7.452402451223638
1182020,WGT Golf,0.0,0.0,0,Mixed,2472.0,"13 Apr, 2020","World Golf Tour, LLC",Sports,"Free to Play, Sports, Simulation, Multiplayer, Golf","Windows, Mac",2026-09-02T10:43:32.838281,0,Free-to-Play Powerhouses,7.813187267521416
3673150,Vegas Casino & Slots: Slottist,0.0,0.0,0,Mixed,533.0,"5 Aug, 2025",KamaGames Entertainment Group Limited,Sports,"Free to Play, Gambling, Multiplayer, Immersive, Touch-Friendly","Windows, Mac",2026-09-02T10:43:34.758254,2,Free-to-Play Powerhouses (2),6.280395838960195
3983810,The Spike Cross,0.0,0.0,0,Very Positive,820.0,"19 Sep, 2025",SUNCYAN Inc.,Sports,"Sports, Volleyball, Free to Play, Singleplayer, Story Rich",Windows,2026-09-02T10:43:36.577217,0,Free-to-Play Powerhouses,6.710523109452428
4042800,Poker Fate - Anime Girls Texas Hold'em,0.0,0.0,0,Mixed,573.0,"4 Jan, 2026",©7 Points Digital Tech Limited,Sports,"Casual, Strategy, Sexual Content, Card Game, Solitaire",Windows,2026-09-02T10:43:38.324557,2,Free-to-Play Powerhouses (2),6.352629396319567
3271000,SEGA FOOTBALL CLUB CHAMPIONS,0.0,0.0,0,Mostly Negative,724.0,"22 Jan, 2026",SEGA,Sports,"Simulation, Sports, Football (Soccer), 2D, 3D",Windows,2026-09-02T10:43:40.242812,0,Free-to-Play Powerhouses,6.586171654854675
1292630,3on3 FreeStyle: Rebound,0.0,0.0,0,Mixed,2531.0,"15 Jul, 2020",Joycity,Sports,"Basketball, Team-Based, PvP, Third-Person Shooter, Online Co-Op",Windows,2026-09-02T10:43:42.058890,0,Free-to-Play Powerhouses,7.836764783264067
1815780,Asphalt Legends,0.0,0.0,0,Very Positive,7939.0,"2 Aug, 2022",Gameloft,Sports,"Racing, Free to Play, Multiplayer, Controller, Driving","Windows, Mac",2026-09-02T10:43:44.093729,0,Free-to-Play Powerhouses,8.979668554241181
2569510,MLB 9 Innings Rivals 26,0.0,0.0,0,Mostly Positive,1740.0,"18 Mar, 2025",Com2uS,Sports,"Sports, Free to Play, Baseball, Controller, Multiplayer",Windows,2026-09-02T10:43:46.093836,0,Free-to-Play Powerhouses,7.462214939768189
3354750,skate.,0.0,0.0,0,Mixed,40274.09999999998,"16 Sep, 2025",Full Circle,Sports,"Multiplayer, Skateboarding, Free to Play, Controller, Action",Windows,2026-09-02T10:43:48.208433,0,Free-to-Play Powerhouses,10.603488690971949
1954420,Riichi City - Japanese Mahjong,0.0,0.0,0,Mostly Positive,965.0,"8 Sep, 2022","Formirai Co., Ltd.",Sports,"Sexual Content, Mahjong, Casual, Anime, Thriller","Windows, Mac, Linux",2026-09-02T10:43:49.892037,0,Free-to-Play Powerhouses,6.873163834212518
211500,RaceRoom Racing Experience,0.0,0.0,0,Mostly Positive,11728.0,"12 Feb, 2013",KW Studios,Sports,"Free to Play, Racing, Automobile Sim, Realistic, Multiplayer",Windows,2026-09-02T10:43:51.384156,0,Free-to-Play Powerhouses,9.369819686521504
3917090,Assetto Corsa Rally,10.49,10.49,0,Very Positive,4170.0,"13 Nov, 2025",Supernova Games Studios,Sports,"Racing, Automobile Sim, Early Access, Physics, Singleplayer",Windows,2026-09-02T10:43:53.958716,1,Popular Mid-Range,8.335911094196945
690790,DiRT Rally 2.0,8.49,8.49,0,Very Positive,18816.0,"25 Feb, 2019",Codemasters,Sports,"Racing, Automobile Sim, Simulation, Multiplayer, VR",Windows,2026-09-02T10:43:56.026860,1,Popular Mid-Range,9.842515995544645
4045750,Out of the Park Baseball 27,15.99,15.99,0,Very Positive,452.0,"13 Mar, 2026",Out of the Park Developments,Sports,"Simulation, Sports, Strategy, Sandbox, Baseball","Windows, Mac",2026-09-02T10:43:57.710095,5,Premium Blockbusters,6.115892125483034
1588550,Cairn,10.49,10.49,0,Very Positive,9581.0,"29 Jan, 2026",The Game Bakers,Sports,"Stylized, Indie, Difficult, Exploration, Adventure",Windows,2026-09-02T10:43:59.044598,1,Popular Mid-Range,9.167641617443067
4517460,Total Football Online,0.0,0.0,0,Mixed,1068.0,"11 Jun, 2026",GALA SPORTS,Sports,"Sports, Simulation, Football (Soccer), Multiplayer, Strategy",Windows,2026-09-02T10:44:00.446251,0,Free-to-Play Powerhouses,6.974478911025045
1846380,Need for Speed™ Unbound,20.69299999999982,20.69299999999982,0,Mixed,20954.0,"2 Dec, 2022",Criterion Games,Sports,"Racing, Multiplayer, Open World, Driving, Singleplayer",Windows,2026-09-02T10:44:01.841725,5,Premium Blockbusters,9.950132560359172
2290180,Riders Republic,20.69299999999982,20.69299999999982,0,Very Positive,7622.0,"8 Jun, 2023",Ubisoft Annecy,Sports,"Racing, Open World, Sports, Massively Multiplayer, Multiplayer",Windows,2026-09-02T10:44:03.557032,5,Premium Blockbusters,8.938925271988273
3483740,Cast n Chill,6.99,6.99,0,Overwhelmingly Positive,5116.0,"16 Jun, 2025",Wombat Brawler,Sports,"Pixel Graphics, Relaxing, Fishing, Idler, Cozy","Windows, Mac",2026-09-02T10:44:06.090828,1,Popular Mid-Range,8.540323608805092
3058630,Assetto Corsa EVO,20.69299999999982,20.69299999999982,0,Mixed,8710.0,"16 Jan, 2025",KUNOS Simulazioni,Sports,"Racing, Simulation, Automobile Sim, Sports, Driving",Windows,2026-09-02T10:44:07.591610,5,Premium Blockbusters,9.072341873818893
436150,Governor of Poker 3,0.0,0.0,0,Mixed,6490.0,"19 Feb, 2016",Playtika Ltd.,Sports,"Gambling, Card Game, Free to Play, Multiplayer, Sports","Windows, Mac",2026-09-02T10:44:09.256564,0,Free-to-Play Powerhouses,8.778171881033469
3174070,Texas Hold'em Poker: Pokerist,0.0,0.0,0,Mostly Positive,529.0,"18 Feb, 2025",KamaGames Entertainment Group Limited,Sports,"Poker, Card Game, Casual, Sports, PvP","Windows, Mac",2026-09-02T10:44:10.974094,2,Free-to-Play Powerhouses (2),6.272877006546167
1222680,Need for Speed™ Heat,20.69299999999982,20.69299999999982,0,Very Positive,40274.09999999998,"4 Jun, 2020",Ghost Games,Sports,"Racing, Multiplayer, Open World, Driving, Singleplayer",Windows,2026-09-02T10:44:13.028869,5,Premium Blockbusters,10.603488690971949
431240,Golf With Your Friends,6.99,6.99,0,Very Positive,37285.0,"19 May, 2020",Blacklight Interactive,Sports,"Multiplayer, Casual, Mini Golf, Sports, Golf","Windows, Mac, Linux",2026-09-02T10:44:14.007301,1,Popular Mid-Range,10.526373200055406
2799860,INAZUMA ELEVEN: Victory Road,20.69299999999982,20.69299999999982,0,Very Positive,2017.0,"13 Nov, 2025",LEVEL5 Inc.,Sports,"Sports, Football (Soccer), RPG, Anime, PvP",Windows,2026-09-02T10:44:15.858277,5,Premium Blockbusters,7.609862200913554
2172910,CAPTAIN TSUBASA 2: WORLD FIGHTERS,20.69299999999982,20.69299999999982,0,Mixed,250.0,"27 Aug, 2026",TAMSOFT CORPORATION,Sports,"Action, Sports, 3D, Third Person, Football (Soccer)",Windows,2026-09-02T10:44:17.040670,4,Premium / AAA,5.5254529391317835
960170,DJMAX RESPECT V,20.69299999999982,20.69299999999982,0,Very Positive,4193.0,"11 Mar, 2020",NEOWIZ,Sports,"Rhythm, Music, Casual, Anime, Action",Windows,2026-09-02T10:44:18.990332,5,Premium Blockbusters,8.341410211461865
3717070,WWE 2K26,20.69299999999982,20.69299999999982,0,Mixed,1646.0,"12 Mar, 2026",Visual Concepts,Sports,"Simulation, Sports, 3D Fighter, Wrestling, Sandbox",Windows,2026-09-02T10:44:20.273644,5,Premium Blockbusters,7.4067107301776405
1066890,Automobilista 2,12.99,12.99,0,Very Positive,5632.0,"30 Jun, 2020",Reiza Studios,Sports,"Racing, Simulation, Sports, Automobile Sim, VR","Windows, Linux",2026-09-02T10:44:21.915421,1,Popular Mid-Range,8.636397438894713
805550,Assetto Corsa Competizione,20.69299999999982,20.69299999999982,0,Very Positive,14605.0,"29 May, 2019",Kunos Simulazioni,Sports,"Racing, Automobile Sim, Simulation, Multiplayer, VR",Windows,2026-09-02T10:44:23.756175,5,Premium Blockbusters,9.589187682180055
3551340,Football Manager 26,20.69299999999982,20.69299999999982,0,Mostly Negative,9234.0,"4 Nov, 2025",Sports Interactive,Sports,"Simulation, Sports, Strategy, Football (Soccer), Management","Windows, Mac",2026-09-02T10:44:25.057892,5,Premium Blockbusters,9.13075589263334
3935020,Backyard Baseball,12.99,12.99,0,Very Positive,1156.0,"9 Jul, 2026",Mega Cat Studios,Sports,"Sports, Baseball, PvP, Arcade, eSports","Windows, Mac",2026-09-02T10:44:27.155889,1,Popular Mid-Range,7.053585727193677
2385530,PGA TOUR 2K25,17.99,17.99,0,Mixed,3425.0,"28 Feb, 2025",HB Studios,Sports,"Sports, Golf, Simulation, Realistic, Character Customization",Windows,2026-09-02T10:44:29.307440,5,Premium Blockbusters,8.139148678884066
244210,Assetto Corsa,8.19,8.19,0,Very Positive,40274.09999999998,"19 Dec, 2014",Kunos Simulazioni,Sports,"Racing, Automobile Sim, Simulation, Multiplayer, Driving",Windows,2026-09-02T10:44:31.023855,1,Popular Mid-Range,10.603488690971949
2399420,Le Mans Ultimate,20.69299999999982,20.69299999999982,0,Mostly Positive,6721.0,"22 Jul, 2025",Studio 397,Sports,"Racing, Automobile Sim, Multiplayer, Driving, Realistic",Windows,2026-09-02T10:44:33.075317,5,Premium Blockbusters,8.81314100828505
3472040,NBA 2K26,20.69299999999982,20.69299999999982,0,Mostly Positive,13643.0,"5 Sep, 2025",Visual Concepts,Sports,"Sports, Basketball, Simulation, Multiplayer, 3D",Windows,2026-09-02T10:44:35.173253,5,Premium Blockbusters,9.521055143538536
4128400,eBaseball™: PRO SPIRIT,0.0,0.0,0,Mostly Positive,1544.0,"4 Mar, 2026",KONAMI,Sports,"Action, Sports, Baseball, eSports, PvP",Windows,2026-09-02T10:44:37.073584,0,Free-to-Play Powerhouses,7.3427791893318455
518790,theHunter: Call of the Wild™,8.19,8.19,0,Very Positive,40274.09999999998,"16 Feb, 2017",Expansive Worlds,Sports,"Hunting, Open World, Multiplayer, Nature, Relaxing",Windows,2026-09-02T10:44:38.189791,1,Popular Mid-Range,10.603488690971949
3059520,F1® 25,20.69299999999982,20.69299999999982,0,Very Positive,10045.0,"3 Jun, 2026",Codemasters,Sports,"Racing, Sports, Multiplayer, Driving, Simulation",Windows,2026-09-02T10:44:40.065161,5,Premium Blockbusters,9.21492982430999
3940610,EA SPORTS™ Madden NFL 27,20.69299999999982,20.69299999999982,0,Mostly Negative,602.0,"13 Aug, 2026",Tiburon,Sports,"Simulation, Strategy, Football (American), Sports, Competitive",Windows,2026-09-02T10:44:42.126011,5,Premium Blockbusters,6.401917196727186
1289670,EA Play,5.99,5.99,0,Mixed,12.0,"31 Aug, 2020",Electronic Arts,Sports,"Sports, Shooter, Multiplayer, RTS, Racing",Windows,2026-09-02T10:44:43.598721,3,Niche / Emerging Titles,2.5649493574615367
4032350,EA SPORTS™ College Football 27,20.69299999999982,20.69299999999982,0,Mostly Negative,2333.0,"9 Jul, 2026",Tiburon,Sports,"Simulation, Sports, Competitive, Multiplayer, Football (American)",Windows,2026-09-02T10:44:45.740033,5,Premium Blockbusters,7.755338812846501
3405690,EA SPORTS FC™ 26,20.69299999999982,20.69299999999982,0,Mixed,29144.0,"25 Sep, 2025",EA Canada,Sports,"Football (Soccer), Multiplayer, Sports, Controller, Simulation",Windows,2026-09-02T10:44:47.418167,5,Premium Blockbusters,10.28003865047965
4080220,EA SPORTS FC™ 27,20.69299999999982,20.69299999999982,0,,0.0,"24 Sep, 2026",EA CANADA,Sports,"Sports, Football (Soccer), Multiplayer, Singleplayer, Open World",Windows,2026-09-02T10:44:48.696765,4,Premium / AAA,0.0
2226870,I Frog-ot,0.0,0.0,0,Overwhelmingly Positive,761.0,"16 Dec, 2022",Krabby Games,Free to Play,"Horror, Cute, Funny, Multiple Endings, Choices Matter",Windows,2026-09-02T11:48:18.560739,0,Free-to-Play Powerhouses,6.635946555686647
1806840,100 hidden frogs,0.0,0.0,0,Overwhelmingly Positive,4799.0,"15 Nov, 2021",Anatoliy Loginovskikh,Free to Play,"Free to Play, Hidden Object, Cute, Hand-drawn, Puzzle",Windows,2026-09-02T11:48:20.077448,0,Free-to-Play Powerhouses,8.476371196895983
2881230,100 Funny Cats,0.0,0.0,0,Overwhelmingly Positive,1710.0,"1 Apr, 2024",100 Cozy Games,Free to Play,"Free to Play, Casual, Cats, Hidden Object, Comedy",Windows,2026-09-02T11:48:22.393994,0,Free-to-Play Powerhouses,7.444833273892193
3419430,Bongo Cat,0.0,0.0,0,Overwhelmingly Positive,29118.0,"5 Mar, 2025",Irox Games,Free to Play,"Desktop Companion, Cats, Free to Play, Cute, Idler","Windows, Mac",2026-09-02T11:48:23.644100,0,Free-to-Play Powerhouses,10.279146161061627
2690970,垃圾桶军团,0.0,0.0,0,Overwhelmingly Positive,1713.0,"24 Jan, 2024",房子猫,Free to Play,"Casual, Tower Defense, 2D, Cute, Funny",Windows,2026-09-02T11:48:24.644051,0,Free-to-Play Powerhouses,7.446585099157725
2933290,[Nightmare Files] Clap Clap,0.0,0.0,0,Overwhelmingly Positive,2872.0,"4 Jun, 2024",Raycastly,Free to Play,"Horror, Free to Play, Psychological Horror, Adventure, Atmospheric",Windows,2026-09-02T11:48:25.876950,0,Free-to-Play Powerhouses,7.96311205897929
1275640,Coloring Game 3,0.0,0.0,0,Overwhelmingly Positive,1531.0,"17 Apr, 2020",L. Stotch,Free to Play,"Free to Play, Casual, Indie, Pixel Graphics, Singleplayer",Windows,2026-09-02T11:48:27.394228,0,Free-to-Play Powerhouses,7.3343293503005365
3590010,Robot Hospice,0.0,0.0,0,Very Positive,98.0,"10 Jun, 2026",dokogames,Free to Play,"Indie, Emotional, Pixel Graphics, Story Rich, Interactive Fiction","Windows, Mac",2026-09-02T11:48:30.544039,2,Free-to-Play Powerhouses (2),4.59511985013459
2363530,Kemono Friends Opening Day,0.0,0.0,0,Very Positive,101.0,"28 Apr, 2023",snow in the library,Free to Play,"Adventure, Visual Novel, Anime, 2D, Sci-fi","Windows, Mac, Linux",2026-09-02T11:48:33.677153,2,Free-to-Play Powerhouses (2),4.624972813284271
4034190,For the Fish in the Bottle,0.0,0.0,0,Very Positive,131.0,"1 Jun, 2026",makina game,Free to Play,"Point & Click, Puzzle, Escape Room, Short, Hand-drawn",Windows,2026-09-02T11:48:36.910526,2,Free-to-Play Powerhouses (2),4.882801922586371
3689660,Night Patrol Rules,0.0,0.0,0,Very Positive,249.0,"24 Aug, 2025",Te.Sa,Free to Play,"Word Game, Adventure, Puzzle, Visual Novel, Psychological Horror",Windows,2026-09-02T11:48:39.110486,2,Free-to-Play Powerhouses (2),5.521460917862246
2872930,project canvas 〜ヰ世界情緒育成計画〜,0.0,0.0,0,Very Positive,485.0,"1 Apr, 2024","ENTERGRAM,INC.",Free to Play,"Adventure, Casual, Visual Novel, Dating Sim, Exploration",Windows,2026-09-02T11:48:44.377318,2,Free-to-Play Powerhouses (2),6.186208623900494
2803660,Deepwell,0.0,0.0,0,Very Positive,53.0,"6 Mar, 2024",LinsonLime,Free to Play,"Adventure, Interactive Fiction, Exploration, 2D, Pixel Graphics",Windows,2026-09-02T11:48:46.010122,2,Free-to-Play Powerhouses (2),3.9889840465642745
4006140,Trail of Stars,0.0,0.0,0,Very Positive,59.0,"13 Nov, 2025",ENDYSIS,Free to Play,"Romance, Visual Novel, Medieval, Atmospheric, Dark Fantasy","Windows, Mac, Linux",2026-09-02T11:48:50.093669,2,Free-to-Play Powerhouses (2),4.0943445622221
3903190,The Bygone Days of Her and the Flowers,0.0,0.0,0,Very Positive,232.0,"14 Aug, 2025",luern0313,Free to Play,"Visual Novel, Detective, Mystery, Anime, Story Rich","Windows, Mac, Linux",2026-09-02T11:48:52.372701,2,Free-to-Play Powerhouses (2),5.4510384535657
3086720,One's Own Exile,0.0,0.0,0,Very Positive,484.0,"15 May, 2025",Updog Software,Free to Play,"Adventure, Story Rich, Multiple Endings, Emotional, Dark",Windows,2026-09-02T11:48:58.077106,2,Free-to-Play Powerhouses (2),6.184148890937483
4659620,Touhou Koumakyou: New Classic - the Embodiment of Scarlet Devil,9.95,9.95,0,Overwhelmingly Positive,1351.0,"9 Sep, 2026",上海アリス幻樂団,Action,"Bullet Hell, Shoot 'Em Up, Female Protagonist, Difficult, Action, Faith",Windows,,1,Popular Mid-Range,7.20934025660291
3547270,Worming from Home,3.74,3.74,0,Overwhelmingly Positive,693.0,"4 Sep, 2026",Zach Northrop,Action,"Simulation, Funny, Sandbox, Physics, Comedy, Casual","Windows, Mac",,3,Niche / Emerging Titles,6.542471960506805
2233770,"The Thief, the Witch, the Toad, and the Mushroom.",0.0,0.0,0,Overwhelmingly Positive,791.0,"22 Mar, 2024",Jack McNamee,Adventure,"Choose Your Own Adventure, Interactive Fiction, Visual Novel, Dating Sim, 2D, Text-Based",Windows,,0,Free-to-Play Powerhouses,6.674561391814426
1148350,The Powder Toy,0.0,0.0,0,Overwhelmingly Positive,2311.0,"14 Jun, 2024",The Powder Toy Team,Simulation,"Simulation, Sandbox, 2D, Pixel Graphics, Physics, Singleplayer","Windows, Mac, Linux",,0,Free-to-Play Powerhouses,7.7458682297922685
4258770,Dread Fields,1.49,1.49,0,Overwhelmingly Positive,521.0,"28 May, 2026",Podoba Interactive,Simulation,"Horror, Multiple Endings, Farming Sim, First-Person, Cute, Mystery","Windows, Mac, Linux",,2,Free-to-Play Powerhouses (2),6.257667587882639
850190,Goat Simulator 3,10.49,10.49,0,Overwhelmingly Positive,5721.0,"15 Feb, 2024",Coffee Stain North,Simulation,"Physics, Sandbox, Exploration, Open World, Simulation, Character Customization",Windows,,1,Popular Mid-Range,8.652073673610056
1999360,Placid Plastic Duck Simulator,1.49,1.49,0,Overwhelmingly Positive,12332.0,"6 Jul, 2022",turbolento games,Simulation,"Cute, Relaxing, Collectathon, Physics, 3D, Casual",Windows,,0,Free-to-Play Powerhouses,9.420033875565988
2207440,LOK Digital,4.19,4.19,0,Overwhelmingly Positive,502.0,"11 Dec, 2024",Letibus Design,Indie,"Hand-drawn, Puzzle, Logic, Cute, Word Game, Casual","Windows, Mac",,3,Niche / Emerging Titles,6.220590170099739
447530,VA-11 Hall-A: Cyberpunk Bartender Action,6.99,6.99,0,Overwhelmingly Positive,12069.0,"21 Jun, 2016",Sukeban Games,Simulation,"Cyberpunk, Visual Novel, Pixel Graphics, Story Rich, Female Protagonist, Dystopian","Windows, Linux",,1,Popular Mid-Range,9.398478314091577
270880,American Truck Simulator,10.84,10.84,0,Overwhelmingly Positive,40274.09999999998,"2 Feb, 2016",SCS Software,Simulation,"Automobile Sim, Driving, Open World, Simulation, Transportation, Realistic","Windows, Mac, Linux",,1,Popular Mid-Range,10.603488690971949
3584920,Chinese Street Food Legend,2.69,2.69,0,Overwhelmingly Positive,521.0,"14 Aug, 2026",HoHo Game Studio,Simulation,"Cooking, Funny, Story Rich, Memes, Wholesome, Shop Keeper",Windows,,2,Free-to-Play Powerhouses (2),6.257667587882639
2204900,STREET UNi X,8.19,8.19,0,Very Positive,78.0,"26 Jun, 2024",daffodil & friends,Sports,"Skateboarding, Arcade, BMX, Parkour, Platformer, Retro",Windows,,3,Niche / Emerging Titles,4.3694478524670215
2435310,Stunt Paradise,4.49,4.49,0,Very Positive,89.0,"21 Mar, 2024",Brinemedia,Sports,"Racing, Driving, Platformer, Physics, Indie, Sports","Windows, Mac",,3,Niche / Emerging Titles,4.499809670330265
1860350,Dream Swing,2.19,2.19,0,Very Positive,124.0,"20 Jul, 2023",Tolga Ay,Sports,"Precision Platformer, Indie, Relaxing, First-Person, FPS, 3D Platformer",Windows,,2,Free-to-Play Powerhouses (2),4.8283137373023015
1996470,Skator Gator 3D,4.99,4.99,0,Very Positive,176.0,"31 Aug, 2023",Weathered Sweater,Sports,"3D Platformer, Collectathon, Short, Action, Family Friendly, Skateboarding",Windows,,3,Niche / Emerging Titles,5.176149732573829
422110,Wand Wars,6.19,6.19,0,Very Positive,183.0,"13 Apr, 2016",Moonradish Inc.,Sports,"Sports, PvP, Bullet Hell, Co-op, Competitive, 4 Player Local","Windows, Mac, Linux",,3,Niche / Emerging Titles,5.214935757608986
1924180,Phantom Spark,8.19,8.19,0,Very Positive,207.0,"15 Aug, 2024",Ghosts,Sports,"Sports, PvP, Flight, Racing, Atmospheric, Driving","Windows, Mac",,3,Niche / Emerging Titles,5.337538079701318
3170410,Backyard Soccer '98,5.49,5.49,0,Very Positive,212.0,"27 Nov, 2024",Mega Cat Studios,Sports,"Sports, Football (Soccer), Casual, Arcade, Cute, Simulation",Windows,,3,Niche / Emerging Titles,5.3612921657094255
1604240,Sumotori Dreams Classic,2.99,2.99,0,Very Positive,269.0,"3 May, 2021",Peter Soltesz,Sports,"Sports, 3D Fighter, 3D, Funny, Colorful, Physics",Windows,,2,Free-to-Play Powerhouses (2),5.598421958998375
3201570,VR Sailing,4.49,4.49,0,Very Positive,306.0,"15 Oct, 2024",HFRK.,Sports,"Racing, Simulation, Sailing, Sports, Action, Casual",Windows,,3,Niche / Emerging Titles,5.726847747587197
1142810,Toasterball,5.49,5.49,0,Very Positive,324.0,"3 May, 2023",Les Crafteurs,Sports,"Indie, Local Multiplayer, Local Co-Op, Physics, Funny, 4 Player Local",Windows,,3,Niche / Emerging Titles,5.783825182329737
2173760,Super Video Golf,5.49,5.49,0,Very Positive,341.0,"2 Feb, 2023",Trederia,Sports,"Sports, 3D, 4 Player Local, Colorful, Relaxing, Multiplayer","Windows, Linux",,3,Niche / Emerging Titles,5.834810737062605
3653250,Sporting Goods Shop,3.34,3.34,0,Very Positive,91.0,"11 Sep, 2026",Business Tycoon,Sports,"Life Sim, Shop Keeper, Simulation, Sports, Online Co-Op, Design & Illustration",Windows,,2,Free-to-Play Powerhouses (2),4.5217885770490405
1711400,排球入门指南,0.9,0.9,0,Very Positive,98.0,"16 Sep, 2021",多巴胺军火商,Sports,"Sports, Arcade, 2D Platformer, Minimalist, Linear, Multiplayer",Windows,,2,Free-to-Play Powerhouses (2),4.59511985013459
897800,Arcane Golf,2.19,2.19,0,Very Positive,56.0,"26 Jul, 2018",FromLefcourt,Sports,"Puzzle, Mini Golf, Pixel Graphics, Physics, Sports, Casual",Windows,,2,Free-to-Play Powerhouses (2),4.04305126783455
4573210,Klifur,3.29,3.29,0,Very Positive,59.0,"14 May, 2026",My Little Computer Friends,Sports,"Sports, Casual, Arcade, 2D, Cartoony, Stylized","Windows, Mac, Linux",,2,Free-to-Play Powerhouses (2),4.0943445622221
2983250,AIR,10.49,10.49,0,Overwhelmingly Positive,634.0,"5 Mar, 2025",VISUAL ARTS/Key,Simulation,"Adventure, Casual, Simulation, Visual Novel, Dating Sim, 2D Platformer",Windows,,1,Popular Mid-Range,6.453624998892692
1688580,A YEAR OF SPRINGS,2.99,2.99,0,Overwhelmingly Positive,914.0,"28 Sep, 2021",npckc,Simulation,"Visual Novel, LGBTQ+, Story Rich, Relaxing, Atmospheric, Cute","Windows, Mac, Linux",,0,Free-to-Play Powerhouses,6.818924065275521
3464370,Sani Yang's Laboratory,6.36,6.36,0,Overwhelmingly Positive,1065.0,"29 Sep, 2025","TALESSHOP Co., Ltd.",Simulation,"Simulation, Dating Sim, Visual Novel, 2D, Anime, 3D",Windows,,1,Popular Mid-Range,6.97166860472579
2144590,"Take me, Vitaly",3.49,3.49,0,Overwhelmingly Positive,1136.0,"11 Nov, 2024",Старый Билд,Simulation,"Horror, Dark Humor, Sexual Content, Memes, Stealth, Dark Comedy","Windows, Mac",,0,Free-to-Play Powerhouses,7.036148493750536
3186040,拖拖拉拉小菲镇,1.29,1.29,0,Overwhelmingly Positive,1521.0,"29 Aug, 2025",LuzhangGames,Simulation,"Casual, Idler, Funny, Cute, Incremental, City Builder",Windows,,0,Free-to-Play Powerhouses,7.3277805384216315
2836460,Cozy Marbles,6.29,6.29,0,Very Positive,103.0,"20 Aug, 2026",Pixel Pea Games,Racing,"Sandbox, Building, Decorating, Organizing, Design & Illustration, Automation",Windows,,3,Niche / Emerging Titles,4.6443908991413725
1198510,Paperball,3.99,3.99,0,Very Positive,202.0,"27 Mar, 2020",Cliax Games,Racing,"Indie, Action, Arcade, Time Attack, Racing, Platformer",Windows,,3,Niche / Emerging Titles,5.313205979041787
2704280,Fractured Horizon,0.0,0.0,0,Very Positive,100.0,"10 Apr, 2024",Rune van der Lei,Racing,"Adventure, Casual, Action-Adventure, 3D Platformer, Platformer, Runner",Windows,,2,Free-to-Play Powerhouses (2),4.61512051684126
1300600,Blind Drive,5.49,5.49,0,Very Positive,352.0,"10 Mar, 2021",Lo-Fi People,Racing,"Action, Arcade, Immersive, Story Rich, Short, Funny","Windows, Mac",,3,Niche / Emerging Titles,5.8664680569332965
1862020,HoverRace,0.0,0.0,0,Very Positive,74.0,"7 Feb, 2022",GrokkSoft,Racing,"Racing, Multiplayer, Arcade, Level Editor, 1990's, Old School",Windows,,2,Free-to-Play Powerhouses (2),4.31748811353631
1503530,Minit Fun Racer,1.89,1.89,0,Very Positive,253.0,"18 Feb, 2021",JW,Racing,"Action, Adventure, Racing, Action-Adventure, Arcade, Automobile Sim",Windows,,2,Free-to-Play Powerhouses (2),5.537334267018537
3491280,The Zone - FPV Drone Simulator,6.79,6.79,0,Very Positive,383.0,"7 Mar, 2025",Nils Vollenbruch (@nils vo),Racing,"Simulation, Racing, 3D, First-Person, Flight, Controller","Windows, Mac, Linux",,3,Niche / Emerging Titles,5.950642552587727
4262610,Wannabe Galgame God!!!,0.0,0.0,0,Overwhelmingly Positive,1561.0,"10 Apr, 2026",Noctella Observatory,Free to Play,"Sexual Content, Visual Novel, Dark Humor, Anime, Hentai, Cute",Windows,,0,Free-to-Play Powerhouses,7.3537223303996315
1067310,Gravitas,0.0,0.0,0,Overwhelmingly Positive,3933.0,"23 Aug, 2019",Galaxy Shark Studios,Free to Play,"Free to Play, Puzzle, Puzzle Platformer, Singleplayer, Indie, First-Person",Windows,,0,Free-to-Play Powerhouses,8.277411998949004
1469280,SuchArt: Creative Space,0.0,0.0,0,Overwhelmingly Positive,2516.0,"21 Jan, 2021",Goose Minded,Free to Play,"Simulation, Free to Play, Sandbox, Singleplayer, First-Person, Realistic",Windows,,0,Free-to-Play Powerhouses,7.830822995135316
2771670,Psychopomp,0.0,0.0,0,Overwhelmingly Positive,3879.0,"30 Jan, 2024",Fading Club,Free to Play,"Psychological Horror, Horror, Free to Play, First-Person, Atmospheric, Dungeon Crawler",Windows,,0,Free-to-Play Powerhouses,8.263590432617319
2415010,A Date with Death,0.0,0.0,0,Overwhelmingly Positive,11012.0,"7 Dec, 2023",Two and a Half Studios,Free to Play,"Dating Sim, Visual Novel, LGBTQ+, Romance, Otome, Free to Play","Windows, Mac, Linux",,0,Free-to-Play Powerhouses,9.306831672164943
1985690,The Looker,0.0,0.0,0,Overwhelmingly Positive,12614.0,"17 Jun, 2022",Subcreation Studio,Free to Play,"Puzzle, Parody, Comedy, Funny, Exploration, First-Person","Windows, Mac",,0,Free-to-Play Powerhouses,9.442641861075158
2263010,Pineapple on pizza,0.0,0.0,0,Overwhelmingly Positive,10772.0,"28 Mar, 2023",Majorariatto,Free to Play,"Free to Play, Short, Exploration, Dark Comedy, Singleplayer, First-Person","Windows, Mac, Linux",,0,Free-to-Play Powerhouses,9.284798282894192
2171690,Handshakes,0.0,0.0,0,Overwhelmingly Positive,1873.0,"13 Jan, 2023",Pet Pumpkin,Free to Play,"Puzzle, Sokoban, Casual, 2D, Cute, Free to Play","Windows, Mac, Linux",,0,Free-to-Play Powerhouses,7.535830462798367
1581580,The Legend of Bear-Truck Trucker,2.99,2.99,0,Very Positive,52.0,"30 Apr, 2021",Captain Games,Racing,"Simulation, Automobile Sim, Life Sim, Collectathon, Exploration, Time Management",Windows,,2,Free-to-Play Powerhouses (2),3.970291913552122
